State,District,Market,Commodity,Variety,Grade,Arrival_Date,Min_x0020_Price,Max_x0020_Price,Modal_x0020_Price
Andhra Pradesh,Guntur,Pidugurala(Palnadu),Dry Chillies,Red,FAQ,30-04-2025,8000,12500,10800
Haryana,Gurgaon,Gurgaon,Banana,Other,Large,30-04-2025,2000,3000,2500
Haryana,Gurgaon,Gurgaon,Cabbage,Other,FAQ,30-04-2025,1000,1200,1100
Haryana,Gurgaon,Gurgaon,Carrot,Other,FAQ,30-04-2025,1000,2000,1500
Haryana,Gurgaon,Gurgaon,Tomato,Other,FAQ,30-04-2025,800,1000,900
Haryana,Gurgaon,Gurgaon,Water Melon,Other,Large,30-04-2025,700,900,800
Himachal Pradesh,Kangra,Kangra(Jaisinghpur),Capsicum,Capsicum,FAQ,30-04-2025,3000,3400,3200
Himachal Pradesh,Kangra,Kangra(Jaisinghpur),Carrot,Carrot,FAQ,30-04-2025,1800,2000,1900
Himachal Pradesh,Kangra,Kangra(Jaisinghpur),Peas Wet,Peas Wet,FAQ,30-04-2025,5500,6000,5700
Himachal Pradesh,Kangra,Kangra(Jaisinghpur),Pineapple,Other,Medium,30-04-2025,4800,5200,5000
Himachal Pradesh,Kangra,Palampur,Bitter gourd,Other,FAQ,30-04-2025,2000,2500,2200
Himachal Pradesh,Kangra,Palampur,Capsicum,Capsicum,FAQ,30-04-2025,2800,3000,2900
Himachal Pradesh,Kangra,Palampur,Colacasia,Colacasia,FAQ,30-04-2025,5000,5500,5200
Himachal Pradesh,Kangra,Palampur,Coriander(Leaves),Coriander,FAQ,30-04-2025,4800,5000,4900
Himachal Pradesh,Kangra,Palampur,Garlic,Average,FAQ,30-04-2025,10000,11000,10500
Himachal Pradesh,Kangra,Palampur,Karbuja(Musk Melon),Karbhuja,Medium,30-04-2025,2800,3200,3000
Himachal Pradesh,Kangra,Palampur,Mango,Safeda,Medium,30-04-2025,7000,8000,7500
Himachal Pradesh,Kangra,Palampur,Pomegranate,Other,Medium,30-04-2025,9000,9500,9200
Himachal Pradesh,Kangra,Palampur,Spinach,Spinach,FAQ,30-04-2025,2000,2500,2200
Himachal Pradesh,Kangra,Palampur,Tomato,Tomato,FAQ,30-04-2025,2000,2200,2100
Kerala,Alappuzha,Harippad,Capsicum,Other,FAQ,30-04-2025,7000,7600,7000
Kerala,Alappuzha,Harippad,Carrot,Other,FAQ,30-04-2025,6000,6500,6000
Kerala,Alappuzha,Harippad,Onion,Big,FAQ,30-04-2025,2000,2500,2000
Kerala,Kottayam,Pampady,Ashgourd,Other,FAQ,30-04-2025,2000,3500,3000
Kerala,Kottayam,Pampady,Brinjal,Brinjal,FAQ,30-04-2025,2500,4500,3500
Kerala,Kottayam,Pampady,Cowpea(Veg),Other,FAQ,30-04-2025,4500,5500,5000
Kerala,Kottayam,Pampady,Cucumbar(Kheera),Other,FAQ,30-04-2025,1500,2500,2000
Kerala,Kottayam,Pampady,Drumstick,Other,FAQ,30-04-2025,2300,4000,3500
Kerala,Kottayam,Pampady,Ginger(Green),Green Ginger,FAQ,30-04-2025,7500,8500,8000
Kerala,Kottayam,Pampady,Pumpkin,Pumpkin,FAQ,30-04-2025,1800,3500,2500
Kerala,Kottayam,Pampady,Snakeguard,Other,FAQ,30-04-2025,1800,3500,2500
Kerala,Pathanamthitta,Kalanjoor  VFPCK,Banana,Nendra Bale,Large,30-04-2025,4500,7500,5200
Kerala,Pathanamthitta,Mezhuveli  VFPCK,Banana,Red Banana,Large,30-04-2025,4000,5000,4700
Kerala,Pathanamthitta,Pramadom VFPCK,Banana,Poovan,Large,30-04-2025,3200,4500,3800
Kerala,Wayanad,Kalpetta,Bhindi(Ladies Finger),Other,FAQ,30-04-2025,2200,2300,2300
Madhya Pradesh,Bhind,Gohad,Wheat,Wheat,FAQ,30-04-2025,2410,2410,2410
Maharashtra,Raigad,Alibagh,Rice,Other,Local,30-04-2025,2500,2700,2600
Odisha,Boudh,Boudh,Bhindi(Ladies Finger),Other,FAQ,30-04-2025,2800,3200,3000
Odisha,Boudh,Boudh,Potato,Other,FAQ,30-04-2025,1500,2500,2000
Odisha,Boudh,Khunthabandha,Bhindi(Ladies Finger),Other,FAQ,30-04-2025,2000,3000,2500
Odisha,Boudh,Khunthabandha,Cabbage,Other,FAQ,30-04-2025,1500,2500,2000
Odisha,Boudh,Khunthabandha,Cauliflower,Other,FAQ,30-04-2025,2500,3500,3000
Odisha,Jagatsinghpur,Rahama,Rice,Other,FAQ,30-04-2025,2800,6000,3200
Odisha,Sundergarh,Panposh,Brinjal,Other,FAQ,30-04-2025,2000,2600,2300
Punjab,Amritsar,Rayya,Onion,Red,Non-FAQ,30-04-2025,1800,1800,1800
Punjab,Amritsar,Rayya,Potato,Other,FAQ,30-04-2025,1200,1200,1200
Punjab,Amritsar,Rayya,Potato,Other,Non-FAQ,30-04-2025,900,900,900
Punjab,Amritsar,Rayya,Raddish,Other,FAQ,30-04-2025,500,500,500
Tamil Nadu,Ariyalur,Ariyalur(Uzhavar Sandhai),Banana - Green,Banana - Green,Local,30-04-2025,3000,3200,3200
Tamil Nadu,Ariyalur,Ariyalur(Uzhavar Sandhai),Beetroot,Beetroot,Local,30-04-2025,2400,2800,2800
Tamil Nadu,Ariyalur,Ariyalur(Uzhavar Sandhai),Bitter gourd,Bitter Gourd,Local,30-04-2025,3400,3400,3400
Tamil Nadu,Ariyalur,Ariyalur(Uzhavar Sandhai),Drumstick,Drumstick,Local,30-04-2025,3400,3400,3400
Tamil Nadu,Ariyalur,Ariyalur(Uzhavar Sandhai),Snakeguard,Snakeguard,Local,30-04-2025,2800,3000,3000
Tamil Nadu,Ariyalur,Ariyalur(Uzhavar Sandhai),Tomato,Deshi,Local,30-04-2025,1800,2000,2000
Tamil Nadu,Ariyalur,Jeyankondam (Uzhavar Sandhai ),Bitter gourd,Bitter Gourd,Local,30-04-2025,3000,4000,4000
Tamil Nadu,Ariyalur,Jeyankondam (Uzhavar Sandhai ),Green Chilli,Green Chilly,Local,30-04-2025,3500,3500,3500
Tamil Nadu,Ariyalur,Jeyankondam (Uzhavar Sandhai ),Onion Green,Onion Green,Local,30-04-2025,4000,4500,4500
Tamil Nadu,Chengalpattu,Chengalpet(Uzhavar Sandhai ),Amaranthus,Amaranthus,Local,30-04-2025,1500,2000,2000
Tamil Nadu,Chengalpattu,Chengalpet(Uzhavar Sandhai ),Beans,Beans (Whole),Local,30-04-2025,5500,7000,7000
Tamil Nadu,Chengalpattu,Chengalpet(Uzhavar Sandhai ),Carrot,Pusakesar,Local,30-04-2025,3000,4500,4500
Tamil Nadu,Chengalpattu,Chengalpet(Uzhavar Sandhai ),Green Avare (W),Avare (W),Local,30-04-2025,4000,5000,5000
Tamil Nadu,Chengalpattu,Chengalpet(Uzhavar Sandhai ),Lemon,Lemon,Local,30-04-2025,13000,14000,14000
Tamil Nadu,Chengalpattu,Chengalpet(Uzhavar Sandhai ),Mint(Pudina),Mint(Pudina),Local,30-04-2025,2500,3500,3500
Tamil Nadu,Chengalpattu,Chengalpet(Uzhavar Sandhai ),Onion,Bellary,Local,30-04-2025,2000,3000,3000
Tamil Nadu,Chengalpattu,Chengalpet(Uzhavar Sandhai ),Potato,(Red Nanital),Local,30-04-2025,2500,3500,3500
Tamil Nadu,Chengalpattu,Chengalpet(Uzhavar Sandhai ),Raddish,Raddish,Local,30-04-2025,2000,3000,3000
Tamil Nadu,Chengalpattu,Madhuranthagam(Uzhavar Sandhai ),Cabbage,Cabbage,Local,30-04-2025,1500,2000,2000
Tamil Nadu,Chengalpattu,Madhuranthagam(Uzhavar Sandhai ),Snakeguard,Snakeguard,Local,30-04-2025,2500,3000,3000
Tamil Nadu,Chengalpattu,Madhuranthagam(Uzhavar Sandhai ),Tender Coconut,Tender Coconut,Local,30-04-2025,2500,3000,3000
Tamil Nadu,Chengalpattu,Madhuranthagam(Uzhavar Sandhai ),Tomato,Deshi,Local,30-04-2025,1500,2000,2000
Tamil Nadu,Chengalpattu,Medavakkam(Uzhavar Sandhai ),Banana - Green,Banana - Green,Local,30-04-2025,2200,2800,2800
Tamil Nadu,Chengalpattu,Medavakkam(Uzhavar Sandhai ),Brinjal,Round,Local,30-04-2025,3800,4200,4200
Tamil Nadu,Chengalpattu,Medavakkam(Uzhavar Sandhai ),Green Chilli,Green Chilly,Local,30-04-2025,4000,4500,4500
Tamil Nadu,Chengalpattu,Medavakkam(Uzhavar Sandhai ),Mint(Pudina),Mint(Pudina),Local,30-04-2025,1800,2200,2200
Tamil Nadu,Chengalpattu,Medavakkam(Uzhavar Sandhai ),Tomato,Deshi,Local,30-04-2025,2000,2200,2200
Tamil Nadu,Chengalpattu,Pallavaram(Uzhavar Sandhai ),Banana,Besrai,Local,30-04-2025,4000,6000,6000
Tamil Nadu,Chengalpattu,Pallavaram(Uzhavar Sandhai ),Bhindi(Ladies Finger),Bhindi,Local,30-04-2025,3500,4000,4000
Tamil Nadu,Chengalpattu,Pallavaram(Uzhavar Sandhai ),Bitter gourd,Bitter Gourd,Local,30-04-2025,4500,5000,5000
Tamil Nadu,Chengalpattu,Pallavaram(Uzhavar Sandhai ),Drumstick,Drumstick,Local,30-04-2025,3000,6000,6000
Tamil Nadu,Chengalpattu,Pallavaram(Uzhavar Sandhai ),Green Avare (W),Avare (W),Local,30-04-2025,4500,5000,5000
Tamil Nadu,Chengalpattu,Pallavaram(Uzhavar Sandhai ),Knool Khol,Knool Khol,Local,30-04-2025,3500,4000,4000
Tamil Nadu,Chengalpattu,Pallavaram(Uzhavar Sandhai ),Onion Green,Onion Green,Local,30-04-2025,5000,6000,6000
Tamil Nadu,Chengalpattu,Pallavaram(Uzhavar Sandhai ),Potato,(Red Nanital),Local,30-04-2025,3500,4000,4000
Tamil Nadu,Chengalpattu,Pallavaram(Uzhavar Sandhai ),Pumpkin,Pumpkin,Local,30-04-2025,1500,2000,2000
Tamil Nadu,Chengalpattu,Pallavaram(Uzhavar Sandhai ),Sweet Potato,Hosur Red,Local,30-04-2025,3500,4000,4000
Tamil Nadu,Chengalpattu,Thirukalukundram(Uzhavar Sandhai ),Amaranthus,Amaranthus,Local,30-04-2025,2000,2500,2500
Tamil Nadu,Chengalpattu,Thirukalukundram(Uzhavar Sandhai ),Amla(Nelli Kai),Amla,Local,30-04-2025,8000,8500,8500
Tamil Nadu,Chengalpattu,Thirukalukundram(Uzhavar Sandhai ),Bottle gourd,Bottle Gourd,Local,30-04-2025,2000,3000,3000
Tamil Nadu,Chengalpattu,Thirukalukundram(Uzhavar Sandhai ),Brinjal,Round,Local,30-04-2025,2500,3000,3000
Tamil Nadu,Chengalpattu,Thirukalukundram(Uzhavar Sandhai ),Cluster beans,Cluster Beans,Local,30-04-2025,3000,4000,4000
Tamil Nadu,Chengalpattu,Thirukalukundram(Uzhavar Sandhai ),Green Chilli,Green Chilly,Local,30-04-2025,3000,3500,3500
Tamil Nadu,Chengalpattu,Thirukalukundram(Uzhavar Sandhai ),Mango (Raw-Ripe),Mango - Raw-Ripe,Local,30-04-2025,2000,3000,3000
Tamil Nadu,Chengalpattu,Thirukalukundram(Uzhavar Sandhai ),Thondekai,Thondekai,Local,30-04-2025,4000,5000,5000
Tamil Nadu,Chengalpattu,Thirukalukundram(Uzhavar Sandhai ),Tomato,Deshi,Local,30-04-2025,1000,1500,1500
Tamil Nadu,Coimbatore,Kurichi(Uzhavar Sandhai ),Banana,Besrai,Local,30-04-2025,3000,6000,6000
Tamil Nadu,Coimbatore,Kurichi(Uzhavar Sandhai ),Bhindi(Ladies Finger),Bhindi,Local,30-04-2025,3000,3600,3600
Tamil Nadu,Coimbatore,Kurichi(Uzhavar Sandhai ),Bitter gourd,Bitter Gourd,Local,30-04-2025,4000,5000,5000
Tamil Nadu,Coimbatore,Kurichi(Uzhavar Sandhai ),Green Chilli,Green Chilly,Local,30-04-2025,3200,3600,3600
Tamil Nadu,Coimbatore,Kurichi(Uzhavar Sandhai ),Raddish,Raddish,Local,30-04-2025,2000,2500,2500
Tamil Nadu,Coimbatore,Kurichi(Uzhavar Sandhai ),Ridgeguard(Tori),Ridgeguard(Tori),Local,30-04-2025,4000,4500,4500
Tamil Nadu,Coimbatore,Kurichi(Uzhavar Sandhai ),Tomato,Deshi,Local,30-04-2025,1500,1800,1800
Tamil Nadu,Coimbatore,Mettupalayam(Uzhavar Sandhai ),Bitter gourd,Bitter Gourd,Local,30-04-2025,4500,5000,5000
Tamil Nadu,Coimbatore,Mettupalayam(Uzhavar Sandhai ),Drumstick,Drumstick,Local,30-04-2025,3200,3600,3600
Tamil Nadu,Coimbatore,Mettupalayam(Uzhavar Sandhai ),Ginger(Green),Green Ginger,Local,30-04-2025,3200,3600,3600
Tamil Nadu,Coimbatore,Mettupalayam(Uzhavar Sandhai ),Guava,Guava Alahabad,Local,30-04-2025,5500,6000,6000
Tamil Nadu,Coimbatore,Mettupalayam(Uzhavar Sandhai ),Onion Green,Onion Green,Local,30-04-2025,3000,3400,3400
Tamil Nadu,Coimbatore,Mettupalayam(Uzhavar Sandhai ),Pumpkin,Pumpkin,Local,30-04-2025,1400,1800,1800
Tamil Nadu,Coimbatore,Mettupalayam(Uzhavar Sandhai ),Ridgeguard(Tori),Ridgeguard(Tori),Local,30-04-2025,3600,4000,4000
Tamil Nadu,Coimbatore,Mettupalayam(Uzhavar Sandhai ),Tender Coconut,Tender Coconut,Local,30-04-2025,2500,3000,3000
Tamil Nadu,Coimbatore,Mettupalayam(Uzhavar Sandhai ),Water Melon,Water Melon,Local,30-04-2025,1000,1500,1500
Tamil Nadu,Coimbatore,Mettupalayam(Uzhavar Sandhai ),Yam (Ratalu),Yam (Ratalu),Local,30-04-2025,6000,6500,6500
Tamil Nadu,Coimbatore,Pollachi(Uzhavar Sandhai ),Amaranthus,Amaranthus,Local,30-04-2025,3000,3600,3600
Tamil Nadu,Coimbatore,Pollachi(Uzhavar Sandhai ),Banana,Besrai,Local,30-04-2025,5000,9000,9000
Tamil Nadu,Coimbatore,Pollachi(Uzhavar Sandhai ),Beans,Beans (Whole),Local,30-04-2025,7000,8000,8000
Tamil Nadu,Coimbatore,Pollachi(Uzhavar Sandhai ),Bitter gourd,Bitter Gourd,Local,30-04-2025,3500,4000,4000
Tamil Nadu,Coimbatore,Pollachi(Uzhavar Sandhai ),Cauliflower,Ranchi,Local,30-04-2025,2000,2500,2500
Tamil Nadu,Coimbatore,Pollachi(Uzhavar Sandhai ),Chow Chow,Chow Chow,Local,30-04-2025,2000,2500,2500
Tamil Nadu,Coimbatore,Pollachi(Uzhavar Sandhai ),Cowpea(Veg),Cowpea (Veg),Local,30-04-2025,1000,2000,2000
Tamil Nadu,Coimbatore,Pollachi(Uzhavar Sandhai ),Guava,Guava Alahabad,Local,30-04-2025,4000,5000,5000
Tamil Nadu,Coimbatore,RSPuram(Uzhavar Sandhai ),Amaranthus,Amaranthus,Local,30-04-2025,1500,3400,3400
Tamil Nadu,Coimbatore,RSPuram(Uzhavar Sandhai ),Amla(Nelli Kai),Amla,Local,30-04-2025,6000,7000,7000
Tamil Nadu,Coimbatore,RSPuram(Uzhavar Sandhai ),Apple,American,Local,30-04-2025,14000,22000,22000
Tamil Nadu,Coimbatore,RSPuram(Uzhavar Sandhai ),Banana,Besrai,Local,30-04-2025,4000,7500,7500
Tamil Nadu,Coimbatore,RSPuram(Uzhavar Sandhai ),Coriander(Leaves),I Sort,Local,30-04-2025,5500,6000,6000
Tamil Nadu,Coimbatore,RSPuram(Uzhavar Sandhai ),Custard Apple (Sharifa),Custard Apple(Sharifa),Local,30-04-2025,4500,5000,5000
Tamil Nadu,Coimbatore,RSPuram(Uzhavar Sandhai ),Green Peas,Green Peas,Local,30-04-2025,14000,15000,15000
Tamil Nadu,Coimbatore,RSPuram(Uzhavar Sandhai ),Karbuja(Musk Melon),Karbhuja,Local,30-04-2025,3000,4000,4000
Tamil Nadu,Coimbatore,RSPuram(Uzhavar Sandhai ),Mint(Pudina),Mint(Pudina),Local,30-04-2025,2000,2400,2400
Tamil Nadu,Coimbatore,RSPuram(Uzhavar Sandhai ),Onion Green,Onion Green,Local,30-04-2025,2800,3300,3300
Tamil Nadu,Coimbatore,RSPuram(Uzhavar Sandhai ),Pineapple,Pine Apple,Local,30-04-2025,5000,5800,5800
Tamil Nadu,Coimbatore,RSPuram(Uzhavar Sandhai ),Tender Coconut,Tender Coconut,Local,30-04-2025,3200,3500,3500
Tamil Nadu,Coimbatore,RSPuram(Uzhavar Sandhai ),Water Melon,Water Melon,Local,30-04-2025,1000,1500,1500
Tamil Nadu,Coimbatore,RSPuram(Uzhavar Sandhai ),Yam (Ratalu),Yam (Ratalu),Local,30-04-2025,8000,8600,8600
Tamil Nadu,Coimbatore,Singanallur(Uzhavar Sandhai ),Beetroot,Beetroot,Local,30-04-2025,4500,5000,5000
Tamil Nadu,Coimbatore,Singanallur(Uzhavar Sandhai ),Cluster beans,Cluster Beans,Local,30-04-2025,2500,3000,3000
Tamil Nadu,Coimbatore,Singanallur(Uzhavar Sandhai ),Indian Beans (Seam),Indian Beans (Seam),Local,30-04-2025,5000,5400,5400
Tamil Nadu,Coimbatore,Singanallur(Uzhavar Sandhai ),Lemon,Lemon,Local,30-04-2025,10000,12000,12000
Tamil Nadu,Coimbatore,Singanallur(Uzhavar Sandhai ),Mint(Pudina),Mint(Pudina),Local,30-04-2025,2000,2500,2500
Tamil Nadu,Coimbatore,Sulur(Uzhavar Sandhai ),Amaranthus,Amaranthus,Local,30-04-2025,2000,3000,3000
Tamil Nadu,Coimbatore,Sulur(Uzhavar Sandhai ),Amla(Nelli Kai),Amla,Local,30-04-2025,6600,7000,7000
Tamil Nadu,Coimbatore,Sulur(Uzhavar Sandhai ),Ashgourd,Gouard,Local,30-04-2025,1200,1400,1400
Tamil Nadu,Coimbatore,Sulur(Uzhavar Sandhai ),Beetroot,Beetroot,Local,30-04-2025,4000,5000,5000
Tamil Nadu,Coimbatore,Sulur(Uzhavar Sandhai ),Capsicum,Capsicum,Local,30-04-2025,4600,5000,5000
Tamil Nadu,Coimbatore,Sulur(Uzhavar Sandhai ),Carrot,Pusakesar,Local,30-04-2025,3000,3400,3400
Tamil Nadu,Coimbatore,Sulur(Uzhavar Sandhai ),Coriander(Leaves),I Sort,Local,30-04-2025,5600,6000,6000
Tamil Nadu,Coimbatore,Sulur(Uzhavar Sandhai ),Cucumbar(Kheera),Cucumbar,Local,30-04-2025,2000,2600,2600
Tamil Nadu,Coimbatore,Sulur(Uzhavar Sandhai ),Garlic,Average,Local,30-04-2025,12500,13500,13500
Tamil Nadu,Coimbatore,Sulur(Uzhavar Sandhai ),Mint(Pudina),Mint(Pudina),Local,30-04-2025,2200,2500,2500
Tamil Nadu,Coimbatore,Sulur(Uzhavar Sandhai ),Raddish,Raddish,Local,30-04-2025,2000,2500,2500
Tamil Nadu,Coimbatore,Sulur(Uzhavar Sandhai ),Ridgeguard(Tori),Ridgeguard(Tori),Local,30-04-2025,3600,4000,4000
Tamil Nadu,Coimbatore,Sulur(Uzhavar Sandhai ),Snakeguard,Snakeguard,Local,30-04-2025,2000,2400,2400
Tamil Nadu,Coimbatore,Udumalpet,Amaranthus,Amaranthus,Local,30-04-2025,2600,3000,3000
Tamil Nadu,Coimbatore,Udumalpet,Ashgourd,Gouard,Local,30-04-2025,1000,1400,1400
Tamil Nadu,Coimbatore,Udumalpet,Beans,Beans (Whole),Local,30-04-2025,8000,8800,8800
Tamil Nadu,Coimbatore,Udumalpet,Carrot,Pusakesar,Local,30-04-2025,4000,4500,4500
Tamil Nadu,Coimbatore,Udumalpet,Chikoos(Sapota),Sapota,Local,30-04-2025,3000,3500,3500
Tamil Nadu,Coimbatore,Udumalpet,Chow Chow,Chow Chow,Local,30-04-2025,2000,2400,2400
Tamil Nadu,Coimbatore,Udumalpet,Cluster beans,Cluster Beans,Local,30-04-2025,2400,2600,2600
Tamil Nadu,Coimbatore,Udumalpet,Cowpea(Veg),Cowpea (Veg),Local,30-04-2025,2000,2400,2400
Tamil Nadu,Coimbatore,Udumalpet,Drumstick,Drumstick,Local,30-04-2025,3000,3600,3600
Tamil Nadu,Coimbatore,Udumalpet,Green Avare (W),Avare (W),Local,30-04-2025,7000,7400,7400
Tamil Nadu,Coimbatore,Udumalpet,Lemon,Lemon,Local,30-04-2025,10000,13000,13000
Tamil Nadu,Coimbatore,Udumalpet,Mango (Raw-Ripe),Mango - Raw-Ripe,Local,30-04-2025,3000,3500,3500
Tamil Nadu,Coimbatore,Udumalpet,Onion,Bellary,Local,30-04-2025,2400,2600,2600
Tamil Nadu,Coimbatore,Vadavalli(Uzhavar Sandhai ),Carrot,Pusakesar,Local,30-04-2025,3000,3600,3600
Tamil Nadu,Coimbatore,Vadavalli(Uzhavar Sandhai ),Raddish,Raddish,Local,30-04-2025,2400,2800,2800
Tamil Nadu,Coimbatore,Vadavalli(Uzhavar Sandhai ),Sweet Potato,Hosur Red,Local,30-04-2025,3000,3500,3500
Tamil Nadu,Coimbatore,Vadavalli(Uzhavar Sandhai ),Thondekai,Thondekai,Local,30-04-2025,2000,2500,2500
Tamil Nadu,Cuddalore,Chidambaram(Uzhavar Sandhai ),Green Chilli,Green Chilly,Local,30-04-2025,2500,3000,3000
Tamil Nadu,Cuddalore,Chidambaram(Uzhavar Sandhai ),Snakeguard,Snakeguard,Local,30-04-2025,3000,3000,3000
Tamil Nadu,Cuddalore,Cuddalore(Uzhavar Sandhai ),Amaranthus,Amaranthus,Local,30-04-2025,1000,2000,2000
Tamil Nadu,Cuddalore,Cuddalore(Uzhavar Sandhai ),Ashgourd,Gouard,Local,30-04-2025,2000,2000,2000
Tamil Nadu,Cuddalore,Cuddalore(Uzhavar Sandhai ),Cabbage,Cabbage,Local,30-04-2025,1600,1600,1600
Tamil Nadu,Cuddalore,Cuddalore(Uzhavar Sandhai ),Capsicum,Capsicum,Local,30-04-2025,6000,6000,6000
Tamil Nadu,Cuddalore,Cuddalore(Uzhavar Sandhai ),Chikoos(Sapota),Sapota,Local,30-04-2025,4000,5000,5000
Tamil Nadu,Cuddalore,Cuddalore(Uzhavar Sandhai ),Mint(Pudina),Mint(Pudina),Local,30-04-2025,3000,3000,3000
Tamil Nadu,Cuddalore,Cuddalore(Uzhavar Sandhai ),Ridgeguard(Tori),Ridgeguard(Tori),Local,30-04-2025,5000,5000,5000
Tamil Nadu,Cuddalore,Cuddalore(Uzhavar Sandhai ),Sweet Potato,Hosur Red,Local,30-04-2025,4000,6000,6000
Tamil Nadu,Cuddalore,Cuddalore(Uzhavar Sandhai ),Tapioca,Tapioca,Local,30-04-2025,3000,5000,5000
Tamil Nadu,Cuddalore,Viruthachalam(Uzhavar Sandhai ),Amaranthus,Amaranthus,Local,30-04-2025,2000,2500,2500
Tamil Nadu,Cuddalore,Viruthachalam(Uzhavar Sandhai ),Banana,Besrai,Local,30-04-2025,3000,6000,6000
Tamil Nadu,Cuddalore,Viruthachalam(Uzhavar Sandhai ),Beans,Beans (Whole),Local,30-04-2025,6000,6000,6000
Tamil Nadu,Cuddalore,Viruthachalam(Uzhavar Sandhai ),Cabbage,Cabbage,Local,30-04-2025,2000,2000,2000
Tamil Nadu,Cuddalore,Viruthachalam(Uzhavar Sandhai ),Coriander(Leaves),I Sort,Local,30-04-2025,5000,5000,5000
Tamil Nadu,Cuddalore,Viruthachalam(Uzhavar Sandhai ),Drumstick,Drumstick,Local,30-04-2025,5000,5000,5000
Tamil Nadu,Cuddalore,Viruthachalam(Uzhavar Sandhai ),Green Chilli,Green Chilly,Local,30-04-2025,3000,3000,3000
Tamil Nadu,Cuddalore,Viruthachalam(Uzhavar Sandhai ),Pumpkin,Pumpkin,Local,30-04-2025,2000,2000,2000
Tamil Nadu,Cuddalore,Viruthachalam(Uzhavar Sandhai ),Ridgeguard(Tori),Ridgeguard(Tori),Local,30-04-2025,5000,5000,5000
Tamil Nadu,Dharmapuri,AJattihalli(Uzhavar Sandhai ),Bitter gourd,Bitter Gourd,Local,30-04-2025,3000,3200,3200
Tamil Nadu,Dharmapuri,AJattihalli(Uzhavar Sandhai ),Bottle gourd,Bottle Gourd,Local,30-04-2025,800,1000,1000
Tamil Nadu,Dharmapuri,AJattihalli(Uzhavar Sandhai ),Cabbage,Cabbage,Local,30-04-2025,1400,1600,1600
Tamil Nadu,Dharmapuri,AJattihalli(Uzhavar Sandhai ),Cauliflower,Ranchi,Local,30-04-2025,3200,3500,3500
Tamil Nadu,Dharmapuri,AJattihalli(Uzhavar Sandhai ),Elephant Yam (Suran),Elephant Yam (Suran),Local,30-04-2025,5800,6000,6000
Tamil Nadu,Dharmapuri,AJattihalli(Uzhavar Sandhai ),Ginger(Green),Green Ginger,Local,30-04-2025,5000,5200,5200
Tamil Nadu,Dharmapuri,AJattihalli(Uzhavar Sandhai ),Green Avare (W),Avare (W),Local,30-04-2025,5000,5500,5500
Tamil Nadu,Dharmapuri,AJattihalli(Uzhavar Sandhai ),Lemon,Lemon,Local,30-04-2025,15000,15500,15500
Tamil Nadu,Dharmapuri,AJattihalli(Uzhavar Sandhai ),Mint(Pudina),Mint(Pudina),Local,30-04-2025,4800,5000,5000
Tamil Nadu,Dharmapuri,AJattihalli(Uzhavar Sandhai ),Onion Green,Onion Green,Local,30-04-2025,3600,3800,3800
Tamil Nadu,Dharmapuri,AJattihalli(Uzhavar Sandhai ),Papaya,Papaya,Local,30-04-2025,3200,3500,3500
Tamil Nadu,Dharmapuri,AJattihalli(Uzhavar Sandhai ),Pumpkin,Pumpkin,Local,30-04-2025,1200,1400,1400
Tamil Nadu,Dharmapuri,AJattihalli(Uzhavar Sandhai ),Ridgeguard(Tori),Ridgeguard(Tori),Local,30-04-2025,1600,1800,1800
Tamil Nadu,Dharmapuri,Dharmapuri(Uzhavar Sandhai ),Beetroot,Beetroot,Local,30-04-2025,2000,2200,2200
Tamil Nadu,Dharmapuri,Dharmapuri(Uzhavar Sandhai ),Brinjal,Round,Local,30-04-2025,1200,1400,1400
Tamil Nadu,Dharmapuri,Dharmapuri(Uzhavar Sandhai ),Capsicum,Capsicum,Local,30-04-2025,5000,5400,5400
Tamil Nadu,Dharmapuri,Dharmapuri(Uzhavar Sandhai ),Carrot,Pusakesar,Local,30-04-2025,2400,2600,2600
Tamil Nadu,Dharmapuri,Dharmapuri(Uzhavar Sandhai ),Elephant Yam (Suran),Elephant Yam (Suran),Local,30-04-2025,5500,6000,6000
Tamil Nadu,Dharmapuri,Dharmapuri(Uzhavar Sandhai ),Ginger(Green),Green Ginger,Local,30-04-2025,4800,5200,5200
Tamil Nadu,Dharmapuri,Dharmapuri(Uzhavar Sandhai ),Karbuja(Musk Melon),Karbhuja,Local,30-04-2025,2200,2400,2400
Tamil Nadu,Dharmapuri,Dharmapuri(Uzhavar Sandhai ),Mango (Raw-Ripe),Mango - Raw-Ripe,Local,30-04-2025,3600,4000,4000
Tamil Nadu,Dharmapuri,Dharmapuri(Uzhavar Sandhai ),Mashrooms,Mashrooms,Local,30-04-2025,2300,2500,2500
Tamil Nadu,Dharmapuri,Dharmapuri(Uzhavar Sandhai ),Onion Green,Onion Green,Local,30-04-2025,3600,3800,3800
Tamil Nadu,Dharmapuri,Dharmapuri(Uzhavar Sandhai ),Potato,(Red Nanital),Local,30-04-2025,3200,3400,3400
Tamil Nadu,Dharmapuri,Dharmapuri(Uzhavar Sandhai ),Tapioca,Tapioca,Local,30-04-2025,2300,2500,2500
Tamil Nadu,Dharmapuri,Dharmapuri(Uzhavar Sandhai ),Tender Coconut,Tender Coconut,Local,30-04-2025,2300,2500,2500
Tamil Nadu,Dharmapuri,Palacode(Uzhavar Sandhai ),Amaranthus,Amaranthus,Local,30-04-2025,2700,3000,3000
Tamil Nadu,Dharmapuri,Palacode(Uzhavar Sandhai ),Banana,Besrai,Local,30-04-2025,3600,4000,4000
Tamil Nadu,Dharmapuri,Palacode(Uzhavar Sandhai ),Beans,Beans (Whole),Local,30-04-2025,5500,6000,6000
Tamil Nadu,Dharmapuri,Palacode(Uzhavar Sandhai ),Bitter gourd,Bitter Gourd,Local,30-04-2025,2400,2600,2600
Tamil Nadu,Dharmapuri,Palacode(Uzhavar Sandhai ),Brinjal,Round,Local,30-04-2025,1300,1400,1400
Tamil Nadu,Dharmapuri,Palacode(Uzhavar Sandhai ),Cabbage,Cabbage,Local,30-04-2025,1800,2000,2000
Tamil Nadu,Dharmapuri,Palacode(Uzhavar Sandhai ),Carrot,Pusakesar,Local,30-04-2025,2600,2800,2800
Tamil Nadu,Dharmapuri,Palacode(Uzhavar Sandhai ),Cauliflower,Ranchi,Local,30-04-2025,1800,2000,2000
Tamil Nadu,Dharmapuri,Palacode(Uzhavar Sandhai ),Elephant Yam (Suran),Elephant Yam (Suran),Local,30-04-2025,5500,6000,6000
Tamil Nadu,Dharmapuri,Palacode(Uzhavar Sandhai ),Maize,Deshi Red,Local,30-04-2025,1800,2000,2000
Tamil Nadu,Dharmapuri,Palacode(Uzhavar Sandhai ),Mango (Raw-Ripe),Mango - Raw-Ripe,Local,30-04-2025,2700,3000,3000
Tamil Nadu,Dharmapuri,Palacode(Uzhavar Sandhai ),Mashrooms,Mashrooms,Local,30-04-2025,1800,2000,2000
Tamil Nadu,Dharmapuri,Palacode(Uzhavar Sandhai ),Onion,Bellary,Local,30-04-2025,2600,2800,2800
Tamil Nadu,Dharmapuri,Palacode(Uzhavar Sandhai ),Papaya,Papaya,Local,30-04-2025,3000,3400,3400
Tamil Nadu,Erode,Gobichettipalayam(Uzhavar Sandhai ),Bhindi(Ladies Finger),Bhindi,Local,30-04-2025,3000,3400,3400
Tamil Nadu,Erode,Gobichettipalayam(Uzhavar Sandhai ),Carrot,Pusakesar,Local,30-04-2025,4200,4500,4500
Tamil Nadu,Erode,Gobichettipalayam(Uzhavar Sandhai ),Raddish,Raddish,Local,30-04-2025,2200,2500,2500
Tamil Nadu,Erode,Gobichettipalayam(Uzhavar Sandhai ),Tomato,Deshi,Local,30-04-2025,1200,1600,1600
Tamil Nadu,Erode,Periyar Nagar(Uzhavar Sandhai ),Amaranthus,Amaranthus,Local,30-04-2025,2600,3200,3200
Tamil Nadu,Erode,Periyar Nagar(Uzhavar Sandhai ),Chikoos(Sapota),Sapota,Local,30-04-2025,3000,3500,3500
Tamil Nadu,Erode,Periyar Nagar(Uzhavar Sandhai ),Cluster beans,Cluster Beans,Local,30-04-2025,2200,2600,2600
Tamil Nadu,Erode,Periyar Nagar(Uzhavar Sandhai ),Drumstick,Drumstick,Local,30-04-2025,3500,4000,4000
Tamil Nadu,Erode,Periyar Nagar(Uzhavar Sandhai ),Mint(Pudina),Mint(Pudina),Local,30-04-2025,3000,3500,3500
Tamil Nadu,Erode,Periyar Nagar(Uzhavar Sandhai ),Papaya,Papaya,Local,30-04-2025,1600,1800,1800
Tamil Nadu,Erode,Periyar Nagar(Uzhavar Sandhai ),Pumpkin,Pumpkin,Local,30-04-2025,1600,1800,1800
Tamil Nadu,Erode,Perundurai(Uzhavar Sandhai ),Banana,Besrai,Local,30-04-2025,2900,3900,3900
Tamil Nadu,Erode,Perundurai(Uzhavar Sandhai ),Green Chilli,Green Chilly,Local,30-04-2025,3200,3500,3500
Tamil Nadu,Erode,Perundurai(Uzhavar Sandhai ),Snakeguard,Snakeguard,Local,30-04-2025,2800,3000,3000
Tamil Nadu,Erode,Sampath Nagar(Uzhavar Sandhai ),Chikoos(Sapota),Sapota,Local,30-04-2025,3000,3500,3500
Tamil Nadu,Erode,Sampath Nagar(Uzhavar Sandhai ),Colacasia,Colacasia,Local,30-04-2025,2500,3500,3500
Tamil Nadu,Erode,Sampath Nagar(Uzhavar Sandhai ),Jasmine,Jasmine,Local,30-04-2025,30000,35000,35000
Tamil Nadu,Erode,Sampath Nagar(Uzhavar Sandhai ),Kakada,Kakada,Local,30-04-2025,25000,30000,30000
Tamil Nadu,Erode,Sampath Nagar(Uzhavar Sandhai ),Lemon,Lemon,Local,30-04-2025,12000,13000,13000
Tamil Nadu,Erode,Sampath Nagar(Uzhavar Sandhai ),Mousambi(Sweet Lime),Mousambi,Local,30-04-2025,5000,5500,5500
Tamil Nadu,Erode,Sampath Nagar(Uzhavar Sandhai ),Onion Green,Onion Green,Local,30-04-2025,2000,2800,2800
Tamil Nadu,Erode,Sampath Nagar(Uzhavar Sandhai ),Papaya,Papaya,Local,30-04-2025,2500,3500,3500
Tamil Nadu,Erode,Sampath Nagar(Uzhavar Sandhai ),Ridgeguard(Tori),Ridgeguard(Tori),Local,30-04-2025,3400,3800,3800
Tamil Nadu,Erode,Sampath Nagar(Uzhavar Sandhai ),Water Melon,Water Melon,Local,30-04-2025,800,1000,1000
Tamil Nadu,Erode,Sathiyamagalam(Uzhavar Sandhai ),Cauliflower,Ranchi,Local,30-04-2025,2400,2800,2800
Tamil Nadu,Erode,Sathiyamagalam(Uzhavar Sandhai ),Coconut,Coconut,Local,30-04-2025,5500,6000,6000
Tamil Nadu,Erode,Sathiyamagalam(Uzhavar Sandhai ),Mango (Raw-Ripe),Mango - Raw-Ripe,Local,30-04-2025,2500,3000,3000
Tamil Nadu,Erode,Sathiyamagalam(Uzhavar Sandhai ),Onion Green,Onion Green,Local,30-04-2025,3000,3400,3400
Tamil Nadu,Erode,Thalavadi(Uzhavar Sandhai ),Bhindi(Ladies Finger),Bhindi,Local,30-04-2025,1000,1400,1400
Tamil Nadu,Erode,Thalavadi(Uzhavar Sandhai ),Cabbage,Cabbage,Local,30-04-2025,600,800,800
Tamil Nadu,Erode,Thalavadi(Uzhavar Sandhai ),Lemon,Lemon,Local,30-04-2025,7500,8000,8000
Tamil Nadu,Erode,Thalavadi(Uzhavar Sandhai ),Potato,(Red Nanital),Local,30-04-2025,2500,3000,3000
Tamil Nadu,Erode,Thalavadi(Uzhavar Sandhai ),Snakeguard,Snakeguard,Local,30-04-2025,1000,1200,1200
Tamil Nadu,Kallakuruchi,Kallakurichi(Uzhavar Sandhai ),Ashgourd,Gouard,Local,30-04-2025,2000,2000,2000
Tamil Nadu,Kallakuruchi,Kallakurichi(Uzhavar Sandhai ),Beetroot,Beetroot,Local,30-04-2025,3600,3600,3600
Tamil Nadu,Kallakuruchi,Kallakurichi(Uzhavar Sandhai ),Bhindi(Ladies Finger),Bhindi,Local,30-04-2025,3000,3000,3000
Tamil Nadu,Kallakuruchi,Kallakurichi(Uzhavar Sandhai ),Carrot,Pusakesar,Local,30-04-2025,5000,5000,5000
Tamil Nadu,Kallakuruchi,Kallakurichi(Uzhavar Sandhai ),Green Avare (W),Avare (W),Local,30-04-2025,7000,7000,7000
Tamil Nadu,Kallakuruchi,Kallakurichi(Uzhavar Sandhai ),Tomato,Deshi,Local,30-04-2025,1500,1500,1500
Tamil Nadu,Kallakuruchi,Sankarapuram(Uzhavar Sandhai ),Banana,Besrai,Local,30-04-2025,4000,4000,4000
Tamil Nadu,Kallakuruchi,Sankarapuram(Uzhavar Sandhai ),Banana - Green,Banana - Green,Local,30-04-2025,4000,4000,4000
Tamil Nadu,Kallakuruchi,Sankarapuram(Uzhavar Sandhai ),Cluster beans,Cluster Beans,Local,30-04-2025,4000,4000,4000
Tamil Nadu,Kallakuruchi,Sankarapuram(Uzhavar Sandhai ),Green Avare (W),Avare (W),Local,30-04-2025,7000,7000,7000
Tamil Nadu,Kallakuruchi,Sankarapuram(Uzhavar Sandhai ),Guava,Guava Alahabad,Local,30-04-2025,6000,6000,6000
Tamil Nadu,Kallakuruchi,Sankarapuram(Uzhavar Sandhai ),Onion,Bellary,Local,30-04-2025,2000,2500,2500
Tamil Nadu,Kancheepuram,Kundrathur(Uzhavar Sandhai ),Bottle gourd,Bottle Gourd,Local,30-04-2025,2000,2500,2500
Tamil Nadu,Kancheepuram,Kundrathur(Uzhavar Sandhai ),Tomato,Deshi,Local,30-04-2025,1000,1500,1500
Tamil Nadu,Karur,Kulithalai(Uzhavar Sandhai ),Amla(Nelli Kai),Amla,Local,30-04-2025,5000,6000,6000
Tamil Nadu,Karur,Kulithalai(Uzhavar Sandhai ),Banana,Besrai,Local,30-04-2025,4000,5000,5000
Tamil Nadu,Karur,Kulithalai(Uzhavar Sandhai ),Beetroot,Beetroot,Local,30-04-2025,2000,2600,2600
Tamil Nadu,Karur,Kulithalai(Uzhavar Sandhai ),Bhindi(Ladies Finger),Bhindi,Local,30-04-2025,2800,3000,3000
Tamil Nadu,Karur,Kulithalai(Uzhavar Sandhai ),Cabbage,Cabbage,Local,30-04-2025,1600,2000,2000
Tamil Nadu,Karur,Kulithalai(Uzhavar Sandhai ),Cauliflower,Ranchi,Local,30-04-2025,3000,4000,4000
Tamil Nadu,Karur,Kulithalai(Uzhavar Sandhai ),Chikoos(Sapota),Sapota,Local,30-04-2025,4000,5000,5000
Tamil Nadu,Karur,Kulithalai(Uzhavar Sandhai ),Coconut,Coconut,Local,30-04-2025,6000,6500,6500
Tamil Nadu,Karur,Kulithalai(Uzhavar Sandhai ),Green Chilli,Green Chilly,Local,30-04-2025,2800,3200,3200
Tamil Nadu,Karur,Kulithalai(Uzhavar Sandhai ),Yam (Ratalu),Yam (Ratalu),Local,30-04-2025,6000,8000,8000
Tamil Nadu,Karur,Pallapatti (Uzhavar Sandhai ),Amaranthus,Amaranthus,Local,30-04-2025,2500,3000,3000
Tamil Nadu,Karur,Pallapatti (Uzhavar Sandhai ),Coriander(Leaves),I Sort,Local,30-04-2025,5500,6000,6000
Tamil Nadu,Karur,Pallapatti (Uzhavar Sandhai ),Lime,Lime,Local,30-04-2025,3500,4000,4000
Tamil Nadu,Karur,Pallapatti (Uzhavar Sandhai ),Maize,Deshi Red,Local,30-04-2025,3600,4000,4000
Tamil Nadu,Karur,Pallapatti (Uzhavar Sandhai ),Mango,Safeda,Local,30-04-2025,7000,8000,8000
Tamil Nadu,Karur,Pallapatti (Uzhavar Sandhai ),Mint(Pudina),Mint(Pudina),Local,30-04-2025,4500,5000,5000
Tamil Nadu,Karur,Velayuthampalayam(Uzhavar Sandhai ),Brinjal,Round,Local,30-04-2025,2400,3000,3000
Tamil Nadu,Karur,Velayuthampalayam(Uzhavar Sandhai ),Chow Chow,Chow Chow,Local,30-04-2025,2000,2500,2500
Tamil Nadu,Karur,Velayuthampalayam(Uzhavar Sandhai ),Ginger(Green),Green Ginger,Local,30-04-2025,5200,6000,6000
Tamil Nadu,Karur,Velayuthampalayam(Uzhavar Sandhai ),Green Chilli,Green Chilly,Local,30-04-2025,2800,3500,3500
Tamil Nadu,Karur,Velayuthampalayam(Uzhavar Sandhai ),Snakeguard,Snakeguard,Local,30-04-2025,2000,2500,2500
Tamil Nadu,Krishnagiri,Avallapalli(Uzhavar Sandhai ),Beans,Beans (Whole),Local,30-04-2025,4000,7000,7000
Tamil Nadu,Krishnagiri,Avallapalli(Uzhavar Sandhai ),Bitter gourd,Bitter Gourd,Local,30-04-2025,3500,4000,4000
Tamil Nadu,Krishnagiri,Avallapalli(Uzhavar Sandhai ),Cauliflower,Ranchi,Local,30-04-2025,2500,3000,3000
Tamil Nadu,Krishnagiri,Avallapalli(Uzhavar Sandhai ),Coriander(Leaves),I Sort,Local,30-04-2025,3000,4000,4000
Tamil Nadu,Krishnagiri,Avallapalli(Uzhavar Sandhai ),Green Peas,Green Peas,Local,30-04-2025,10000,12000,12000
Tamil Nadu,Krishnagiri,Avallapalli(Uzhavar Sandhai ),Lemon,Lemon,Local,30-04-2025,10000,12000,12000
Tamil Nadu,Krishnagiri,Avallapalli(Uzhavar Sandhai ),Mint(Pudina),Mint(Pudina),Local,30-04-2025,3500,4000,4000
Tamil Nadu,Krishnagiri,Denkanikottai(Uzhavar Sandhai ),Beetroot,Beetroot,Local,30-04-2025,1500,2000,2000
Tamil Nadu,Krishnagiri,Denkanikottai(Uzhavar Sandhai ),Cluster beans,Cluster Beans,Local,30-04-2025,2000,2500,2500
Tamil Nadu,Krishnagiri,Denkanikottai(Uzhavar Sandhai ),Raddish,Raddish,Local,30-04-2025,1000,1500,1500
Tamil Nadu,Krishnagiri,Hosur(Uzhavar Sandhai ),Drumstick,Drumstick,Local,30-04-2025,3500,4000,4000
Tamil Nadu,Krishnagiri,Hosur(Uzhavar Sandhai ),Potato,(Red Nanital),Local,30-04-2025,2500,2800,2800
Tamil Nadu,Krishnagiri,Krishnagiri(Uzhavar Sandhai ),Cauliflower,Ranchi,Local,30-04-2025,2000,2500,2500
Tamil Nadu,Krishnagiri,Krishnagiri(Uzhavar Sandhai ),Chow Chow,Chow Chow,Local,30-04-2025,2500,3000,3000
Tamil Nadu,Krishnagiri,Krishnagiri(Uzhavar Sandhai ),Cucumbar(Kheera),Cucumbar,Local,30-04-2025,1000,1400,1400
Tamil Nadu,Krishnagiri,Krishnagiri(Uzhavar Sandhai ),Ginger(Green),Green Ginger,Local,30-04-2025,4500,5000,5000
Tamil Nadu,Krishnagiri,Krishnagiri(Uzhavar Sandhai ),Green Chilli,Green Chilly,Local,30-04-2025,3500,4000,4000
Tamil Nadu,Krishnagiri,Krishnagiri(Uzhavar Sandhai ),Papaya,Papaya,Local,30-04-2025,2500,3000,3000
Tamil Nadu,Krishnagiri,Krishnagiri(Uzhavar Sandhai ),Sweet Potato,Hosur Red,Local,30-04-2025,2200,2600,2600
Tamil Nadu,Madurai,Chokkikulam(Uzhavar Sandhai ),Apple,American,Local,30-04-2025,23000,24000,24000
Tamil Nadu,Madurai,Chokkikulam(Uzhavar Sandhai ),Banana - Green,Banana - Green,Local,30-04-2025,2000,2400,2400
Tamil Nadu,Madurai,Chokkikulam(Uzhavar Sandhai ),Bhindi(Ladies Finger),Bhindi,Local,30-04-2025,2000,2400,2400
Tamil Nadu,Madurai,Chokkikulam(Uzhavar Sandhai ),Cabbage,Cabbage,Local,30-04-2025,1800,2000,2000
Tamil Nadu,Madurai,Chokkikulam(Uzhavar Sandhai ),Carrot,Pusakesar,Local,30-04-2025,2400,3600,3600
Tamil Nadu,Madurai,Chokkikulam(Uzhavar Sandhai ),Colacasia,Colacasia,Local,30-04-2025,6000,7000,7000
Tamil Nadu,Madurai,Chokkikulam(Uzhavar Sandhai ),Ginger(Green),Green Ginger,Local,30-04-2025,6000,7000,7000
Tamil Nadu,Madurai,Chokkikulam(Uzhavar Sandhai ),Lemon,Lemon,Local,30-04-2025,14000,15000,15000
Tamil Nadu,Madurai,Chokkikulam(Uzhavar Sandhai ),Mashrooms,Mashrooms,Local,30-04-2025,22500,25000,25000
Tamil Nadu,Madurai,Chokkikulam(Uzhavar Sandhai ),Onion,Bellary,Local,30-04-2025,2800,3000,3000
Tamil Nadu,Madurai,Melur(Uzhavar Sandhai ),Ashgourd,Gouard,Local,30-04-2025,1400,1600,1600
Tamil Nadu,Madurai,Melur(Uzhavar Sandhai ),Bhindi(Ladies Finger),Bhindi,Local,30-04-2025,2000,2400,2400
Tamil Nadu,Madurai,Melur(Uzhavar Sandhai ),Cowpea(Veg),Cowpea (Veg),Local,30-04-2025,2000,2400,2400
Tamil Nadu,Madurai,Melur(Uzhavar Sandhai ),Lemon,Lemon,Local,30-04-2025,14000,15000,15000
Tamil Nadu,Madurai,Melur(Uzhavar Sandhai ),Pumpkin,Pumpkin,Local,30-04-2025,1400,1600,1600
Tamil Nadu,Madurai,Melur(Uzhavar Sandhai ),Tomato,Deshi,Local,30-04-2025,1600,1800,1800
Tamil Nadu,Madurai,Palanganatham(Uzhavar Sandhai ),Carrot,Pusakesar,Local,30-04-2025,2000,3600,3600
Tamil Nadu,Madurai,Palanganatham(Uzhavar Sandhai ),Lime,Lime,Local,30-04-2025,10000,15000,15000
Tamil Nadu,Madurai,Palanganatham(Uzhavar Sandhai ),Mango (Raw-Ripe),Mango - Raw-Ripe,Local,30-04-2025,2000,2400,2400
Tamil Nadu,Madurai,Palanganatham(Uzhavar Sandhai ),Onion,Bellary,Local,30-04-2025,2000,3000,3000
Tamil Nadu,Madurai,Palanganatham(Uzhavar Sandhai ),Pumpkin,Pumpkin,Local,30-04-2025,1400,1600,1600
Tamil Nadu,Madurai,Palanganatham(Uzhavar Sandhai ),Ridgeguard(Tori),Ridgeguard(Tori),Local,30-04-2025,4000,4400,4400
Tamil Nadu,Madurai,Thirumangalam(Uzhavar Sandhai ),Ashgourd,Gouard,Local,30-04-2025,1400,1600,1600
Tamil Nadu,Madurai,Thirumangalam(Uzhavar Sandhai ),Onion Green,Onion Green,Local,30-04-2025,4000,4500,4500
Tamil Nadu,Madurai,Thirumangalam(Uzhavar Sandhai ),Yam (Ratalu),Yam (Ratalu),Local,30-04-2025,8000,9000,9000
Tamil Nadu,Madurai,Usilampatty,Amaranthus,Amaranthus,Local,30-04-2025,3000,4000,4000
Tamil Nadu,Madurai,Usilampatty,Banana - Green,Banana - Green,Local,30-04-2025,2000,3000,3000
Tamil Nadu,Madurai,Usilampatty,Bitter gourd,Bitter Gourd,Local,30-04-2025,4600,5000,5000
Tamil Nadu,Madurai,Usilampatty,Ridgeguard(Tori),Ridgeguard(Tori),Local,30-04-2025,4000,4400,4400
Tamil Nadu,Nagapattinam,Mayiladuthurai(Uzhavar Sandhai ),Bhindi(Ladies Finger),Bhindi,Local,30-04-2025,3000,3500,3500
Tamil Nadu,Nagapattinam,Nagapattinam(Uzhavar Sandhai ),Beans,Beans (Whole),Local,30-04-2025,5000,5800,5800
Tamil Nadu,Nagapattinam,Nagapattinam(Uzhavar Sandhai ),Carrot,Pusakesar,Local,30-04-2025,4500,4800,4800
Tamil Nadu,Nagapattinam,Nagapattinam(Uzhavar Sandhai ),Ginger(Green),Green Ginger,Local,30-04-2025,6000,6000,6000
Tamil Nadu,Nagapattinam,Nagapattinam(Uzhavar Sandhai ),Green Avare (W),Avare (W),Local,30-04-2025,5000,6000,6000
Tamil Nadu,Nagapattinam,Nagapattinam(Uzhavar Sandhai ),Tomato,Deshi,Local,30-04-2025,1500,2000,2000
Tamil Nadu,Nagercoil (Kannyiakumari),Myladi(Uzhavar Sandhai ),Tomato,Deshi,Local,30-04-2025,2300,2500,2500
Tamil Nadu,Nagercoil (Kannyiakumari),Vadaseri,Banana,Besrai,Local,30-04-2025,5000,6000,6000
Tamil Nadu,Nagercoil (Kannyiakumari),Vadaseri,Beans,Beans (Whole),Local,30-04-2025,6000,7000,7000
Tamil Nadu,Nagercoil (Kannyiakumari),Vadaseri,Bhindi(Ladies Finger),Bhindi,Local,30-04-2025,2500,3000,3000
Tamil Nadu,Nagercoil (Kannyiakumari),Vadaseri,Drumstick,Drumstick,Local,30-04-2025,5000,6000,6000
Tamil Nadu,Nagercoil (Kannyiakumari),Vadaseri,Guava,Guava Alahabad,Local,30-04-2025,6000,6500,6500
Tamil Nadu,Nagercoil (Kannyiakumari),Vadaseri,Mango (Raw-Ripe),Mango - Raw-Ripe,Local,30-04-2025,4000,5000,5000
Tamil Nadu,Nagercoil (Kannyiakumari),Vadaseri,Onion Green,Onion Green,Local,30-04-2025,5000,5500,5500
Tamil Nadu,Nagercoil (Kannyiakumari),Vadaseri,Raddish,Raddish,Local,30-04-2025,3500,4000,4000
Tamil Nadu,Nagercoil (Kannyiakumari),Vadaseri,Snakeguard,Snakeguard,Local,30-04-2025,3500,4000,4000
Tamil Nadu,Nagercoil (Kannyiakumari),Vadaseri,Tomato,Deshi,Local,30-04-2025,2000,2500,2500
Tamil Nadu,Namakkal,Kumarapalayam(Uzhavar Sandhai ),Banana - Green,Banana - Green,Local,30-04-2025,3000,3500,3500
Tamil Nadu,Namakkal,Kumarapalayam(Uzhavar Sandhai ),Brinjal,Round,Local,30-04-2025,2500,3000,3000
Tamil Nadu,Namakkal,Kumarapalayam(Uzhavar Sandhai ),Mint(Pudina),Mint(Pudina),Local,30-04-2025,4000,4500,4500
Tamil Nadu,Namakkal,Kumarapalayam(Uzhavar Sandhai ),Tapioca,Tapioca,Local,30-04-2025,2500,3000,3000
Tamil Nadu,Namakkal,Mohanur(Uzhavar Sandhai ),Ashgourd,Gouard,Local,30-04-2025,1600,2000,2000
Tamil Nadu,Namakkal,Mohanur(Uzhavar Sandhai ),Beetroot,Beetroot,Local,30-04-2025,3600,4000,4000
Tamil Nadu,Namakkal,Mohanur(Uzhavar Sandhai ),Bottle gourd,Bottle Gourd,Local,30-04-2025,1000,1400,1400
Tamil Nadu,Namakkal,Mohanur(Uzhavar Sandhai ),Carrot,Pusakesar,Local,30-04-2025,5500,6000,6000
Tamil Nadu,Namakkal,Mohanur(Uzhavar Sandhai ),Cauliflower,Ranchi,Local,30-04-2025,2400,3000,3000
Tamil Nadu,Namakkal,Mohanur(Uzhavar Sandhai ),Coconut,Coconut,Local,30-04-2025,5600,6200,6200
Tamil Nadu,Namakkal,Mohanur(Uzhavar Sandhai ),Green Avare (W),Avare (W),Local,30-04-2025,9200,10000,10000
Tamil Nadu,Namakkal,Mohanur(Uzhavar Sandhai ),Onion Green,Onion Green,Local,30-04-2025,3200,4000,4000
Tamil Nadu,Namakkal,Mohanur(Uzhavar Sandhai ),Raddish,Raddish,Local,30-04-2025,2400,3000,3000
Tamil Nadu,Namakkal,Mohanur(Uzhavar Sandhai ),Tomato,Deshi,Local,30-04-2025,1400,1800,1800
Tamil Nadu,Namakkal,Namakkal(Uzhavar Sandhai ),Chili Red,Bold,Local,30-04-2025,20000,22000,22000
Tamil Nadu,Namakkal,Namakkal(Uzhavar Sandhai ),Coconut,Coconut,Local,30-04-2025,5500,6000,6000
Tamil Nadu,Namakkal,Namakkal(Uzhavar Sandhai ),Garlic,Average,Local,30-04-2025,13000,16000,16000
Tamil Nadu,Namakkal,Namakkal(Uzhavar Sandhai ),Jasmine,Jasmine,Local,30-04-2025,28000,30000,30000
Tamil Nadu,Namakkal,Namakkal(Uzhavar Sandhai ),Knool Khol,Knool Khol,Local,30-04-2025,3500,4000,4000
Tamil Nadu,Namakkal,Namakkal(Uzhavar Sandhai ),Papaya,Papaya,Local,30-04-2025,3000,3500,3500
Tamil Nadu,Namakkal,Namakkal(Uzhavar Sandhai ),Water Melon,Water Melon,Local,30-04-2025,800,1000,1000
Tamil Nadu,Namakkal,Paramathivelur(Uzhavar Sandhai ),Cluster beans,Cluster Beans,Local,30-04-2025,3500,4000,4000
Tamil Nadu,Namakkal,Rasipuram(Uzhavar Sandhai ),Ashgourd,Gouard,Local,30-04-2025,1600,2000,2000
Tamil Nadu,Namakkal,Rasipuram(Uzhavar Sandhai ),Bhindi(Ladies Finger),Bhindi,Local,30-04-2025,2200,2500,2500
Tamil Nadu,Namakkal,Rasipuram(Uzhavar Sandhai ),Bottle gourd,Bottle Gourd,Local,30-04-2025,1200,1500,1500
Tamil Nadu,Namakkal,Rasipuram(Uzhavar Sandhai ),Green Avare (W),Avare (W),Local,30-04-2025,6200,6500,6500
Tamil Nadu,Namakkal,Rasipuram(Uzhavar Sandhai ),Guava,Guava Alahabad,Local,30-04-2025,3500,4000,4000
Tamil Nadu,Namakkal,Rasipuram(Uzhavar Sandhai ),Snakeguard,Snakeguard,Local,30-04-2025,3200,3500,3500
Tamil Nadu,Namakkal,Tiruchengode,Capsicum,Capsicum,Local,30-04-2025,5000,6000,6000
Tamil Nadu,Namakkal,Tiruchengode,Raddish,Raddish,Local,30-04-2025,2000,2500,2500
Tamil Nadu,Namakkal,Tiruchengode,Tender Coconut,Tender Coconut,Local,30-04-2025,2000,3000,3000
Tamil Nadu,Perambalur,Perambalur(Uzhavar Sandhai ),Bottle gourd,Bottle Gourd,Local,30-04-2025,1000,1000,1000
Tamil Nadu,Perambalur,Perambalur(Uzhavar Sandhai ),Chili Red,Bold,Local,30-04-2025,15000,16000,16000
Tamil Nadu,Perambalur,Perambalur(Uzhavar Sandhai ),Cluster beans,Cluster Beans,Local,30-04-2025,4000,4000,4000
Tamil Nadu,Perambalur,Perambalur(Uzhavar Sandhai ),Cucumbar(Kheera),Cucumbar,Local,30-04-2025,4000,4000,4000
Tamil Nadu,Perambalur,Perambalur(Uzhavar Sandhai ),Garlic,Average,Local,30-04-2025,13000,15000,15000
Tamil Nadu,Perambalur,Perambalur(Uzhavar Sandhai ),Indian Beans (Seam),Indian Beans (Seam),Local,30-04-2025,8400,8400,8400
Tamil Nadu,Perambalur,Perambalur(Uzhavar Sandhai ),Knool Khol,Knool Khol,Local,30-04-2025,4800,4800,4800
Tamil Nadu,Perambalur,Perambalur(Uzhavar Sandhai ),Mango (Raw-Ripe),Mango - Raw-Ripe,Local,30-04-2025,3000,3000,3000
Tamil Nadu,Perambalur,Perambalur(Uzhavar Sandhai ),Mashrooms,Mashrooms,Local,30-04-2025,4000,4000,4000
Tamil Nadu,Perambalur,Perambalur(Uzhavar Sandhai ),Onion,Bellary,Local,30-04-2025,3000,3000,3000
Tamil Nadu,Perambalur,Perambalur(Uzhavar Sandhai ),Potato,(Red Nanital),Local,30-04-2025,3500,3500,3500
Tamil Nadu,Pudukkottai,Alangudi(Uzhavar Sandhai ),Amaranthus,Amaranthus,Local,30-04-2025,800,1000,1000
Tamil Nadu,Pudukkottai,Alangudi(Uzhavar Sandhai ),Banana - Green,Banana - Green,Local,30-04-2025,2500,3000,3000
Tamil Nadu,Pudukkottai,Alangudi(Uzhavar Sandhai ),Mint(Pudina),Mint(Pudina),Local,30-04-2025,2500,3000,3000
Tamil Nadu,Pudukkottai,Alangudi(Uzhavar Sandhai ),Onion Green,Onion Green,Local,30-04-2025,4000,4500,4500
Tamil Nadu,Pudukkottai,Aranthangi(Uzhavar Sandhai ),Banana - Green,Banana - Green,Local,30-04-2025,3000,3500,3500
Tamil Nadu,Pudukkottai,Aranthangi(Uzhavar Sandhai ),Coriander(Leaves),I Sort,Local,30-04-2025,3000,3500,3500
Tamil Nadu,Pudukkottai,Aranthangi(Uzhavar Sandhai ),Jack Fruit,Jack Fruit,Local,30-04-2025,3500,4000,4000
Tamil Nadu,Pudukkottai,Aranthangi(Uzhavar Sandhai ),Onion Green,Onion Green,Local,30-04-2025,3500,4000,4000
Tamil Nadu,Pudukkottai,Aranthangi(Uzhavar Sandhai ),Pumpkin,Pumpkin,Local,30-04-2025,1500,2000,2000
Tamil Nadu,Pudukkottai,Gandarvakottai(Uzhavar Sandhai ),Ashgourd,Gouard,Local,30-04-2025,800,1000,1000
Tamil Nadu,Pudukkottai,Gandarvakottai(Uzhavar Sandhai ),Cluster beans,Cluster Beans,Local,30-04-2025,2500,3000,3000
Tamil Nadu,Pudukkottai,Gandarvakottai(Uzhavar Sandhai ),Drumstick,Drumstick,Local,30-04-2025,2600,3000,3000
Tamil Nadu,Pudukkottai,Gandarvakottai(Uzhavar Sandhai ),Jack Fruit,Jack Fruit,Local,30-04-2025,2500,3000,3000
Tamil Nadu,Pudukkottai,Gandarvakottai(Uzhavar Sandhai ),Raddish,Raddish,Local,30-04-2025,1600,2000,2000
Tamil Nadu,Pudukkottai,Gandarvakottai(Uzhavar Sandhai ),Snakeguard,Snakeguard,Local,30-04-2025,1600,2000,2000
Tamil Nadu,Pudukkottai,Gandarvakottai(Uzhavar Sandhai ),Sweet Potato,Hosur Red,Local,30-04-2025,3000,3500,3500
Tamil Nadu,Pudukkottai,Karambakkudi(Uzhavar Sandhai ),Bhindi(Ladies Finger),Bhindi,Local,30-04-2025,1500,2000,2000
Tamil Nadu,Pudukkottai,Karambakkudi(Uzhavar Sandhai ),Bitter gourd,Bitter Gourd,Local,30-04-2025,2500,3000,3000
Tamil Nadu,Pudukkottai,Karambakkudi(Uzhavar Sandhai ),Bottle gourd,Bottle Gourd,Local,30-04-2025,1000,1000,1000
Tamil Nadu,Pudukkottai,Karambakkudi(Uzhavar Sandhai ),Onion,Bellary,Local,30-04-2025,3000,3500,3500
Tamil Nadu,Pudukkottai,Karambakkudi(Uzhavar Sandhai ),Snakeguard,Snakeguard,Local,30-04-2025,1500,2000,2000
Tamil Nadu,Pudukkottai,Viralimalai(Uzhavar Sandhai ),Banana,Besrai,Local,30-04-2025,7000,8000,8000
Tamil Nadu,Pudukkottai,Viralimalai(Uzhavar Sandhai ),Bottle gourd,Bottle Gourd,Local,30-04-2025,500,1000,1000
Tamil Nadu,Pudukkottai,Viralimalai(Uzhavar Sandhai ),Coriander(Leaves),I Sort,Local,30-04-2025,3000,3500,3500
Tamil Nadu,Pudukkottai,Viralimalai(Uzhavar Sandhai ),Drumstick,Drumstick,Local,30-04-2025,3000,3500,3500
Tamil Nadu,Pudukkottai,Viralimalai(Uzhavar Sandhai ),Green Avare (W),Avare (W),Local,30-04-2025,5000,6000,6000
Tamil Nadu,Pudukkottai,Viralimalai(Uzhavar Sandhai ),Lemon,Lemon,Local,30-04-2025,9000,10000,10000
Tamil Nadu,Pudukkottai,Viralimalai(Uzhavar Sandhai ),Tomato,Deshi,Local,30-04-2025,1000,1500,1500
Tamil Nadu,Ramanathapuram,Paramakudi(Uzhavar Sandhai ),Banana - Green,Banana - Green,Local,30-04-2025,2000,2500,2500
Tamil Nadu,Ramanathapuram,Paramakudi(Uzhavar Sandhai ),Beans,Beans (Whole),Local,30-04-2025,5000,6000,6000
Tamil Nadu,Ramanathapuram,Paramakudi(Uzhavar Sandhai ),Brinjal,Round,Local,30-04-2025,4000,5000,5000
Tamil Nadu,Ramanathapuram,Paramakudi(Uzhavar Sandhai ),Cauliflower,Ranchi,Local,30-04-2025,4000,5000,5000
Tamil Nadu,Ramanathapuram,Paramakudi(Uzhavar Sandhai ),Chow Chow,Chow Chow,Local,30-04-2025,2500,3000,3000
Tamil Nadu,Ramanathapuram,Paramakudi(Uzhavar Sandhai ),Colacasia,Colacasia,Local,30-04-2025,8000,9000,9000
Tamil Nadu,Ramanathapuram,Paramakudi(Uzhavar Sandhai ),Marigold(Calcutta),Marigold(Calcutta),Local,30-04-2025,5000,6000,6000
Tamil Nadu,Ramanathapuram,Paramakudi(Uzhavar Sandhai ),Pumpkin,Pumpkin,Local,30-04-2025,1500,2000,2000
Tamil Nadu,Ranipet,Ranipettai(Uzhavar Sandhai ),Onion,Bellary,Local,30-04-2025,2500,2500,2500
Tamil Nadu,Ranipet,Ranipettai(Uzhavar Sandhai ),Potato,(Red Nanital),Local,30-04-2025,3000,3000,3000
Tamil Nadu,Salem,Ammapet(Uzhavar Sandhai ),Ashgourd,Gouard,Local,30-04-2025,1200,1400,1400
Tamil Nadu,Salem,Ammapet(Uzhavar Sandhai ),Beetroot,Beetroot,Local,30-04-2025,4000,5000,5000
Tamil Nadu,Salem,Ammapet(Uzhavar Sandhai ),Cauliflower,Ranchi,Local,30-04-2025,2500,3000,3000
Tamil Nadu,Salem,Ammapet(Uzhavar Sandhai ),Cluster beans,Cluster Beans,Local,30-04-2025,2600,3000,3000
Tamil Nadu,Salem,Ammapet(Uzhavar Sandhai ),Custard Apple (Sharifa),Custard Apple(Sharifa),Local,30-04-2025,5000,6000,6000
Tamil Nadu,Salem,Ammapet(Uzhavar Sandhai ),Ginger(Green),Green Ginger,Local,30-04-2025,5000,5400,5400
Tamil Nadu,Salem,Ammapet(Uzhavar Sandhai ),Knool Khol,Knool Khol,Local,30-04-2025,4500,5000,5000
Tamil Nadu,Salem,Ammapet(Uzhavar Sandhai ),Marigold(Calcutta),Marigold(Calcutta),Local,30-04-2025,15000,16000,16000
Tamil Nadu,Salem,Ammapet(Uzhavar Sandhai ),Mashrooms,Mashrooms,Local,30-04-2025,2000,2500,2500
Tamil Nadu,Salem,Ammapet(Uzhavar Sandhai ),Onion Green,Onion Green,Local,30-04-2025,3500,3800,3800
Tamil Nadu,Salem,Ammapet(Uzhavar Sandhai ),Pomegranate,Pomogranate,Local,30-04-2025,16000,18000,18000
Tamil Nadu,Salem,Ammapet(Uzhavar Sandhai ),Pumpkin,Pumpkin,Local,30-04-2025,1200,1400,1400
Tamil Nadu,Salem,Ammapet(Uzhavar Sandhai ),Tapioca,Tapioca,Local,30-04-2025,2500,3000,3000
Tamil Nadu,Salem,Athur(Uzhavar Sandhai ),Banana - Green,Banana - Green,Local,30-04-2025,2000,2400,2400
Tamil Nadu,Salem,Athur(Uzhavar Sandhai ),Carrot,Pusakesar,Local,30-04-2025,2500,5400,5400
Tamil Nadu,Salem,Athur(Uzhavar Sandhai ),Chikoos(Sapota),Sapota,Local,30-04-2025,3500,4000,4000
Tamil Nadu,Salem,Athur(Uzhavar Sandhai ),Green Avare (W),Avare (W),Local,30-04-2025,5500,6000,6000
Tamil Nadu,Salem,Athur(Uzhavar Sandhai ),Jack Fruit,Jack Fruit,Local,30-04-2025,2500,3000,3000
Tamil Nadu,Salem,Athur(Uzhavar Sandhai ),Lemon,Lemon,Local,30-04-2025,6000,7000,7000
Tamil Nadu,Salem,Athur(Uzhavar Sandhai ),Mango,Safeda,Local,30-04-2025,5000,6000,6000
Tamil Nadu,Salem,Athur(Uzhavar Sandhai ),Mousambi(Sweet Lime),Mousambi,Local,30-04-2025,2500,3000,3000
Tamil Nadu,Salem,Athur(Uzhavar Sandhai ),Onion,Bellary,Local,30-04-2025,2500,3000,3000
Tamil Nadu,Salem,Athur(Uzhavar Sandhai ),Snakeguard,Snakeguard,Local,30-04-2025,1800,1800,1800
Tamil Nadu,Salem,Athur(Uzhavar Sandhai ),Sweet Potato,Hosur Red,Local,30-04-2025,2500,3000,3000
Tamil Nadu,Salem,Athur(Uzhavar Sandhai ),Thondekai,Thondekai,Local,30-04-2025,3500,4000,4000
Tamil Nadu,Salem,Athur(Uzhavar Sandhai ),Tube Flower,Tube Flower,Local,30-04-2025,38000,40000,40000
Tamil Nadu,Salem,Athur(Uzhavar Sandhai ),Yam (Ratalu),Yam (Ratalu),Local,30-04-2025,4000,6000,6000
Tamil Nadu,Salem,Attayampatti(Uzhavar Sandhai ),Banana,Besrai,Local,30-04-2025,3500,4000,4000
Tamil Nadu,Salem,Attayampatti(Uzhavar Sandhai ),Banana - Green,Banana - Green,Local,30-04-2025,1600,2000,2000
Tamil Nadu,Salem,Attayampatti(Uzhavar Sandhai ),Bottle gourd,Bottle Gourd,Local,30-04-2025,1400,1800,1800
Tamil Nadu,Salem,Attayampatti(Uzhavar Sandhai ),Cabbage,Cabbage,Local,30-04-2025,2000,2400,2400
Tamil Nadu,Salem,Attayampatti(Uzhavar Sandhai ),Tomato,Deshi,Local,30-04-2025,1000,1300,1300
Tamil Nadu,Salem,Edapadi (Uzhavar Sandhai ),Ashgourd,Gouard,Local,30-04-2025,1000,1200,1200
Tamil Nadu,Salem,Edapadi (Uzhavar Sandhai ),Beetroot,Beetroot,Local,30-04-2025,3000,6000,6000
Tamil Nadu,Salem,Edapadi (Uzhavar Sandhai ),Brinjal,Round,Local,30-04-2025,1200,1600,1600
Tamil Nadu,Salem,Edapadi (Uzhavar Sandhai ),Carrot,Pusakesar,Local,30-04-2025,5000,5400,5400
Tamil Nadu,Salem,Edapadi (Uzhavar Sandhai ),Cauliflower,Ranchi,Local,30-04-2025,2000,2500,2500
Tamil Nadu,Salem,Edapadi (Uzhavar Sandhai ),Coconut,Coconut,Local,30-04-2025,6000,6500,6500
Tamil Nadu,Salem,Edapadi (Uzhavar Sandhai ),Coriander(Leaves),I Sort,Local,30-04-2025,2000,2500,2500
Tamil Nadu,Salem,Edapadi (Uzhavar Sandhai ),Drumstick,Drumstick,Local,30-04-2025,4000,5000,5000
Tamil Nadu,Salem,Edapadi (Uzhavar Sandhai ),Mango (Raw-Ripe),Mango - Raw-Ripe,Local,30-04-2025,2000,3000,3000
Tamil Nadu,Salem,Elampillai(Uzhavar Sandhai ),Ashgourd,Gouard,Local,30-04-2025,1200,1400,1400
Tamil Nadu,Salem,Elampillai(Uzhavar Sandhai ),Cabbage,Cabbage,Local,30-04-2025,2600,3000,3000
Tamil Nadu,Salem,Elampillai(Uzhavar Sandhai ),Capsicum,Capsicum,Local,30-04-2025,6000,6200,6200
Tamil Nadu,Salem,Elampillai(Uzhavar Sandhai ),Coconut,Coconut,Local,30-04-2025,6000,7000,7000
Tamil Nadu,Salem,Elampillai(Uzhavar Sandhai ),Rose(Local),Rose (Local),Local,30-04-2025,6000,7000,7000
Tamil Nadu,Salem,Elampillai(Uzhavar Sandhai ),Thondekai,Thondekai,Local,30-04-2025,3000,3500,3500
Tamil Nadu,Salem,Elampillai(Uzhavar Sandhai ),Tube Rose(Loose),Tube Rose (Loose),Local,30-04-2025,9000,10000,10000
Tamil Nadu,Salem,Hasthampatti(Uzhavar Sandhai ),Amla(Nelli Kai),Amla,Local,30-04-2025,7000,8000,8000
Tamil Nadu,Salem,Hasthampatti(Uzhavar Sandhai ),Banana - Green,Banana - Green,Local,30-04-2025,2000,2400,2400
Tamil Nadu,Salem,Hasthampatti(Uzhavar Sandhai ),Chikoos(Sapota),Sapota,Local,30-04-2025,3500,4000,4000
Tamil Nadu,Salem,Hasthampatti(Uzhavar Sandhai ),Chow Chow,Chow Chow,Local,30-04-2025,3000,3200,3200
Tamil Nadu,Salem,Hasthampatti(Uzhavar Sandhai ),Coconut,Coconut,Local,30-04-2025,6000,7000,7000
Tamil Nadu,Salem,Hasthampatti(Uzhavar Sandhai ),Cowpea(Veg),Cowpea (Veg),Local,30-04-2025,4000,4500,4500
Tamil Nadu,Salem,Hasthampatti(Uzhavar Sandhai ),Cucumbar(Kheera),Cucumbar,Local,30-04-2025,4000,8000,8000
Tamil Nadu,Salem,Hasthampatti(Uzhavar Sandhai ),Lemon,Lemon,Local,30-04-2025,7000,8000,8000
Tamil Nadu,Salem,Hasthampatti(Uzhavar Sandhai ),Mango,Safeda,Local,30-04-2025,8000,18000,18000
Tamil Nadu,Salem,Hasthampatti(Uzhavar Sandhai ),Mashrooms,Mashrooms,Local,30-04-2025,3000,3500,3500
Tamil Nadu,Salem,Hasthampatti(Uzhavar Sandhai ),Mint(Pudina),Mint(Pudina),Local,30-04-2025,2000,2500,2500
Tamil Nadu,Salem,Jalagandapuram(Uzhavar Sandhai ),Bhindi(Ladies Finger),Bhindi,Local,30-04-2025,1800,2000,2000
Tamil Nadu,Salem,Jalagandapuram(Uzhavar Sandhai ),Brinjal,Round,Local,30-04-2025,1000,1600,1600
Tamil Nadu,Salem,Jalagandapuram(Uzhavar Sandhai ),Groundnut,Big (With Shell),Local,30-04-2025,5500,6000,6000
Tamil Nadu,Salem,Jalagandapuram(Uzhavar Sandhai ),Pumpkin,Pumpkin,Local,30-04-2025,1200,1400,1400
Tamil Nadu,Salem,Jalagandapuram(Uzhavar Sandhai ),Tapioca,Tapioca,Local,30-04-2025,2800,3000,3000
Tamil Nadu,Salem,Mettur(Uzhavar Sandhai ),Ashgourd,Gouard,Local,30-04-2025,1000,1200,1200
Tamil Nadu,Salem,Mettur(Uzhavar Sandhai ),Beetroot,Beetroot,Local,30-04-2025,4000,5000,5000
Tamil Nadu,Salem,Mettur(Uzhavar Sandhai ),Cabbage,Cabbage,Local,30-04-2025,2000,2000,2000
Tamil Nadu,Salem,Mettur(Uzhavar Sandhai ),Drumstick,Drumstick,Local,30-04-2025,4000,5000,5000
Tamil Nadu,Salem,Mettur(Uzhavar Sandhai ),Garlic,Average,Local,30-04-2025,10000,12000,12000
Tamil Nadu,Salem,Mettur(Uzhavar Sandhai ),Onion Green,Onion Green,Local,30-04-2025,3000,3500,3500
Tamil Nadu,Salem,Mettur(Uzhavar Sandhai ),Papaya,Papaya,Local,30-04-2025,2000,3000,3000
Tamil Nadu,Salem,Mettur(Uzhavar Sandhai ),Pumpkin,Pumpkin,Local,30-04-2025,1000,1400,1400
Tamil Nadu,Salem,Mettur(Uzhavar Sandhai ),Raddish,Raddish,Local,30-04-2025,2000,2000,2000
Tamil Nadu,Salem,Mettur(Uzhavar Sandhai ),Snakeguard,Snakeguard,Local,30-04-2025,2000,2400,2400
Tamil Nadu,Salem,Mettur(Uzhavar Sandhai ),Water Melon,Water Melon,Local,30-04-2025,1000,1000,1000
Tamil Nadu,Salem,Sooramangalam(Uzhavar Sandhai ),Ashgourd,Gouard,Local,30-04-2025,1200,1400,1400
Tamil Nadu,Salem,Sooramangalam(Uzhavar Sandhai ),Beans,Beans (Whole),Local,30-04-2025,7200,10200,10200
Tamil Nadu,Salem,Sooramangalam(Uzhavar Sandhai ),Beetroot,Beetroot,Local,30-04-2025,6000,6400,6400
Tamil Nadu,Salem,Sooramangalam(Uzhavar Sandhai ),Carrot,Pusakesar,Local,30-04-2025,5000,5400,5400
Tamil Nadu,Salem,Sooramangalam(Uzhavar Sandhai ),Coconut,Coconut,Local,30-04-2025,6500,7000,7000
Tamil Nadu,Salem,Sooramangalam(Uzhavar Sandhai ),Cowpea(Veg),Cowpea (Veg),Local,30-04-2025,4500,5000,5000
Tamil Nadu,Salem,Sooramangalam(Uzhavar Sandhai ),Elephant Yam (Suran),Elephant Yam (Suran),Local,30-04-2025,5000,5500,5500
Tamil Nadu,Salem,Sooramangalam(Uzhavar Sandhai ),Lemon,Lemon,Local,30-04-2025,6000,7000,7000
Tamil Nadu,Salem,Sooramangalam(Uzhavar Sandhai ),Maize,Deshi Red,Local,30-04-2025,1800,2000,2000
Tamil Nadu,Salem,Sooramangalam(Uzhavar Sandhai ),Mint(Pudina),Mint(Pudina),Local,30-04-2025,2000,2500,2500
Tamil Nadu,Salem,Sooramangalam(Uzhavar Sandhai ),Onion,Bellary,Local,30-04-2025,2600,3000,3000
Tamil Nadu,Salem,Sooramangalam(Uzhavar Sandhai ),Raddish,Raddish,Local,30-04-2025,2000,2400,2400
Tamil Nadu,Salem,Sooramangalam(Uzhavar Sandhai ),Tapioca,Tapioca,Local,30-04-2025,2500,3000,3000
Tamil Nadu,Salem,Sooramangalam(Uzhavar Sandhai ),Tomato,Deshi,Local,30-04-2025,1000,1300,1300
Tamil Nadu,Salem,Sooramangalam(Uzhavar Sandhai ),Yam (Ratalu),Yam (Ratalu),Local,30-04-2025,7500,8000,8000
Tamil Nadu,Salem,Thammampatti (Uzhavar Sandhai ),Amaranthus,Amaranthus,Local,30-04-2025,1600,2000,2000
Tamil Nadu,Salem,Thammampatti (Uzhavar Sandhai ),Bitter gourd,Bitter Gourd,Local,30-04-2025,3600,4000,4000
Tamil Nadu,Salem,Thammampatti (Uzhavar Sandhai ),Brinjal,Round,Local,30-04-2025,1200,1600,1600
Tamil Nadu,Salem,Thammampatti (Uzhavar Sandhai ),Elephant Yam (Suran),Elephant Yam (Suran),Local,30-04-2025,3500,4000,4000
Tamil Nadu,Salem,Thammampatti (Uzhavar Sandhai ),Ginger(Green),Green Ginger,Local,30-04-2025,5000,5400,5400
Tamil Nadu,Salem,Thammampatti (Uzhavar Sandhai ),Mint(Pudina),Mint(Pudina),Local,30-04-2025,2600,3000,3000
Tamil Nadu,Salem,Thammampatti (Uzhavar Sandhai ),Onion Green,Onion Green,Local,30-04-2025,3200,3800,3800
Tamil Nadu,Salem,Thammampatti (Uzhavar Sandhai ),Raddish,Raddish,Local,30-04-2025,2000,2400,2400
Tamil Nadu,Salem,Thammampatti (Uzhavar Sandhai ),Ridgeguard(Tori),Ridgeguard(Tori),Local,30-04-2025,3500,4000,4000
Tamil Nadu,Salem,Thammampatti (Uzhavar Sandhai ),Yam (Ratalu),Yam (Ratalu),Local,30-04-2025,3500,4000,4000
Tamil Nadu,Salem,Thathakapatti(Uzhavar Sandhai ),Banana - Green,Banana - Green,Local,30-04-2025,2000,2400,2400
Tamil Nadu,Salem,Thathakapatti(Uzhavar Sandhai ),Cabbage,Cabbage,Local,30-04-2025,1500,2000,2000
Tamil Nadu,Salem,Thathakapatti(Uzhavar Sandhai ),Chikoos(Sapota),Sapota,Local,30-04-2025,3000,4000,4000
Tamil Nadu,Salem,Thathakapatti(Uzhavar Sandhai ),Coconut,Coconut,Local,30-04-2025,6000,6500,6500
Tamil Nadu,Salem,Thathakapatti(Uzhavar Sandhai ),Drumstick,Drumstick,Local,30-04-2025,4000,5000,5000
Tamil Nadu,Salem,Thathakapatti(Uzhavar Sandhai ),Green Chilli,Green Chilly,Local,30-04-2025,2800,3000,3000
Tamil Nadu,Salem,Thathakapatti(Uzhavar Sandhai ),Kakada,Kakada,Local,30-04-2025,25000,30000,30000
Tamil Nadu,Salem,Thathakapatti(Uzhavar Sandhai ),Karbuja(Musk Melon),Karbhuja,Local,30-04-2025,2000,2500,2500
Tamil Nadu,Salem,Thathakapatti(Uzhavar Sandhai ),Lime,Lime,Local,30-04-2025,3500,4000,4000
Tamil Nadu,Salem,Thathakapatti(Uzhavar Sandhai ),Pomegranate,Pomogranate,Local,30-04-2025,14000,16000,16000
Tamil Nadu,Salem,Thathakapatti(Uzhavar Sandhai ),Potato,(Red Nanital),Local,30-04-2025,3600,4500,4500
Tamil Nadu,Salem,Thathakapatti(Uzhavar Sandhai ),Pumpkin,Pumpkin,Local,30-04-2025,1000,1200,1200
Tamil Nadu,Salem,Thathakapatti(Uzhavar Sandhai ),Tomato,Deshi,Local,30-04-2025,1000,1300,1300
Tamil Nadu,Salem,Thathakapatti(Uzhavar Sandhai ),Tube Rose(Loose),Tube Rose (Loose),Local,30-04-2025,8000,10000,10000
Tamil Nadu,Sivaganga,Karaikudi(Uzhavar Sandhai ),Ashgourd,Gouard,Local,30-04-2025,2000,2000,2000
Tamil Nadu,Sivaganga,Karaikudi(Uzhavar Sandhai ),Cabbage,Cabbage,Local,30-04-2025,2200,2500,2500
Tamil Nadu,Sivaganga,Karaikudi(Uzhavar Sandhai ),Capsicum,Capsicum,Local,30-04-2025,5500,6500,6500
Tamil Nadu,Sivaganga,Karaikudi(Uzhavar Sandhai ),Chow Chow,Chow Chow,Local,30-04-2025,2000,2200,2200
Tamil Nadu,Sivaganga,Karaikudi(Uzhavar Sandhai ),Coriander(Leaves),I Sort,Local,30-04-2025,7000,7000,7000
Tamil Nadu,Sivaganga,Karaikudi(Uzhavar Sandhai ),Green Avare (W),Avare (W),Local,30-04-2025,5500,6500,6500
Tamil Nadu,Sivaganga,Karaikudi(Uzhavar Sandhai ),Mashrooms,Mashrooms,Local,30-04-2025,22500,22500,22500
Tamil Nadu,Sivaganga,Karaikudi(Uzhavar Sandhai ),Papaya,Papaya,Local,30-04-2025,4000,4500,4500
Tamil Nadu,Sivaganga,Singampunari(Uzhavar Sandhai ),Brinjal,Round,Local,30-04-2025,3400,4000,4000
Tamil Nadu,Sivaganga,Singampunari(Uzhavar Sandhai ),Drumstick,Drumstick,Local,30-04-2025,5000,5000,5000
Tamil Nadu,Sivaganga,Singampunari(Uzhavar Sandhai ),Lemon,Lemon,Local,30-04-2025,13500,14500,14500
Tamil Nadu,Sivaganga,Singampunari(Uzhavar Sandhai ),Mint(Pudina),Mint(Pudina),Local,30-04-2025,2500,2500,2500
Tamil Nadu,Sivaganga,Singampunari(Uzhavar Sandhai ),Papaya,Papaya,Local,30-04-2025,4000,4000,4000
Tamil Nadu,Sivaganga,Sivagangai (Uzhavar Sandhai ),Banana,Besrai,Local,30-04-2025,4000,4000,4000
Tamil Nadu,Sivaganga,Sivagangai (Uzhavar Sandhai ),Banana - Green,Banana - Green,Local,30-04-2025,3000,3000,3000
Tamil Nadu,Sivaganga,Sivagangai (Uzhavar Sandhai ),Chikoos(Sapota),Sapota,Local,30-04-2025,5000,6000,6000
Tamil Nadu,Sivaganga,Sivagangai (Uzhavar Sandhai ),Ginger(Green),Green Ginger,Local,30-04-2025,6200,7200,7200
Tamil Nadu,Sivaganga,Sivagangai (Uzhavar Sandhai ),Green Chilli,Green Chilly,Local,30-04-2025,2000,2200,2200
Tamil Nadu,Sivaganga,Sivagangai (Uzhavar Sandhai ),Knool Khol,Knool Khol,Local,30-04-2025,4200,5200,5200
Tamil Nadu,Sivaganga,Sivagangai (Uzhavar Sandhai ),Onion,Bellary,Local,30-04-2025,3000,3200,3200
Tamil Nadu,Sivaganga,Sivagangai (Uzhavar Sandhai ),Potato,(Red Nanital),Local,30-04-2025,2800,4200,4200
Tamil Nadu,Sivaganga,Sivagangai (Uzhavar Sandhai ),Pumpkin,Pumpkin,Local,30-04-2025,1600,1800,1800
Tamil Nadu,Sivaganga,Sivagangai (Uzhavar Sandhai ),Snakeguard,Snakeguard,Local,30-04-2025,3800,4600,4600
Tamil Nadu,Sivaganga,Tirupatthur(Uzhavar Sandhai ),Bitter gourd,Bitter Gourd,Local,30-04-2025,5000,5400,5400
Tamil Nadu,Sivaganga,Tirupatthur(Uzhavar Sandhai ),Carrot,Pusakesar,Local,30-04-2025,2800,4000,4000
Tamil Nadu,Sivaganga,Tirupatthur(Uzhavar Sandhai ),Chikoos(Sapota),Sapota,Local,30-04-2025,5400,6500,6500
Tamil Nadu,Sivaganga,Tirupatthur(Uzhavar Sandhai ),Ginger(Green),Green Ginger,Local,30-04-2025,6400,7500,7500
Tamil Nadu,Sivaganga,Tirupatthur(Uzhavar Sandhai ),Papaya,Papaya,Local,30-04-2025,4000,4500,4500
Tamil Nadu,Sivaganga,Tirupatthur(Uzhavar Sandhai ),Yam (Ratalu),Yam (Ratalu),Local,30-04-2025,8000,9000,9000
Tamil Nadu,Thanjavur,Papanasam(Uzhavar Sandhai ),Elephant Yam (Suran),Elephant Yam (Suran),Local,30-04-2025,7000,7000,7000
Tamil Nadu,Thanjavur,Papanasam(Uzhavar Sandhai ),Mint(Pudina),Mint(Pudina),Local,30-04-2025,4000,4000,4000
Tamil Nadu,Thanjavur,Papanasam(Uzhavar Sandhai ),Onion Green,Onion Green,Local,30-04-2025,4500,4500,4500
Tamil Nadu,Thanjavur,Pattukottai(Uzhavar Sandhai ),Cabbage,Cabbage,Local,30-04-2025,2000,2000,2000
Tamil Nadu,Thanjavur,Pattukottai(Uzhavar Sandhai ),Drumstick,Drumstick,Local,30-04-2025,5400,5400,5400
Tamil Nadu,Thanjavur,Pattukottai(Uzhavar Sandhai ),Elephant Yam (Suran),Elephant Yam (Suran),Local,30-04-2025,6000,6000,6000
Tamil Nadu,Thanjavur,Pattukottai(Uzhavar Sandhai ),Garlic,Average,Local,30-04-2025,12000,12000,12000
Tamil Nadu,Thanjavur,Pattukottai(Uzhavar Sandhai ),Green Avare (W),Avare (W),Local,30-04-2025,4400,4400,4400
Tamil Nadu,Thanjavur,Pattukottai(Uzhavar Sandhai ),Mint(Pudina),Mint(Pudina),Local,30-04-2025,3500,3500,3500
Tamil Nadu,Thanjavur,Pattukottai(Uzhavar Sandhai ),Onion Green,Onion Green,Local,30-04-2025,4500,4500,4500
Tamil Nadu,Thanjavur,Pattukottai(Uzhavar Sandhai ),Potato,(Red Nanital),Local,30-04-2025,3600,3600,3600
Tamil Nadu,Thanjavur,Pattukottai(Uzhavar Sandhai ),Raddish,Raddish,Local,30-04-2025,2800,2800,2800
Tamil Nadu,Thanjavur,Thanjavur(Uzhavar Sandhai ),Banana,Besrai,Local,30-04-2025,4000,9000,9000
Tamil Nadu,Thanjavur,Thanjavur(Uzhavar Sandhai ),Banana - Green,Banana - Green,Local,30-04-2025,4000,4000,4000
Tamil Nadu,Thanjavur,Thanjavur(Uzhavar Sandhai ),Beans,Beans (Whole),Local,30-04-2025,6000,6000,6000
Tamil Nadu,Thanjavur,Thanjavur(Uzhavar Sandhai ),Bhindi(Ladies Finger),Bhindi,Local,30-04-2025,2800,2800,2800
Tamil Nadu,Thanjavur,Thanjavur(Uzhavar Sandhai ),Brinjal,Round,Local,30-04-2025,3400,3400,3400
Tamil Nadu,Thanjavur,Thanjavur(Uzhavar Sandhai ),Cabbage,Cabbage,Local,30-04-2025,2000,2000,2000
Tamil Nadu,Thanjavur,Thanjavur(Uzhavar Sandhai ),Elephant Yam (Suran),Elephant Yam (Suran),Local,30-04-2025,7000,7000,7000
Tamil Nadu,Thanjavur,Thanjavur(Uzhavar Sandhai ),Lemon,Lemon,Local,30-04-2025,10000,10000,10000
Tamil Nadu,Thanjavur,Thanjavur(Uzhavar Sandhai ),Mousambi(Sweet Lime),Mousambi,Local,30-04-2025,6000,6000,6000
Tamil Nadu,Thanjavur,Thanjavur(Uzhavar Sandhai ),Papaya,Papaya,Local,30-04-2025,5000,5000,5000
Tamil Nadu,Thanjavur,Thanjavur(Uzhavar Sandhai ),Raddish,Raddish,Local,30-04-2025,2400,2400,2400
Tamil Nadu,Thanjavur,Thanjavur(Uzhavar Sandhai ),Ridgeguard(Tori),Ridgeguard(Tori),Local,30-04-2025,3600,3600,3600
Tamil Nadu,Thanjavur,Thanjavur(Uzhavar Sandhai ),Rose(Local),Rose (Local),Local,30-04-2025,20000,20000,20000
Tamil Nadu,Thanjavur,Thanjavur(Uzhavar Sandhai ),Thondekai,Thondekai,Local,30-04-2025,2600,2600,2600
Tamil Nadu,The Nilgiris,Gudalur(Uzhavar Sandhai ),Cluster beans,Cluster Beans,Local,30-04-2025,3000,3500,3500
Tamil Nadu,The Nilgiris,Gudalur(Uzhavar Sandhai ),Coriander(Leaves),I Sort,Local,30-04-2025,6000,7000,7000
Tamil Nadu,The Nilgiris,Gudalur(Uzhavar Sandhai ),Drumstick,Drumstick,Local,30-04-2025,3500,4000,4000
Tamil Nadu,The Nilgiris,Gudalur(Uzhavar Sandhai ),Green Chilli,Green Chilly,Local,30-04-2025,2500,3000,3000
Tamil Nadu,The Nilgiris,Gudalur(Uzhavar Sandhai ),Ridgeguard(Tori),Ridgeguard(Tori),Local,30-04-2025,4000,4500,4500
Tamil Nadu,The Nilgiris,Udhagamandalam(Uzhavar Sandhai ),Beetroot,Beetroot,Local,30-04-2025,2000,2500,2500
Tamil Nadu,The Nilgiris,Udhagamandalam(Uzhavar Sandhai ),Cluster beans,Cluster Beans,Local,30-04-2025,2500,3000,3000
Tamil Nadu,The Nilgiris,Udhagamandalam(Uzhavar Sandhai ),Coriander(Leaves),I Sort,Local,30-04-2025,7000,8000,8000
Tamil Nadu,The Nilgiris,Udhagamandalam(Uzhavar Sandhai ),Cucumbar(Kheera),Cucumbar,Local,30-04-2025,3000,3500,3500
Tamil Nadu,The Nilgiris,Udhagamandalam(Uzhavar Sandhai ),Green Chilli,Green Chilly,Local,30-04-2025,2800,3200,3200
Tamil Nadu,The Nilgiris,Udhagamandalam(Uzhavar Sandhai ),Green Peas,Green Peas,Local,30-04-2025,8000,11000,11000
Tamil Nadu,The Nilgiris,Udhagamandalam(Uzhavar Sandhai ),Guava,Guava Alahabad,Local,30-04-2025,7000,8000,8000
Tamil Nadu,The Nilgiris,Udhagamandalam(Uzhavar Sandhai ),Lemon,Lemon,Local,30-04-2025,12000,14000,14000
Tamil Nadu,The Nilgiris,Udhagamandalam(Uzhavar Sandhai ),Lime,Lime,Local,30-04-2025,12000,14000,14000
Tamil Nadu,The Nilgiris,Udhagamandalam(Uzhavar Sandhai ),Mango,Safeda,Local,30-04-2025,12000,15000,15000
Tamil Nadu,The Nilgiris,Udhagamandalam(Uzhavar Sandhai ),Mint(Pudina),Mint(Pudina),Local,30-04-2025,4500,5000,5000
Tamil Nadu,The Nilgiris,Udhagamandalam(Uzhavar Sandhai ),Ridgeguard(Tori),Ridgeguard(Tori),Local,30-04-2025,3500,4000,4000
Tamil Nadu,The Nilgiris,Udhagamandalam(Uzhavar Sandhai ),Sweet Potato,Hosur Red,Local,30-04-2025,3000,3500,3500
Tamil Nadu,The Nilgiris,Udhagamandalam(Uzhavar Sandhai ),Thondekai,Thondekai,Local,30-04-2025,3000,3500,3500
Tamil Nadu,Theni,Bodinayakanur(Uzhavar Sandhai ),Ashgourd,Gouard,Local,30-04-2025,1200,1500,1500
Tamil Nadu,Theni,Bodinayakanur(Uzhavar Sandhai ),Colacasia,Colacasia,Local,30-04-2025,6000,6200,6200
Tamil Nadu,Theni,Bodinayakanur(Uzhavar Sandhai ),Ginger(Green),Green Ginger,Local,30-04-2025,4800,4800,4800
Tamil Nadu,Theni,Bodinayakanur(Uzhavar Sandhai ),Mint(Pudina),Mint(Pudina),Local,30-04-2025,3200,3200,3200
Tamil Nadu,Theni,Bodinayakanur(Uzhavar Sandhai ),Papaya,Papaya,Local,30-04-2025,2500,3000,3000
Tamil Nadu,Theni,Chinnamanur(Uzhavar Sandhai ),Beans,Beans (Whole),Local,30-04-2025,3200,3800,3800
Tamil Nadu,Theni,Chinnamanur(Uzhavar Sandhai ),Cauliflower,Ranchi,Local,30-04-2025,1500,2000,2000
Tamil Nadu,Theni,Chinnamanur(Uzhavar Sandhai ),Coconut,Coconut,Local,30-04-2025,5800,5800,5800
Tamil Nadu,Theni,Chinnamanur(Uzhavar Sandhai ),Drumstick,Drumstick,Local,30-04-2025,3600,4000,4000
Tamil Nadu,Theni,Chinnamanur(Uzhavar Sandhai ),Onion Green,Onion Green,Local,30-04-2025,3400,3800,3800
Tamil Nadu,Theni,Chinnamanur(Uzhavar Sandhai ),Ridgeguard(Tori),Ridgeguard(Tori),Local,30-04-2025,4200,4200,4200
Tamil Nadu,Theni,Devaram(Uzhavar Sandhai ),Beetroot,Beetroot,Local,30-04-2025,2000,2000,2000
Tamil Nadu,Theni,Devaram(Uzhavar Sandhai ),Chow Chow,Chow Chow,Local,30-04-2025,1500,1500,1500
Tamil Nadu,Theni,Devaram(Uzhavar Sandhai ),Ridgeguard(Tori),Ridgeguard(Tori),Local,30-04-2025,4000,4000,4000
Tamil Nadu,Theni,Devaram(Uzhavar Sandhai ),Snakeguard,Snakeguard,Local,30-04-2025,2400,2400,2400
Tamil Nadu,Theni,Devaram(Uzhavar Sandhai ),Tomato,Deshi,Local,30-04-2025,1500,1500,1500
Tamil Nadu,Theni,Kambam(Uzhavar Sandhai ),Beans,Beans (Whole),Local,30-04-2025,3800,3800,3800
Tamil Nadu,Theni,Kambam(Uzhavar Sandhai ),Cucumbar(Kheera),Cucumbar,Local,30-04-2025,1300,1300,1300
Tamil Nadu,Theni,Kambam(Uzhavar Sandhai ),Green Avare (W),Avare (W),Local,30-04-2025,5000,5000,5000
Tamil Nadu,Theni,Kambam(Uzhavar Sandhai ),Snakeguard,Snakeguard,Local,30-04-2025,1200,2400,2400
Tamil Nadu,Theni,Periyakulam(Uzhavar Sandhai ),Beetroot,Beetroot,Local,30-04-2025,1800,2000,2000
Tamil Nadu,Theni,Periyakulam(Uzhavar Sandhai ),Cluster beans,Cluster Beans,Local,30-04-2025,1800,2000,2000
Tamil Nadu,Theni,Periyakulam(Uzhavar Sandhai ),Drumstick,Drumstick,Local,30-04-2025,3400,3800,3800
Tamil Nadu,Theni,Periyakulam(Uzhavar Sandhai ),Ginger(Green),Green Ginger,Local,30-04-2025,4400,4600,4600
Tamil Nadu,Theni,Periyakulam(Uzhavar Sandhai ),Onion Green,Onion Green,Local,30-04-2025,3200,3800,3800
Tamil Nadu,Theni,Periyakulam(Uzhavar Sandhai ),Ridgeguard(Tori),Ridgeguard(Tori),Local,30-04-2025,2800,3000,3000
Tamil Nadu,Theni,Periyakulam(Uzhavar Sandhai ),Tomato,Deshi,Local,30-04-2025,1400,1600,1600
Tamil Nadu,Theni,Periyakulam(Uzhavar Sandhai ),Yam (Ratalu),Yam (Ratalu),Local,30-04-2025,7500,8000,8000
Tamil Nadu,Theni,Theni(Uzhavar Sandhai ),Bottle gourd,Bottle Gourd,Local,30-04-2025,500,800,800
Tamil Nadu,Theni,Theni(Uzhavar Sandhai ),Capsicum,Capsicum,Local,30-04-2025,4500,4500,4500
Tamil Nadu,Theni,Theni(Uzhavar Sandhai ),Coriander(Leaves),I Sort,Local,30-04-2025,5000,5000,5000
Tamil Nadu,Theni,Theni(Uzhavar Sandhai ),Garlic,Average,Local,30-04-2025,8000,16000,16000
Tamil Nadu,Theni,Theni(Uzhavar Sandhai ),Ginger(Green),Green Ginger,Local,30-04-2025,4600,4600,4600
Tamil Nadu,Theni,Theni(Uzhavar Sandhai ),Green Peas,Green Peas,Local,30-04-2025,8000,8800,8800
Tamil Nadu,Theni,Theni(Uzhavar Sandhai ),Mango (Raw-Ripe),Mango - Raw-Ripe,Local,30-04-2025,2000,2200,2200
Tamil Nadu,Theni,Theni(Uzhavar Sandhai ),Mousambi(Sweet Lime),Mousambi,Local,30-04-2025,7000,7000,7000
Tamil Nadu,Theni,Theni(Uzhavar Sandhai ),Orange,Darjeeling,Local,30-04-2025,10000,16000,16000
Tamil Nadu,Theni,Theni(Uzhavar Sandhai ),Papaya,Papaya,Local,30-04-2025,3000,3000,3000
Tamil Nadu,Theni,Theni(Uzhavar Sandhai ),Pomegranate,Pomogranate,Local,30-04-2025,20000,26000,26000
Tamil Nadu,Theni,Theni(Uzhavar Sandhai ),Potato,(Red Nanital),Local,30-04-2025,3200,3500,3500
Tamil Nadu,Theni,Theni(Uzhavar Sandhai ),Snakeguard,Snakeguard,Local,30-04-2025,2000,2400,2400
Tamil Nadu,Thiruchirappalli,Lalgudi(Uzhavar Sandhai ),Amla(Nelli Kai),Amla,Local,30-04-2025,6000,6000,6000
Tamil Nadu,Thiruchirappalli,Lalgudi(Uzhavar Sandhai ),Banana,Besrai,Local,30-04-2025,5000,6000,6000
Tamil Nadu,Thiruchirappalli,Lalgudi(Uzhavar Sandhai ),Cauliflower,Ranchi,Local,30-04-2025,4000,4000,4000
Tamil Nadu,Thiruchirappalli,Lalgudi(Uzhavar Sandhai ),Drumstick,Drumstick,Local,30-04-2025,4500,4500,4500
Tamil Nadu,Thiruchirappalli,Lalgudi(Uzhavar Sandhai ),Ginger(Green),Green Ginger,Local,30-04-2025,5800,5800,5800
Tamil Nadu,Thiruchirappalli,Lalgudi(Uzhavar Sandhai ),Onion,Bellary,Local,30-04-2025,3000,3000,3000
Tamil Nadu,Thiruchirappalli,Lalgudi(Uzhavar Sandhai ),Snakeguard,Snakeguard,Local,30-04-2025,3500,3500,3500
Tamil Nadu,Thiruchirappalli,Manachanallur(Uzhavar Sandhai ),Beans,Beans (Whole),Local,30-04-2025,7600,7600,7600
Tamil Nadu,Thiruchirappalli,Manachanallur(Uzhavar Sandhai ),Cabbage,Cabbage,Local,30-04-2025,1800,1800,1800
Tamil Nadu,Thiruchirappalli,Manachanallur(Uzhavar Sandhai ),Carrot,Pusakesar,Local,30-04-2025,4000,4000,4000
Tamil Nadu,Thiruchirappalli,Manachanallur(Uzhavar Sandhai ),Drumstick,Drumstick,Local,30-04-2025,4000,4500,4500
Tamil Nadu,Thiruchirappalli,Manachanallur(Uzhavar Sandhai ),Garlic,Average,Local,30-04-2025,12000,12000,12000
Tamil Nadu,Thiruchirappalli,Manachanallur(Uzhavar Sandhai ),Guava,Guava Alahabad,Local,30-04-2025,5000,5000,5000
Tamil Nadu,Thiruchirappalli,Manachanallur(Uzhavar Sandhai ),Mango (Raw-Ripe),Mango - Raw-Ripe,Local,30-04-2025,3600,3600,3600
Tamil Nadu,Thiruchirappalli,Manachanallur(Uzhavar Sandhai ),Pumpkin,Pumpkin,Local,30-04-2025,1400,1400,1400
Tamil Nadu,Thiruchirappalli,Manachanallur(Uzhavar Sandhai ),Raddish,Raddish,Local,30-04-2025,2400,2400,2400
Tamil Nadu,Thiruchirappalli,Manachanallur(Uzhavar Sandhai ),Ridgeguard(Tori),Ridgeguard(Tori),Local,30-04-2025,3000,3600,3600
Tamil Nadu,Thiruchirappalli,Manachanallur(Uzhavar Sandhai ),Snakeguard,Snakeguard,Local,30-04-2025,3000,3000,3000
Tamil Nadu,Thiruchirappalli,Manapparai(Uzhavar Sandhai ),Amaranthus,Amaranthus,Local,30-04-2025,2000,2000,2000
Tamil Nadu,Thiruchirappalli,Manapparai(Uzhavar Sandhai ),Beans,Beans (Whole),Local,30-04-2025,6000,8000,8000
Tamil Nadu,Thiruchirappalli,Manapparai(Uzhavar Sandhai ),Bhindi(Ladies Finger),Bhindi,Local,30-04-2025,2400,2400,2400
Tamil Nadu,Thiruchirappalli,Manapparai(Uzhavar Sandhai ),Cabbage,Cabbage,Local,30-04-2025,2000,2000,2000
Tamil Nadu,Thiruchirappalli,Manapparai(Uzhavar Sandhai ),Coriander(Leaves),I Sort,Local,30-04-2025,3600,3600,3600
Tamil Nadu,Thiruchirappalli,Manapparai(Uzhavar Sandhai ),Green Chilli,Green Chilly,Local,30-04-2025,2500,2500,2500
Tamil Nadu,Thiruchirappalli,Manapparai(Uzhavar Sandhai ),Guava,Guava Alahabad,Local,30-04-2025,8000,8000,8000
Tamil Nadu,Thiruchirappalli,Manapparai(Uzhavar Sandhai ),Mango (Raw-Ripe),Mango - Raw-Ripe,Local,30-04-2025,3600,3600,3600
Tamil Nadu,Thiruchirappalli,Manapparai(Uzhavar Sandhai ),Papaya,Papaya,Local,30-04-2025,3000,3000,3000
Tamil Nadu,Thiruchirappalli,Manapparai(Uzhavar Sandhai ),Potato,(Red Nanital),Local,30-04-2025,3500,3500,3500
Tamil Nadu,Thiruchirappalli,Manapparai(Uzhavar Sandhai ),Tomato,Deshi,Local,30-04-2025,1600,1600,1600
Tamil Nadu,Thiruchirappalli,Musiri(Uzhavar Sandhai ),Bitter gourd,Bitter Gourd,Local,30-04-2025,3000,3600,3600
Tamil Nadu,Thiruchirappalli,Musiri(Uzhavar Sandhai ),Bottle gourd,Bottle Gourd,Local,30-04-2025,1000,1500,1500
Tamil Nadu,Thiruchirappalli,Musiri(Uzhavar Sandhai ),Capsicum,Capsicum,Local,30-04-2025,4500,5000,5000
Tamil Nadu,Thiruchirappalli,Musiri(Uzhavar Sandhai ),Chow Chow,Chow Chow,Local,30-04-2025,1500,2000,2000
Tamil Nadu,Thiruchirappalli,Musiri(Uzhavar Sandhai ),Coconut,Coconut,Local,30-04-2025,6500,7000,7000
Tamil Nadu,Thiruchirappalli,Musiri(Uzhavar Sandhai ),Coriander(Leaves),I Sort,Local,30-04-2025,3000,3400,3400
Tamil Nadu,Thiruchirappalli,Musiri(Uzhavar Sandhai ),Elephant Yam (Suran),Elephant Yam (Suran),Local,30-04-2025,5500,6000,6000
Tamil Nadu,Thiruchirappalli,Musiri(Uzhavar Sandhai ),Ginger(Green),Green Ginger,Local,30-04-2025,5000,5200,5200
Tamil Nadu,Thiruchirappalli,Musiri(Uzhavar Sandhai ),Green Chilli,Green Chilly,Local,30-04-2025,2000,2600,2600
Tamil Nadu,Thiruchirappalli,Musiri(Uzhavar Sandhai ),Green Peas,Green Peas,Local,30-04-2025,8500,9000,9000
Tamil Nadu,Thiruchirappalli,Musiri(Uzhavar Sandhai ),Guava,Guava Alahabad,Local,30-04-2025,4500,5000,5000
Tamil Nadu,Thiruchirappalli,Musiri(Uzhavar Sandhai ),Indian Beans (Seam),Indian Beans (Seam),Local,30-04-2025,7500,8000,8000
Tamil Nadu,Thiruchirappalli,Musiri(Uzhavar Sandhai ),Thondekai,Thondekai,Local,30-04-2025,1500,2000,2000
Tamil Nadu,Thiruchirappalli,Musiri(Uzhavar Sandhai ),Tomato,Deshi,Local,30-04-2025,1000,1600,1600
Tamil Nadu,Thiruchirappalli,Thuraiyur,Ashgourd,Gouard,Local,30-04-2025,1200,1200,1200
Tamil Nadu,Thiruchirappalli,Thuraiyur,Banana,Besrai,Local,30-04-2025,3000,4000,4000
Tamil Nadu,Thiruchirappalli,Thuraiyur,Cabbage,Cabbage,Local,30-04-2025,2000,2000,2000
Tamil Nadu,Thiruchirappalli,Thuraiyur,Carrot,Pusakesar,Local,30-04-2025,4000,4000,4000
Tamil Nadu,Thiruchirappalli,Thuraiyur,Cluster beans,Cluster Beans,Local,30-04-2025,2500,2500,2500
Tamil Nadu,Thiruchirappalli,Thuraiyur,Knool Khol,Knool Khol,Local,30-04-2025,4000,4000,4000
Tamil Nadu,Thiruchirappalli,Thuraiyur,Mint(Pudina),Mint(Pudina),Local,30-04-2025,3000,3000,3000
Tamil Nadu,Thiruchirappalli,Thuraiyur,Onion Green,Onion Green,Local,30-04-2025,4000,5000,5000
Tamil Nadu,Thiruchirappalli,Thuraiyur,Yam (Ratalu),Yam (Ratalu),Local,30-04-2025,8000,8000,8000
Tamil Nadu,Thirunelveli,Ambasamudram(Uzhavar Sandhai ),Ashgourd,Gouard,Local,30-04-2025,800,1000,1000
Tamil Nadu,Thirunelveli,Melapalayam(Uzhavar Sandhai ),Bitter gourd,Bitter Gourd,Local,30-04-2025,3500,4000,4000
Tamil Nadu,Thirunelveli,Melapalayam(Uzhavar Sandhai ),Cucumbar(Kheera),Cucumbar,Local,30-04-2025,1500,4500,4500
Tamil Nadu,Thirunelveli,Melapalayam(Uzhavar Sandhai ),Ginger(Green),Green Ginger,Local,30-04-2025,3600,3800,3800
Tamil Nadu,Thirunelveli,Melapalayam(Uzhavar Sandhai ),Mint(Pudina),Mint(Pudina),Local,30-04-2025,3500,4000,4000
Tamil Nadu,Thirunelveli,Melapalayam(Uzhavar Sandhai ),Potato,(Red Nanital),Local,30-04-2025,3000,3200,3200
Tamil Nadu,Thirunelveli,Melapalayam(Uzhavar Sandhai ),Raddish,Raddish,Local,30-04-2025,2000,2500,2500
Tamil Nadu,Thirunelveli,Melapalayam(Uzhavar Sandhai ),Ridgeguard(Tori),Ridgeguard(Tori),Local,30-04-2025,2500,3000,3000
Tamil Nadu,Thirunelveli,Melapalayam(Uzhavar Sandhai ),Snakeguard,Snakeguard,Local,30-04-2025,2000,2200,2200
Tamil Nadu,Thirunelveli,Palayamkottai(Uzhavar Sandhai ),Carrot,Pusakesar,Local,30-04-2025,2000,3600,3600
Tamil Nadu,Thirunelveli,Palayamkottai(Uzhavar Sandhai ),Cowpea(Veg),Cowpea (Veg),Local,30-04-2025,1800,2000,2000
Tamil Nadu,Thirunelveli,Palayamkottai(Uzhavar Sandhai ),Cucumbar(Kheera),Cucumbar,Local,30-04-2025,1000,4000,4000
Tamil Nadu,Thirunelveli,Palayamkottai(Uzhavar Sandhai ),Grapes,Annabesahai,Local,30-04-2025,10000,12000,12000
Tamil Nadu,Thirunelveli,Palayamkottai(Uzhavar Sandhai ),Green Peas,Green Peas,Local,30-04-2025,10000,11000,11000
Tamil Nadu,Thirunelveli,Palayamkottai(Uzhavar Sandhai ),Onion Green,Onion Green,Local,30-04-2025,3400,4000,4000
Tamil Nadu,Thirunelveli,Palayamkottai(Uzhavar Sandhai ),Snakeguard,Snakeguard,Local,30-04-2025,2000,2200,2200
Tamil Nadu,Thirunelveli,Palayamkottai(Uzhavar Sandhai ),Sweet Potato,Hosur Red,Local,30-04-2025,2200,3500,3500
Tamil Nadu,Thirunelveli,Palayamkottai(Uzhavar Sandhai ),Yam (Ratalu),Yam (Ratalu),Local,30-04-2025,9000,10000,10000
Tamil Nadu,Thirupathur,Natrampalli(Uzhavar Sandhai ),Bhindi(Ladies Finger),Bhindi,Local,30-04-2025,1500,2000,2000
Tamil Nadu,Thirupathur,Natrampalli(Uzhavar Sandhai ),Bitter gourd,Bitter Gourd,Local,30-04-2025,3000,4000,4000
Tamil Nadu,Thirupathur,Natrampalli(Uzhavar Sandhai ),Bottle gourd,Bottle Gourd,Local,30-04-2025,500,1000,1000
Tamil Nadu,Thirupathur,Natrampalli(Uzhavar Sandhai ),Carrot,Pusakesar,Local,30-04-2025,4000,5000,5000
Tamil Nadu,Thirupathur,Natrampalli(Uzhavar Sandhai ),Chikoos(Sapota),Sapota,Local,30-04-2025,2000,3000,3000
Tamil Nadu,Thirupathur,Natrampalli(Uzhavar Sandhai ),Drumstick,Drumstick,Local,30-04-2025,3000,4000,4000
Tamil Nadu,Thirupathur,Natrampalli(Uzhavar Sandhai ),Ginger(Green),Green Ginger,Local,30-04-2025,3000,4000,4000
Tamil Nadu,Thirupathur,Natrampalli(Uzhavar Sandhai ),Green Avare (W),Avare (W),Local,30-04-2025,4000,5000,5000
Tamil Nadu,Thirupathur,Natrampalli(Uzhavar Sandhai ),Papaya,Papaya,Local,30-04-2025,2500,3000,3000
Tamil Nadu,Thirupathur,Natrampalli(Uzhavar Sandhai ),Potato,(Red Nanital),Local,30-04-2025,3000,4000,4000
Tamil Nadu,Thirupathur,Vaniyampadi(Uzhavar Sandhai ),Brinjal,Round,Local,30-04-2025,2000,2000,2000
Tamil Nadu,Thirupathur,Vaniyampadi(Uzhavar Sandhai ),Elephant Yam (Suran),Elephant Yam (Suran),Local,30-04-2025,7000,7000,7000
Tamil Nadu,Thirupathur,Vaniyampadi(Uzhavar Sandhai ),Mango,Safeda,Local,30-04-2025,6000,9000,9000
Tamil Nadu,Thirupathur,Vaniyampadi(Uzhavar Sandhai ),Potato,(Red Nanital),Local,30-04-2025,2500,3000,3000
Tamil Nadu,Thirupathur,Vaniyampadi(Uzhavar Sandhai ),Raddish,Raddish,Local,30-04-2025,2000,2000,2000
Tamil Nadu,Thirupathur,Vaniyampadi(Uzhavar Sandhai ),Tamarind Fruit,Tamarind Fruit,Local,30-04-2025,13000,13000,13000
Tamil Nadu,Thirupur,Dharapuram(Uzhavar Sandhai ),Brinjal,Round,Local,30-04-2025,1500,2000,2000
Tamil Nadu,Thirupur,Dharapuram(Uzhavar Sandhai ),Cabbage,Cabbage,Local,30-04-2025,2000,2500,2500
Tamil Nadu,Thirupur,Dharapuram(Uzhavar Sandhai ),Chikoos(Sapota),Sapota,Local,30-04-2025,3500,4000,4000
Tamil Nadu,Thirupur,Dharapuram(Uzhavar Sandhai ),Ginger(Green),Green Ginger,Local,30-04-2025,4000,5000,5000
Tamil Nadu,Thirupur,Dharapuram(Uzhavar Sandhai ),Green Avare (W),Avare (W),Local,30-04-2025,6000,6500,6500
Tamil Nadu,Thirupur,Dharapuram(Uzhavar Sandhai ),Lemon,Lemon,Local,30-04-2025,12000,14000,14000
Tamil Nadu,Thirupur,Dharapuram(Uzhavar Sandhai ),Mango (Raw-Ripe),Mango - Raw-Ripe,Local,30-04-2025,2500,3000,3000
Tamil Nadu,Thirupur,Dharapuram(Uzhavar Sandhai ),Onion Green,Onion Green,Local,30-04-2025,3000,4000,4000
Tamil Nadu,Thirupur,Dharapuram(Uzhavar Sandhai ),Potato,(Red Nanital),Local,30-04-2025,3500,4500,4500
Tamil Nadu,Thirupur,Dharapuram(Uzhavar Sandhai ),Raddish,Raddish,Local,30-04-2025,1500,2000,2000
Tamil Nadu,Thirupur,Dharapuram(Uzhavar Sandhai ),Snakeguard,Snakeguard,Local,30-04-2025,2000,2500,2500
Tamil Nadu,Thirupur,Dharapuram(Uzhavar Sandhai ),Turnip,Turnip,Local,30-04-2025,3000,3500,3500
Tamil Nadu,Thirupur,Kangayam(Uzhavar Sandhai ),Amaranthus,Amaranthus,Local,30-04-2025,2200,2500,2500
Tamil Nadu,Thirupur,Kangayam(Uzhavar Sandhai ),Ashgourd,Gouard,Local,30-04-2025,1700,2000,2000
Tamil Nadu,Thirupur,Kangayam(Uzhavar Sandhai ),Bitter gourd,Bitter Gourd,Local,30-04-2025,4500,4800,4800
Tamil Nadu,Thirupur,Kangayam(Uzhavar Sandhai ),Lemon,Lemon,Local,30-04-2025,12500,13000,13000
Tamil Nadu,Thirupur,Kangayam(Uzhavar Sandhai ),Onion Green,Onion Green,Local,30-04-2025,4400,4700,4700
Tamil Nadu,Thirupur,Kangayam(Uzhavar Sandhai ),Raddish,Raddish,Local,30-04-2025,3700,4000,4000
Tamil Nadu,Thirupur,Kangayam(Uzhavar Sandhai ),Snakeguard,Snakeguard,Local,30-04-2025,2600,3000,3000
Tamil Nadu,Thirupur,Kangayam(Uzhavar Sandhai ),Tender Coconut,Tender Coconut,Local,30-04-2025,2000,2500,2500
Tamil Nadu,Thirupur,Palladam(Uzhavar Sandhai ),Beans,Beans (Whole),Local,30-04-2025,6000,6500,6500
Tamil Nadu,Thirupur,Palladam(Uzhavar Sandhai ),Chow Chow,Chow Chow,Local,30-04-2025,2000,2600,2600
Tamil Nadu,Thirupur,Palladam(Uzhavar Sandhai ),Coconut,Coconut,Local,30-04-2025,5500,6000,6000
Tamil Nadu,Thirupur,Palladam(Uzhavar Sandhai ),Ginger(Green),Green Ginger,Local,30-04-2025,4500,5000,5000
Tamil Nadu,Thirupur,Palladam(Uzhavar Sandhai ),Green Chilli,Green Chilly,Local,30-04-2025,3000,3500,3500
Tamil Nadu,Thirupur,Palladam(Uzhavar Sandhai ),Lemon,Lemon,Local,30-04-2025,10000,12000,12000
Tamil Nadu,Thirupur,Palladam(Uzhavar Sandhai ),Ridgeguard(Tori),Ridgeguard(Tori),Local,30-04-2025,5000,6000,6000
Tamil Nadu,Thirupur,Tiruppur (South) (Uzhavar Sandhai ),Ashgourd,Gouard,Local,30-04-2025,1000,1500,1500
Tamil Nadu,Thirupur,Tiruppur (South) (Uzhavar Sandhai ),Bottle gourd,Bottle Gourd,Local,30-04-2025,1000,1500,1500
Tamil Nadu,Thirupur,Tiruppur (South) (Uzhavar Sandhai ),Carrot,Pusakesar,Local,30-04-2025,2500,3000,3000
Tamil Nadu,Thirupur,Tiruppur (South) (Uzhavar Sandhai ),Drumstick,Drumstick,Local,30-04-2025,3000,3500,3500
Tamil Nadu,Thirupur,Tiruppur (South) (Uzhavar Sandhai ),Garlic,Average,Local,30-04-2025,7000,8000,8000
Tamil Nadu,Thirupur,Tiruppur (South) (Uzhavar Sandhai ),Onion,Bellary,Local,30-04-2025,2000,2500,2500
Tamil Nadu,Thirupur,Tiruppur (South) (Uzhavar Sandhai ),Onion Green,Onion Green,Local,30-04-2025,3000,3500,3500
Tamil Nadu,Thirupur,Tiruppur (South) (Uzhavar Sandhai ),Pumpkin,Pumpkin,Local,30-04-2025,800,1200,1200
Tamil Nadu,Thiruvannamalai,Arani(Uzhavar Sandhai ),Banana,Besrai,Local,30-04-2025,4000,5000,5000
Tamil Nadu,Thiruvannamalai,Arani(Uzhavar Sandhai ),Cabbage,Cabbage,Local,30-04-2025,1200,1500,1500
Tamil Nadu,Thiruvannamalai,Arani(Uzhavar Sandhai ),Chow Chow,Chow Chow,Local,30-04-2025,1600,2000,2000
Tamil Nadu,Thiruvannamalai,Arani(Uzhavar Sandhai ),Mango (Raw-Ripe),Mango - Raw-Ripe,Local,30-04-2025,2500,3000,3000
Tamil Nadu,Thiruvannamalai,Arani(Uzhavar Sandhai ),Onion,Bellary,Local,30-04-2025,2000,2500,2500
Tamil Nadu,Thiruvannamalai,Arani(Uzhavar Sandhai ),Ridgeguard(Tori),Ridgeguard(Tori),Local,30-04-2025,2500,3000,3000
Tamil Nadu,Thiruvannamalai,Arani(Uzhavar Sandhai ),Sweet Potato,Hosur Red,Local,30-04-2025,2500,3000,3000
Tamil Nadu,Thiruvannamalai,Chengam(Uzhavar Sandhai ),Banana,Besrai,Local,30-04-2025,4000,5000,5000
Tamil Nadu,Thiruvannamalai,Chengam(Uzhavar Sandhai ),Banana - Green,Banana - Green,Local,30-04-2025,1200,1500,1500
Tamil Nadu,Thiruvannamalai,Chengam(Uzhavar Sandhai ),Bhindi(Ladies Finger),Bhindi,Local,30-04-2025,2000,2500,2500
Tamil Nadu,Thiruvannamalai,Chengam(Uzhavar Sandhai ),Carrot,Pusakesar,Local,30-04-2025,2500,3000,3000
Tamil Nadu,Thiruvannamalai,Chengam(Uzhavar Sandhai ),Cauliflower,Ranchi,Local,30-04-2025,2000,2500,2500
Tamil Nadu,Thiruvannamalai,Chengam(Uzhavar Sandhai ),Ginger(Green),Green Ginger,Local,30-04-2025,6500,7200,7200
Tamil Nadu,Thiruvannamalai,Chengam(Uzhavar Sandhai ),Green Avare (W),Avare (W),Local,30-04-2025,4500,5000,5000
Tamil Nadu,Thiruvannamalai,Chengam(Uzhavar Sandhai ),Karbuja(Musk Melon),Karbhuja,Local,30-04-2025,1200,1500,1500
Tamil Nadu,Thiruvannamalai,Chengam(Uzhavar Sandhai ),Knool Khol,Knool Khol,Local,30-04-2025,2500,3000,3000
Tamil Nadu,Thiruvannamalai,Chengam(Uzhavar Sandhai ),Lemon,Lemon,Local,30-04-2025,10000,12000,12000
Tamil Nadu,Thiruvannamalai,Chengam(Uzhavar Sandhai ),Ridgeguard(Tori),Ridgeguard(Tori),Local,30-04-2025,2000,2500,2500
Tamil Nadu,Thiruvannamalai,Cheyyar(Uzhavar Sandhai ),Tender Coconut,Tender Coconut,Local,30-04-2025,1500,2000,2000
Tamil Nadu,Thiruvannamalai,Cheyyar(Uzhavar Sandhai ),Tomato,Deshi,Local,30-04-2025,1200,1500,1500
Tamil Nadu,Thiruvannamalai,Keelpennathur(Uzhavar Sandhai ),Banana,Besrai,Local,30-04-2025,6000,7000,7000
Tamil Nadu,Thiruvannamalai,Keelpennathur(Uzhavar Sandhai ),Bhindi(Ladies Finger),Bhindi,Local,30-04-2025,3000,3500,3500
Tamil Nadu,Thiruvannamalai,Keelpennathur(Uzhavar Sandhai ),Knool Khol,Knool Khol,Local,30-04-2025,2500,3000,3000
Tamil Nadu,Thiruvannamalai,Keelpennathur(Uzhavar Sandhai ),Pumpkin,Pumpkin,Local,30-04-2025,2500,3000,3000
Tamil Nadu,Thiruvannamalai,Polur(Uzhavar Sandhai ),Ashgourd,Gouard,Local,30-04-2025,1600,2000,2000
Tamil Nadu,Thiruvannamalai,Polur(Uzhavar Sandhai ),Beans,Beans (Whole),Local,30-04-2025,4000,4800,4800
Tamil Nadu,Thiruvannamalai,Polur(Uzhavar Sandhai ),Bitter gourd,Bitter Gourd,Local,30-04-2025,3300,4000,4000
Tamil Nadu,Thiruvannamalai,Polur(Uzhavar Sandhai ),Brinjal,Round,Local,30-04-2025,2500,3000,3000
Tamil Nadu,Thiruvannamalai,Polur(Uzhavar Sandhai ),Coriander(Leaves),I Sort,Local,30-04-2025,3300,4000,4000
Tamil Nadu,Thiruvannamalai,Polur(Uzhavar Sandhai ),Mango,Safeda,Local,30-04-2025,6000,8000,8000
Tamil Nadu,Thiruvannamalai,Polur(Uzhavar Sandhai ),Onion Green,Onion Green,Local,30-04-2025,4000,4800,4800
Tamil Nadu,Thiruvannamalai,Polur(Uzhavar Sandhai ),Pumpkin,Pumpkin,Local,30-04-2025,1600,2000,2000
Tamil Nadu,Thiruvannamalai,Polur(Uzhavar Sandhai ),Ridgeguard(Tori),Ridgeguard(Tori),Local,30-04-2025,2500,3000,3000
Tamil Nadu,Thiruvannamalai,Polur(Uzhavar Sandhai ),Sweet Potato,Hosur Red,Local,30-04-2025,3300,4000,4000
Tamil Nadu,Thiruvannamalai,Tamarainagar(Uzhavar Sandhai ),Banana,Besrai,Local,30-04-2025,4000,5000,5000
Tamil Nadu,Thiruvannamalai,Tamarainagar(Uzhavar Sandhai ),Chikoos(Sapota),Sapota,Local,30-04-2025,3500,4000,4000
Tamil Nadu,Thiruvannamalai,Tamarainagar(Uzhavar Sandhai ),Cluster beans,Cluster Beans,Local,30-04-2025,2400,3000,3000
Tamil Nadu,Thiruvannamalai,Tamarainagar(Uzhavar Sandhai ),Coconut,Coconut,Local,30-04-2025,2500,3000,3000
Tamil Nadu,Thiruvannamalai,Tamarainagar(Uzhavar Sandhai ),Guava,Guava Alahabad,Local,30-04-2025,5000,6000,6000
Tamil Nadu,Thiruvannamalai,Tamarainagar(Uzhavar Sandhai ),Papaya,Papaya,Local,30-04-2025,2500,3000,3000
Tamil Nadu,Thiruvannamalai,Tamarainagar(Uzhavar Sandhai ),Ridgeguard(Tori),Ridgeguard(Tori),Local,30-04-2025,2400,3000,3000
Tamil Nadu,Thiruvannamalai,Tiruvannamalai(Uzhavar Sandhai ),Amaranthus,Amaranthus,Local,30-04-2025,2500,3000,3000
Tamil Nadu,Thiruvannamalai,Tiruvannamalai(Uzhavar Sandhai ),Amla(Nelli Kai),Amla,Local,30-04-2025,6000,8000,8000
Tamil Nadu,Thiruvannamalai,Tiruvannamalai(Uzhavar Sandhai ),Banana,Besrai,Local,30-04-2025,4000,8000,8000
Tamil Nadu,Thiruvannamalai,Tiruvannamalai(Uzhavar Sandhai ),Brinjal,Round,Local,30-04-2025,3000,4000,4000
Tamil Nadu,Thiruvannamalai,Tiruvannamalai(Uzhavar Sandhai ),Cabbage,Cabbage,Local,30-04-2025,1600,2000,2000
Tamil Nadu,Thiruvannamalai,Tiruvannamalai(Uzhavar Sandhai ),Grapes,Annabesahai,Local,30-04-2025,10000,12000,12000
Tamil Nadu,Thiruvannamalai,Tiruvannamalai(Uzhavar Sandhai ),Mousambi(Sweet Lime),Mousambi,Local,30-04-2025,6000,8000,8000
Tamil Nadu,Thiruvannamalai,Tiruvannamalai(Uzhavar Sandhai ),Pineapple,Pine Apple,Local,30-04-2025,3000,4000,4000
Tamil Nadu,Thiruvannamalai,Tiruvannamalai(Uzhavar Sandhai ),Ridgeguard(Tori),Ridgeguard(Tori),Local,30-04-2025,3600,4000,4000
Tamil Nadu,Thiruvannamalai,Tiruvannamalai(Uzhavar Sandhai ),Tube Flower,Tube Flower,Local,30-04-2025,25000,30000,30000
Tamil Nadu,Thiruvannamalai,Vandavasi(Uzhavar Sandhai ),Beetroot,Beetroot,Local,30-04-2025,2000,2500,2500
Tamil Nadu,Thiruvannamalai,Vandavasi(Uzhavar Sandhai ),Carrot,Pusakesar,Local,30-04-2025,2000,2500,2500
Tamil Nadu,Thiruvannamalai,Vandavasi(Uzhavar Sandhai ),Chow Chow,Chow Chow,Local,30-04-2025,1000,2000,2000
Tamil Nadu,Thiruvannamalai,Vandavasi(Uzhavar Sandhai ),Cluster beans,Cluster Beans,Local,30-04-2025,3000,3600,3600
Tamil Nadu,Thiruvannamalai,Vandavasi(Uzhavar Sandhai ),Coriander(Leaves),I Sort,Local,30-04-2025,4000,4800,4800
Tamil Nadu,Thiruvannamalai,Vandavasi(Uzhavar Sandhai ),Drumstick,Drumstick,Local,30-04-2025,2000,3000,3000
Tamil Nadu,Thiruvannamalai,Vandavasi(Uzhavar Sandhai ),Mint(Pudina),Mint(Pudina),Local,30-04-2025,2000,3000,3000
Tamil Nadu,Thiruvannamalai,Vandavasi(Uzhavar Sandhai ),Potato,(Red Nanital),Local,30-04-2025,2000,3000,3000
Tamil Nadu,Thiruvannamalai,Vandavasi(Uzhavar Sandhai ),Yam (Ratalu),Yam (Ratalu),Local,30-04-2025,4500,5400,5400
Tamil Nadu,Thiruvarur,Mannargudi II(Uzhavar Sandhai ),Banana,Besrai,Local,30-04-2025,4000,6000,6000
Tamil Nadu,Thiruvarur,Mannargudi II(Uzhavar Sandhai ),Bitter gourd,Bitter Gourd,Local,30-04-2025,2800,2800,2800
Tamil Nadu,Thiruvarur,Mannargudi II(Uzhavar Sandhai ),Ginger(Green),Green Ginger,Local,30-04-2025,5400,5400,5400
Tamil Nadu,Thiruvarur,Mannargudi II(Uzhavar Sandhai ),Mint(Pudina),Mint(Pudina),Local,30-04-2025,4000,4000,4000
Tamil Nadu,Thiruvarur,Mannargudi II(Uzhavar Sandhai ),Tomato,Deshi,Local,30-04-2025,1600,1600,1600
Tamil Nadu,Thiruvarur,Needamangalam(Uzhavar Sandhai ),Amaranthus,Amaranthus,Local,30-04-2025,1000,1000,1000
Tamil Nadu,Thiruvarur,Needamangalam(Uzhavar Sandhai ),Ashgourd,Gouard,Local,30-04-2025,2000,2000,2000
Tamil Nadu,Thiruvarur,Needamangalam(Uzhavar Sandhai ),Bitter gourd,Bitter Gourd,Local,30-04-2025,2600,2600,2600
Tamil Nadu,Thiruvarur,Needamangalam(Uzhavar Sandhai ),Coconut,Coconut,Local,30-04-2025,6000,6000,6000
Tamil Nadu,Thiruvarur,Needamangalam(Uzhavar Sandhai ),Coriander(Leaves),I Sort,Local,30-04-2025,4500,4500,4500
Tamil Nadu,Thiruvarur,Needamangalam(Uzhavar Sandhai ),Green Chilli,Green Chilly,Local,30-04-2025,2600,2600,2600
Tamil Nadu,Thiruvarur,Needamangalam(Uzhavar Sandhai ),Onion Green,Onion Green,Local,30-04-2025,4800,4800,4800
Tamil Nadu,Tuticorin,Kovilpatti(Uzhavar Sandhai ),Amaranthus,Amaranthus,Local,30-04-2025,1500,1800,1800
Tamil Nadu,Tuticorin,Kovilpatti(Uzhavar Sandhai ),Banana,Besrai,Local,30-04-2025,2500,3000,3000
Tamil Nadu,Tuticorin,Kovilpatti(Uzhavar Sandhai ),Banana - Green,Banana - Green,Local,30-04-2025,2500,3000,3000
Tamil Nadu,Tuticorin,Kovilpatti(Uzhavar Sandhai ),Beans,Beans (Whole),Local,30-04-2025,4500,5000,5000
Tamil Nadu,Tuticorin,Kovilpatti(Uzhavar Sandhai ),Brinjal,Round,Local,30-04-2025,2000,2500,2500
Tamil Nadu,Tuticorin,Kovilpatti(Uzhavar Sandhai ),Cabbage,Cabbage,Local,30-04-2025,1500,1800,1800
Tamil Nadu,Tuticorin,Kovilpatti(Uzhavar Sandhai ),Chikoos(Sapota),Sapota,Local,30-04-2025,3500,4000,4000
Tamil Nadu,Tuticorin,Kovilpatti(Uzhavar Sandhai ),Elephant Yam (Suran),Elephant Yam (Suran),Local,30-04-2025,5500,6000,6000
Tamil Nadu,Tuticorin,Kovilpatti(Uzhavar Sandhai ),Lemon,Lemon,Local,30-04-2025,10000,11000,11000
Tamil Nadu,Tuticorin,Kovilpatti(Uzhavar Sandhai ),Onion,Bellary,Local,30-04-2025,2500,3000,3000
Tamil Nadu,Tuticorin,Kovilpatti(Uzhavar Sandhai ),Thondekai,Thondekai,Local,30-04-2025,2500,3000,3000
Tamil Nadu,Tuticorin,Kovilpatti(Uzhavar Sandhai ),Yam (Ratalu),Yam (Ratalu),Local,30-04-2025,8500,9000,9000
Tamil Nadu,Tuticorin,Tuticorin(Uzhavar Sandhai ),Amaranthus,Amaranthus,Local,30-04-2025,1000,1500,1500
Tamil Nadu,Tuticorin,Tuticorin(Uzhavar Sandhai ),Banana - Green,Banana - Green,Local,30-04-2025,2500,3000,3000
Tamil Nadu,Tuticorin,Tuticorin(Uzhavar Sandhai ),Bhindi(Ladies Finger),Bhindi,Local,30-04-2025,2000,2500,2500
Tamil Nadu,Tuticorin,Tuticorin(Uzhavar Sandhai ),Bottle gourd,Bottle Gourd,Local,30-04-2025,1000,1500,1500
Tamil Nadu,Tuticorin,Tuticorin(Uzhavar Sandhai ),Chikoos(Sapota),Sapota,Local,30-04-2025,5500,6000,6000
Tamil Nadu,Tuticorin,Tuticorin(Uzhavar Sandhai ),Ginger(Green),Green Ginger,Local,30-04-2025,4500,5000,5000
Tamil Nadu,Tuticorin,Tuticorin(Uzhavar Sandhai ),Green Chilli,Green Chilly,Local,30-04-2025,3500,4000,4000
Tamil Nadu,Tuticorin,Tuticorin(Uzhavar Sandhai ),Mango,Safeda,Local,30-04-2025,5500,6000,6000
Tamil Nadu,Tuticorin,Tuticorin(Uzhavar Sandhai ),Onion,Bellary,Local,30-04-2025,3500,4000,4000
Tamil Nadu,Tuticorin,Tuticorin(Uzhavar Sandhai ),Papaya,Papaya,Local,30-04-2025,2500,3000,3000
Tamil Nadu,Tuticorin,Tuticorin(Uzhavar Sandhai ),Potato,(Red Nanital),Local,30-04-2025,3000,3500,3500
Tamil Nadu,Tuticorin,Tuticorin(Uzhavar Sandhai ),Ridgeguard(Tori),Ridgeguard(Tori),Local,30-04-2025,2000,2500,2500
Tamil Nadu,Tuticorin,Tuticorin(Uzhavar Sandhai ),Thondekai,Thondekai,Local,30-04-2025,3500,4000,4000
Tamil Nadu,Tuticorin,Tuticorin(Uzhavar Sandhai ),Yam (Ratalu),Yam (Ratalu),Local,30-04-2025,7500,8000,8000
Tamil Nadu,Vellore,Gudiyatham(Uzhavar Sandhai ),Ashgourd,Gouard,Local,30-04-2025,1600,1600,1600
Tamil Nadu,Vellore,Gudiyatham(Uzhavar Sandhai ),Banana,Besrai,Local,30-04-2025,5500,5500,5500
Tamil Nadu,Vellore,Gudiyatham(Uzhavar Sandhai ),Cabbage,Cabbage,Local,30-04-2025,1800,1800,1800
Tamil Nadu,Vellore,Gudiyatham(Uzhavar Sandhai ),Chikoos(Sapota),Sapota,Local,30-04-2025,3000,3000,3000
Tamil Nadu,Vellore,Gudiyatham(Uzhavar Sandhai ),Cluster beans,Cluster Beans,Local,30-04-2025,3000,3000,3000
Tamil Nadu,Vellore,Gudiyatham(Uzhavar Sandhai ),Kakada,Kakada,Local,30-04-2025,25000,25000,25000
Tamil Nadu,Vellore,Gudiyatham(Uzhavar Sandhai ),Onion,Bellary,Local,30-04-2025,2500,2500,2500
Tamil Nadu,Vellore,Gudiyatham(Uzhavar Sandhai ),Ridgeguard(Tori),Ridgeguard(Tori),Local,30-04-2025,2400,2400,2400
Tamil Nadu,Vellore,Gudiyatham(Uzhavar Sandhai ),Thondekai,Thondekai,Local,30-04-2025,2600,2600,2600
Tamil Nadu,Vellore,Kahithapattarai(Uzhavar Sandhai ),Amaranthus,Amaranthus,Local,30-04-2025,1600,2000,2000
Tamil Nadu,Vellore,Kahithapattarai(Uzhavar Sandhai ),Apple,American,Local,30-04-2025,24000,24000,24000
Tamil Nadu,Vellore,Kahithapattarai(Uzhavar Sandhai ),Cabbage,Cabbage,Local,30-04-2025,1800,1800,1800
Tamil Nadu,Vellore,Kahithapattarai(Uzhavar Sandhai ),Capsicum,Capsicum,Local,30-04-2025,4000,4000,4000
Tamil Nadu,Vellore,Kahithapattarai(Uzhavar Sandhai ),Coriander(Leaves),I Sort,Local,30-04-2025,3500,3500,3500
Tamil Nadu,Vellore,Kahithapattarai(Uzhavar Sandhai ),Green Avare (W),Avare (W),Local,30-04-2025,3500,4000,4000
Tamil Nadu,Vellore,Kahithapattarai(Uzhavar Sandhai ),Guava,Guava Alahabad,Local,30-04-2025,3500,3500,3500
Tamil Nadu,Vellore,Kahithapattarai(Uzhavar Sandhai ),Jack Fruit,Jack Fruit,Local,30-04-2025,10000,10000,10000
Tamil Nadu,Vellore,Kahithapattarai(Uzhavar Sandhai ),Mashrooms,Mashrooms,Local,30-04-2025,2500,3000,3000
Tamil Nadu,Vellore,Kahithapattarai(Uzhavar Sandhai ),Onion,Bellary,Local,30-04-2025,2400,2400,2400
Tamil Nadu,Vellore,Kahithapattarai(Uzhavar Sandhai ),Pomegranate,Pomogranate,Local,30-04-2025,20000,20000,20000
Tamil Nadu,Vellore,Kahithapattarai(Uzhavar Sandhai ),Ridgeguard(Tori),Ridgeguard(Tori),Local,30-04-2025,2000,2500,2500
Tamil Nadu,Vellore,Kahithapattarai(Uzhavar Sandhai ),Snakeguard,Snakeguard,Local,30-04-2025,1500,1500,1500
Tamil Nadu,Vellore,Kahithapattarai(Uzhavar Sandhai ),Tamarind Fruit,Tamarind Fruit,Local,30-04-2025,13000,14000,14000
Tamil Nadu,Vellore,Thirupathur,Banana,Besrai,Local,30-04-2025,4000,5000,5000
Tamil Nadu,Vellore,Thirupathur,Banana - Green,Banana - Green,Local,30-04-2025,2500,3000,3000
Tamil Nadu,Vellore,Thirupathur,Beans,Beans (Whole),Local,30-04-2025,5000,6000,6000
Tamil Nadu,Vellore,Thirupathur,Beetroot,Beetroot,Local,30-04-2025,3400,3400,3400
Tamil Nadu,Vellore,Thirupathur,Bhindi(Ladies Finger),Bhindi,Local,30-04-2025,1400,1400,1400
Tamil Nadu,Vellore,Thirupathur,Carrot,Pusakesar,Local,30-04-2025,3400,3400,3400
Tamil Nadu,Vellore,Thirupathur,Cluster beans,Cluster Beans,Local,30-04-2025,2500,2500,2500
Tamil Nadu,Vellore,Thirupathur,Garlic,Average,Local,30-04-2025,13000,13000,13000
Tamil Nadu,Vellore,Thirupathur,Knool Khol,Knool Khol,Local,30-04-2025,4000,4000,4000
Tamil Nadu,Vellore,Thirupathur,Papaya,Papaya,Local,30-04-2025,4000,4000,4000
Tamil Nadu,Villupuram,Gingee(Uzhavar Sandhai ),Cluster beans,Cluster Beans,Local,30-04-2025,4000,4000,4000
Tamil Nadu,Villupuram,Gingee(Uzhavar Sandhai ),Ridgeguard(Tori),Ridgeguard(Tori),Local,30-04-2025,4500,4500,4500
Tamil Nadu,Villupuram,Gingee(Uzhavar Sandhai ),Snakeguard,Snakeguard,Local,30-04-2025,2000,2000,2000
Tamil Nadu,Villupuram,Ulundurpettai,Amla(Nelli Kai),Amla,Local,30-04-2025,8000,8000,8000
Tamil Nadu,Villupuram,Ulundurpettai,Ashgourd,Gouard,Local,30-04-2025,2000,2000,2000
Tamil Nadu,Villupuram,Ulundurpettai,Banana,Besrai,Local,30-04-2025,4000,6000,6000
Tamil Nadu,Villupuram,Ulundurpettai,Banana - Green,Banana - Green,Local,30-04-2025,4000,4000,4000
Tamil Nadu,Villupuram,Ulundurpettai,Bottle gourd,Bottle Gourd,Local,30-04-2025,2000,2000,2000
Tamil Nadu,Villupuram,Ulundurpettai,Coconut,Coconut,Local,30-04-2025,3000,4000,4000
Tamil Nadu,Villupuram,Ulundurpettai,Elephant Yam (Suran),Elephant Yam (Suran),Local,30-04-2025,6000,6000,6000
Tamil Nadu,Villupuram,Ulundurpettai,Guava,Guava Alahabad,Local,30-04-2025,6000,6000,6000
Tamil Nadu,Villupuram,Ulundurpettai,Papaya,Papaya,Local,30-04-2025,3000,3000,3000
Tamil Nadu,Villupuram,Ulundurpettai,Tender Coconut,Tender Coconut,Local,30-04-2025,3000,4000,4000
Tamil Nadu,Villupuram,Ulundurpettai,Tomato,Deshi,Local,30-04-2025,1500,2000,2000
Tamil Nadu,Virudhunagar,Aruppukottai(Uzhavar Sandhai ),Beans,Beans (Whole),Local,30-04-2025,7500,8000,8000
Tamil Nadu,Virudhunagar,Aruppukottai(Uzhavar Sandhai ),Bottle gourd,Bottle Gourd,Local,30-04-2025,1500,2000,2000
Tamil Nadu,Virudhunagar,Aruppukottai(Uzhavar Sandhai ),Cabbage,Cabbage,Local,30-04-2025,2000,2500,2500
Tamil Nadu,Virudhunagar,Aruppukottai(Uzhavar Sandhai ),Cluster beans,Cluster Beans,Local,30-04-2025,3500,4000,4000
Tamil Nadu,Virudhunagar,Aruppukottai(Uzhavar Sandhai ),Ginger(Green),Green Ginger,Local,30-04-2025,6500,7000,7000
Tamil Nadu,Virudhunagar,Aruppukottai(Uzhavar Sandhai ),Green Avare (W),Avare (W),Local,30-04-2025,9500,10000,10000
Tamil Nadu,Virudhunagar,Aruppukottai(Uzhavar Sandhai ),Green Peas,Green Peas,Local,30-04-2025,8500,9000,9000
Tamil Nadu,Virudhunagar,Aruppukottai(Uzhavar Sandhai ),Mint(Pudina),Mint(Pudina),Local,30-04-2025,3500,4000,4000
Tamil Nadu,Virudhunagar,Aruppukottai(Uzhavar Sandhai ),Pumpkin,Pumpkin,Local,30-04-2025,2000,2500,2500
Tamil Nadu,Virudhunagar,Aruppukottai(Uzhavar Sandhai ),Ridgeguard(Tori),Ridgeguard(Tori),Local,30-04-2025,3500,4000,4000
Tamil Nadu,Virudhunagar,Kariyapatti(Uzhavar Sandhai ),Carrot,Pusakesar,Local,30-04-2025,2500,3000,3000
Tamil Nadu,Virudhunagar,Kariyapatti(Uzhavar Sandhai ),Papaya,Papaya,Local,30-04-2025,2500,3000,3000
Tamil Nadu,Virudhunagar,Rajapalayam(Uzhavar Sandhai ),Cabbage,Cabbage,Local,30-04-2025,2000,2500,2500
Tamil Nadu,Virudhunagar,Rajapalayam(Uzhavar Sandhai ),Carrot,Pusakesar,Local,30-04-2025,2500,3000,3000
Tamil Nadu,Virudhunagar,Rajapalayam(Uzhavar Sandhai ),Chow Chow,Chow Chow,Local,30-04-2025,1500,2000,2000
Tamil Nadu,Virudhunagar,Rajapalayam(Uzhavar Sandhai ),Colacasia,Colacasia,Local,30-04-2025,8000,9000,9000
Tamil Nadu,Virudhunagar,Rajapalayam(Uzhavar Sandhai ),Elephant Yam (Suran),Elephant Yam (Suran),Local,30-04-2025,6000,7000,7000
Tamil Nadu,Virudhunagar,Rajapalayam(Uzhavar Sandhai ),Onion,Bellary,Local,30-04-2025,2500,3000,3000
Tamil Nadu,Virudhunagar,Rajapalayam(Uzhavar Sandhai ),Potato,(Red Nanital),Local,30-04-2025,3000,3500,3500
Tamil Nadu,Virudhunagar,Rajapalayam(Uzhavar Sandhai ),Turnip,Turnip,Local,30-04-2025,8000,9000,9000
Tamil Nadu,Virudhunagar,Sathur(Uzhavar Sandhai ),Ashgourd,Gouard,Local,30-04-2025,1700,2000,2000
Tamil Nadu,Virudhunagar,Sathur(Uzhavar Sandhai ),Bhindi(Ladies Finger),Bhindi,Local,30-04-2025,2500,3000,3000
Tamil Nadu,Virudhunagar,Sathur(Uzhavar Sandhai ),Cluster beans,Cluster Beans,Local,30-04-2025,2500,3000,3000
Tamil Nadu,Virudhunagar,Sathur(Uzhavar Sandhai ),Guava,Guava Alahabad,Local,30-04-2025,4000,5000,5000
Tamil Nadu,Virudhunagar,Sathur(Uzhavar Sandhai ),Lemon,Lemon,Local,30-04-2025,10000,12000,12000
Tamil Nadu,Virudhunagar,Sathur(Uzhavar Sandhai ),Mint(Pudina),Mint(Pudina),Local,30-04-2025,3500,4000,4000
Tamil Nadu,Virudhunagar,Sathur(Uzhavar Sandhai ),Tomato,Deshi,Local,30-04-2025,1700,2000,2000
Tamil Nadu,Virudhunagar,Sivakasi(Uzhavar Sandhai ),Bottle gourd,Bottle Gourd,Local,30-04-2025,1400,1500,1500
Tamil Nadu,Virudhunagar,Sivakasi(Uzhavar Sandhai ),Coriander(Leaves),I Sort,Local,30-04-2025,6000,6500,6500
Tamil Nadu,Virudhunagar,Sivakasi(Uzhavar Sandhai ),Guava,Guava Alahabad,Local,30-04-2025,3800,4000,4000
Tamil Nadu,Virudhunagar,Sivakasi(Uzhavar Sandhai ),Onion Green,Onion Green,Local,30-04-2025,3800,4000,4000
Tamil Nadu,Virudhunagar,Sivakasi(Uzhavar Sandhai ),Raddish,Raddish,Local,30-04-2025,1800,2000,2000
Tamil Nadu,Virudhunagar,Sivakasi(Uzhavar Sandhai ),Ridgeguard(Tori),Ridgeguard(Tori),Local,30-04-2025,3800,4000,4000
Tamil Nadu,Virudhunagar,Srivilliputhur(Uzhavar Sandhai ),Brinjal,Round,Local,30-04-2025,1800,2000,2000
Tamil Nadu,Virudhunagar,Srivilliputhur(Uzhavar Sandhai ),Cabbage,Cabbage,Local,30-04-2025,2300,2500,2500
Tamil Nadu,Virudhunagar,Srivilliputhur(Uzhavar Sandhai ),Green Chilli,Green Chilly,Local,30-04-2025,3500,4000,4000
Tamil Nadu,Virudhunagar,Srivilliputhur(Uzhavar Sandhai ),Snakeguard,Snakeguard,Local,30-04-2025,1800,2000,2000
Tamil Nadu,Virudhunagar,Virudhunagar(Uzhavar Sandhai ),Beetroot,Beetroot,Local,30-04-2025,3000,3500,3500
Tamil Nadu,Virudhunagar,Virudhunagar(Uzhavar Sandhai ),Bhindi(Ladies Finger),Bhindi,Local,30-04-2025,1800,2000,2000
Tamil Nadu,Virudhunagar,Virudhunagar(Uzhavar Sandhai ),Drumstick,Drumstick,Local,30-04-2025,5000,5500,5500
Tamil Nadu,Virudhunagar,Virudhunagar(Uzhavar Sandhai ),Raddish,Raddish,Local,30-04-2025,2000,2500,2500
Tripura,North Tripura,Dasda,Potato,Local,FAQ,30-04-2025,1500,2000,1750
Uttar Pradesh,Bulandshahar,Gulavati,Cauliflower,Cauliflower,FAQ,30-04-2025,1000,1200,1100
Uttar Pradesh,Bulandshahar,Gulavati,Cucumbar(Kheera),Cucumbar,FAQ,30-04-2025,1200,1400,1300
Uttar Pradesh,Bulandshahar,Gulavati,Green Chilli,Green Chilly,FAQ,30-04-2025,1400,1600,1500
Uttar Pradesh,Hathras,Shadabad,Potato,Desi,FAQ,30-04-2025,800,900,850
Uttar Pradesh,Mau(Maunathbhanjan),Kopaganj,Apple,Delicious,Medium,30-04-2025,7600,7800,7700
Uttar Pradesh,Shamli,Kairana,Tomato,Hybrid,FAQ,30-04-2025,800,900,850
Uttrakhand,Haridwar,Roorkee,Potato,Other,FAQ,30-04-2025,800,1200,1000
Bihar,Rohtas,Natwar,Potato,Jyoti,FAQ,30-04-2025,800,1000,900
Gujarat,Amreli,Damnagar,Green Chilli,Green Chilly,FAQ,30-04-2025,1200,2050,1750
Haryana,Gurgaon,Gurgaon,Karbuja(Musk Melon),Other,Large,30-04-2025,2000,3000,2500
Haryana,Gurgaon,Gurgaon,Potato,Other,FAQ,30-04-2025,800,1000,900
Himachal Pradesh,Kangra,Kangra(Jaisinghpur),Cauliflower,Cauliflower,FAQ,30-04-2025,2800,3200,3000
Himachal Pradesh,Kangra,Kangra(Jaisinghpur),Coriander(Leaves),Coriander,FAQ,30-04-2025,5000,5200,5100
Himachal Pradesh,Kangra,Kangra(Jaisinghpur),Cucumbar(Kheera),Cucumbar,FAQ,30-04-2025,2200,2600,2400
Himachal Pradesh,Kangra,Kangra(Jaisinghpur),Garlic,Average,FAQ,30-04-2025,11000,12000,11500
Himachal Pradesh,Kangra,Kangra(Jaisinghpur),Lemon,Lemon,FAQ,30-04-2025,11000,12000,11500
Himachal Pradesh,Kangra,Kangra(Jaisinghpur),Mango,Totapuri,Medium,30-04-2025,6200,6500,6300
Himachal Pradesh,Kangra,Palampur,Mousambi(Sweet Lime),Other,Medium,30-04-2025,5000,5200,5100
Himachal Pradesh,Kangra,Palampur,Papaya,Other,Medium,30-04-2025,3000,3200,3100
Himachal Pradesh,Kangra,Palampur,Tinda,Tinda,FAQ,30-04-2025,4500,5000,4700
Kerala,Alappuzha,Harippad,Amaranthus,Other,FAQ,30-04-2025,5000,5500,5000
Kerala,Alappuzha,Harippad,Banana,Nendra Bale,Medium,30-04-2025,6000,6500,6000
Kerala,Alappuzha,Harippad,Banana - Green,Other,FAQ,30-04-2025,6000,6500,6000
Kerala,Alappuzha,Harippad,Cowpea(Veg),Other,FAQ,30-04-2025,4000,4500,4000
Kerala,Alappuzha,Harippad,Cucumbar(Kheera),Other,FAQ,30-04-2025,3000,3500,3000
Kerala,Kottayam,Pampady,Cauliflower,Other,FAQ,30-04-2025,4000,4500,4200
Kerala,Kottayam,Pampady,Indian Beans (Seam),Other,FAQ,30-04-2025,4000,5500,5000
Kerala,Kottayam,Pampady,Little gourd (Kundru),Other,FAQ,30-04-2025,1900,3000,2500
Kerala,Kottayam,Pampady,Potato,Other,FAQ,30-04-2025,2500,4000,3500
Kerala,Pathanamthitta,Erath  VFPCK,Banana,Red Banana,Large,30-04-2025,4200,5300,4500
Kerala,Pathanamthitta,Pramadom VFPCK,Banana,Nendra Bale,Large,30-04-2025,2000,6200,4500
Kerala,Wayanad,Kalpetta,Ashgourd,Other,FAQ,30-04-2025,800,900,900
Kerala,Wayanad,Kalpetta,Brinjal,Other,FAQ,30-04-2025,2000,2100,2100
Odisha,Boudh,Boudh,Bitter gourd,Other,FAQ,30-04-2025,2500,3500,3000
Odisha,Boudh,Boudh,Onion,Other,FAQ,30-04-2025,2500,3500,3000
Odisha,Boudh,Khunthabandha,Tomato,Other,FAQ,30-04-2025,1200,1800,1500
Odisha,Boudh,Khunthabandha,Tomato,Other,Non-FAQ,30-04-2025,1000,1500,1200
Odisha,Jagatsinghpur,Jagatsinghpur,Potato,Potato,FAQ,30-04-2025,1250,1350,1300
Punjab,Amritsar,Rayya,Green Chilli,Green Chilly,FAQ,30-04-2025,2800,2800,2800
Punjab,Amritsar,Rayya,Tomato,Hybrid,Non-FAQ,30-04-2025,900,900,900
Tamil Nadu,Ariyalur,Ariyalur(Uzhavar Sandhai),Ashgourd,Gouard,Local,30-04-2025,1600,1600,1600
Tamil Nadu,Ariyalur,Ariyalur(Uzhavar Sandhai),Banana,Besrai,Local,30-04-2025,6000,6000,6000
Tamil Nadu,Ariyalur,Ariyalur(Uzhavar Sandhai),Carrot,Pusakesar,Local,30-04-2025,4000,4400,4400
Tamil Nadu,Ariyalur,Ariyalur(Uzhavar Sandhai),Coconut,Coconut,Local,30-04-2025,6800,6800,6800
Tamil Nadu,Ariyalur,Ariyalur(Uzhavar Sandhai),Mint(Pudina),Mint(Pudina),Local,30-04-2025,3600,3600,3600
Tamil Nadu,Ariyalur,Jeyankondam (Uzhavar Sandhai ),Banana,Besrai,Local,30-04-2025,4000,4000,4000
Tamil Nadu,Ariyalur,Jeyankondam (Uzhavar Sandhai ),Cabbage,Cabbage,Local,30-04-2025,2000,2500,2500
Tamil Nadu,Ariyalur,Jeyankondam (Uzhavar Sandhai ),Mint(Pudina),Mint(Pudina),Local,30-04-2025,3000,4000,4000
Tamil Nadu,Ariyalur,Jeyankondam (Uzhavar Sandhai ),Raddish,Raddish,Local,30-04-2025,2500,3000,3000
Tamil Nadu,Chengalpattu,Chengalpet(Uzhavar Sandhai ),Bhindi(Ladies Finger),Bhindi,Local,30-04-2025,2500,3500,3500
Tamil Nadu,Chengalpattu,Chengalpet(Uzhavar Sandhai ),Bitter gourd,Bitter Gourd,Local,30-04-2025,3500,4000,4000
Tamil Nadu,Chengalpattu,Chengalpet(Uzhavar Sandhai ),Bottle gourd,Bottle Gourd,Local,30-04-2025,2000,3000,3000
Tamil Nadu,Chengalpattu,Chengalpet(Uzhavar Sandhai ),Drumstick,Drumstick,Local,30-04-2025,3500,4500,4500
Tamil Nadu,Chengalpattu,Chengalpet(Uzhavar Sandhai ),Green Chilli,Green Chilly,Local,30-04-2025,2500,3500,3500
Tamil Nadu,Chengalpattu,Chengalpet(Uzhavar Sandhai ),Mango (Raw-Ripe),Mango - Raw-Ripe,Local,30-04-2025,3000,4000,4000
Tamil Nadu,Chengalpattu,Chengalpet(Uzhavar Sandhai ),Onion Green,Onion Green,Local,30-04-2025,4000,5000,5000
Tamil Nadu,Chengalpattu,Madhuranthagam(Uzhavar Sandhai ),Amaranthus,Amaranthus,Local,30-04-2025,2500,3000,3000
Tamil Nadu,Chengalpattu,Madhuranthagam(Uzhavar Sandhai ),Banana - Green,Banana - Green,Local,30-04-2025,2500,3000,3000
Tamil Nadu,Chengalpattu,Madhuranthagam(Uzhavar Sandhai ),Bitter gourd,Bitter Gourd,Local,30-04-2025,4500,5000,5000
Tamil Nadu,Chengalpattu,Madhuranthagam(Uzhavar Sandhai ),Brinjal,Round,Local,30-04-2025,3500,4000,4000
Tamil Nadu,Chengalpattu,Madhuranthagam(Uzhavar Sandhai ),Raddish,Raddish,Local,30-04-2025,2500,3000,3000
Tamil Nadu,Chengalpattu,Madhuranthagam(Uzhavar Sandhai ),Yam (Ratalu),Yam (Ratalu),Local,30-04-2025,3500,4000,4000
Tamil Nadu,Chengalpattu,Pallavaram(Uzhavar Sandhai ),Amaranthus,Amaranthus,Local,30-04-2025,2500,3000,3000
Tamil Nadu,Chengalpattu,Pallavaram(Uzhavar Sandhai ),Amla(Nelli Kai),Amla,Local,30-04-2025,8500,9000,9000
Tamil Nadu,Chengalpattu,Pallavaram(Uzhavar Sandhai ),Ashgourd,Gouard,Local,30-04-2025,1500,2000,2000
Tamil Nadu,Chengalpattu,Pallavaram(Uzhavar Sandhai ),Chow Chow,Chow Chow,Local,30-04-2025,2500,3000,3000
Tamil Nadu,Chengalpattu,Pallavaram(Uzhavar Sandhai ),Green Peas,Green Peas,Local,30-04-2025,12000,13000,13000
Tamil Nadu,Chengalpattu,Pallavaram(Uzhavar Sandhai ),Karbuja(Musk Melon),Karbhuja,Local,30-04-2025,2500,3000,3000
Tamil Nadu,Chengalpattu,Pallavaram(Uzhavar Sandhai ),Lemon,Lemon,Local,30-04-2025,10000,15000,15000
Tamil Nadu,Chengalpattu,Pallavaram(Uzhavar Sandhai ),Ridgeguard(Tori),Ridgeguard(Tori),Local,30-04-2025,4000,6000,6000
Tamil Nadu,Chengalpattu,Pallavaram(Uzhavar Sandhai ),Tapioca,Tapioca,Local,30-04-2025,3500,4000,4000
Tamil Nadu,Chengalpattu,Thirukalukundram(Uzhavar Sandhai ),Banana - Green,Banana - Green,Local,30-04-2025,2800,3200,3200
Tamil Nadu,Chengalpattu,Thirukalukundram(Uzhavar Sandhai ),Green Avare (W),Avare (W),Local,30-04-2025,5000,6000,6000
Tamil Nadu,Chengalpattu,Thirukalukundram(Uzhavar Sandhai ),Onion,Bellary,Local,30-04-2025,2500,3000,3000
Tamil Nadu,Chengalpattu,Thirukalukundram(Uzhavar Sandhai ),Papaya,Papaya,Local,30-04-2025,2500,3000,3000
Tamil Nadu,Chengalpattu,Thirukalukundram(Uzhavar Sandhai ),Ridgeguard(Tori),Ridgeguard(Tori),Local,30-04-2025,3000,3500,3500
Tamil Nadu,Chengalpattu,Thirukalukundram(Uzhavar Sandhai ),Snakeguard,Snakeguard,Local,30-04-2025,2000,2500,2500
Tamil Nadu,Coimbatore,Kurichi(Uzhavar Sandhai ),Ashgourd,Gouard,Local,30-04-2025,1200,1500,1500
Tamil Nadu,Coimbatore,Kurichi(Uzhavar Sandhai ),Bottle gourd,Bottle Gourd,Local,30-04-2025,1500,2000,2000
Tamil Nadu,Coimbatore,Kurichi(Uzhavar Sandhai ),Coconut,Coconut,Local,30-04-2025,6000,6200,6200
Tamil Nadu,Coimbatore,Kurichi(Uzhavar Sandhai ),Drumstick,Drumstick,Local,30-04-2025,4000,4500,4500
Tamil Nadu,Coimbatore,Kurichi(Uzhavar Sandhai ),Mango,Safeda,Local,30-04-2025,5000,6000,6000
Tamil Nadu,Coimbatore,Kurichi(Uzhavar Sandhai ),Onion,Bellary,Local,30-04-2025,2000,2200,2200
Tamil Nadu,Coimbatore,Mettupalayam(Uzhavar Sandhai ),Coconut,Coconut,Local,30-04-2025,5800,6200,6200
Tamil Nadu,Coimbatore,Mettupalayam(Uzhavar Sandhai ),Coriander(Leaves),I Sort,Local,30-04-2025,5500,6000,6000
Tamil Nadu,Coimbatore,Mettupalayam(Uzhavar Sandhai ),Mango (Raw-Ripe),Mango - Raw-Ripe,Local,30-04-2025,2000,2400,2400
Tamil Nadu,Coimbatore,Mettupalayam(Uzhavar Sandhai ),Potato,(Red Nanital),Local,30-04-2025,4000,4400,4400
Tamil Nadu,Coimbatore,Mettupalayam(Uzhavar Sandhai ),Snakeguard,Snakeguard,Local,30-04-2025,2200,2600,2600
Tamil Nadu,Coimbatore,Mettupalayam(Uzhavar Sandhai ),Turnip,Turnip,Local,30-04-2025,3000,3500,3500
Tamil Nadu,Coimbatore,Pollachi(Uzhavar Sandhai ),Amla(Nelli Kai),Amla,Local,30-04-2025,7000,8000,8000
Tamil Nadu,Coimbatore,Pollachi(Uzhavar Sandhai ),Ashgourd,Gouard,Local,30-04-2025,1000,1400,1400
Tamil Nadu,Coimbatore,Pollachi(Uzhavar Sandhai ),Carrot,Pusakesar,Local,30-04-2025,3500,4000,4000
Tamil Nadu,Coimbatore,Pollachi(Uzhavar Sandhai ),Drumstick,Drumstick,Local,30-04-2025,4000,4500,4500
Tamil Nadu,Coimbatore,Pollachi(Uzhavar Sandhai ),Elephant Yam (Suran),Elephant Yam (Suran),Local,30-04-2025,5000,5500,5500
Tamil Nadu,Coimbatore,Pollachi(Uzhavar Sandhai ),Lemon,Lemon,Local,30-04-2025,10000,12000,12000
Tamil Nadu,Coimbatore,Pollachi(Uzhavar Sandhai ),Mint(Pudina),Mint(Pudina),Local,30-04-2025,3000,4000,4000
Tamil Nadu,Coimbatore,Pollachi(Uzhavar Sandhai ),Onion Green,Onion Green,Local,30-04-2025,3000,3500,3500
Tamil Nadu,Coimbatore,Pollachi(Uzhavar Sandhai ),Pumpkin,Pumpkin,Local,30-04-2025,1400,1800,1800
Tamil Nadu,Coimbatore,RSPuram(Uzhavar Sandhai ),Bhindi(Ladies Finger),Bhindi,Local,30-04-2025,2600,3200,3200
Tamil Nadu,Coimbatore,RSPuram(Uzhavar Sandhai ),Bitter gourd,Bitter Gourd,Local,30-04-2025,3800,4500,4500
Tamil Nadu,Coimbatore,RSPuram(Uzhavar Sandhai ),Chow Chow,Chow Chow,Local,30-04-2025,1400,1800,1800
Tamil Nadu,Coimbatore,RSPuram(Uzhavar Sandhai ),Grapes,Annabesahai,Local,30-04-2025,7000,12000,12000
Tamil Nadu,Coimbatore,RSPuram(Uzhavar Sandhai ),Groundnut,Big (With Shell),Local,30-04-2025,4500,5000,5000
Tamil Nadu,Coimbatore,RSPuram(Uzhavar Sandhai ),Guava,Guava Alahabad,Local,30-04-2025,4000,5000,5000
Tamil Nadu,Coimbatore,RSPuram(Uzhavar Sandhai ),Potato,(Red Nanital),Local,30-04-2025,2000,4800,4800
Tamil Nadu,Coimbatore,RSPuram(Uzhavar Sandhai ),Pumpkin,Pumpkin,Local,30-04-2025,1000,1400,1400
Tamil Nadu,Coimbatore,Singanallur(Uzhavar Sandhai ),Apple,American,Local,30-04-2025,20000,22000,22000
Tamil Nadu,Coimbatore,Singanallur(Uzhavar Sandhai ),Ashgourd,Gouard,Local,30-04-2025,1000,1400,1400
Tamil Nadu,Coimbatore,Singanallur(Uzhavar Sandhai ),Betal Leaves,Mysore,Local,30-04-2025,18000,20000,20000
Tamil Nadu,Coimbatore,Singanallur(Uzhavar Sandhai ),Brinjal,Round,Local,30-04-2025,2400,3200,3200
Tamil Nadu,Coimbatore,Singanallur(Uzhavar Sandhai ),Cucumbar(Kheera),Cucumbar,Local,30-04-2025,2000,2600,2600
Tamil Nadu,Coimbatore,Singanallur(Uzhavar Sandhai ),Elephant Yam (Suran),Elephant Yam (Suran),Local,30-04-2025,5500,6000,6000
Tamil Nadu,Coimbatore,Singanallur(Uzhavar Sandhai ),Garlic,Average,Local,30-04-2025,10000,13500,13500
Tamil Nadu,Coimbatore,Singanallur(Uzhavar Sandhai ),Green Chilli,Green Chilly,Local,30-04-2025,2500,3000,3000
Tamil Nadu,Coimbatore,Singanallur(Uzhavar Sandhai ),Green Peas,Green Peas,Local,30-04-2025,10000,15000,15000
Tamil Nadu,Coimbatore,Singanallur(Uzhavar Sandhai ),Knool Khol,Knool Khol,Local,30-04-2025,2500,2800,2800
Tamil Nadu,Coimbatore,Singanallur(Uzhavar Sandhai ),Maize,Deshi Red,Local,30-04-2025,2500,2800,2800
Tamil Nadu,Coimbatore,Singanallur(Uzhavar Sandhai ),Onion Green,Onion Green,Local,30-04-2025,3000,3400,3400
Tamil Nadu,Coimbatore,Singanallur(Uzhavar Sandhai ),Papaya,Papaya,Local,30-04-2025,2000,2600,2600
Tamil Nadu,Coimbatore,Singanallur(Uzhavar Sandhai ),Pumpkin,Pumpkin,Local,30-04-2025,1000,1400,1400
Tamil Nadu,Coimbatore,Singanallur(Uzhavar Sandhai ),Snakeguard,Snakeguard,Local,30-04-2025,2000,2400,2400
Tamil Nadu,Coimbatore,Singanallur(Uzhavar Sandhai ),Sweet Potato,Hosur Red,Local,30-04-2025,3500,3800,3800
Tamil Nadu,Coimbatore,Sulur(Uzhavar Sandhai ),Beans,Beans (Whole),Local,30-04-2025,7000,7500,7500
Tamil Nadu,Coimbatore,Sulur(Uzhavar Sandhai ),Chow Chow,Chow Chow,Local,30-04-2025,1800,2200,2200
Tamil Nadu,Coimbatore,Sulur(Uzhavar Sandhai ),Cowpea(Veg),Cowpea (Veg),Local,30-04-2025,2200,2600,2600
Tamil Nadu,Coimbatore,Sulur(Uzhavar Sandhai ),Green Chilli,Green Chilly,Local,30-04-2025,2600,3000,3000
Tamil Nadu,Coimbatore,Sulur(Uzhavar Sandhai ),Guava,Guava Alahabad,Local,30-04-2025,4000,5000,5000
Tamil Nadu,Coimbatore,Sulur(Uzhavar Sandhai ),Knool Khol,Knool Khol,Local,30-04-2025,2400,2800,2800
Tamil Nadu,Coimbatore,Sulur(Uzhavar Sandhai ),Onion,Bellary,Local,30-04-2025,2000,2200,2200
Tamil Nadu,Coimbatore,Sulur(Uzhavar Sandhai ),Potato,(Red Nanital),Local,30-04-2025,4000,4600,4600
Tamil Nadu,Coimbatore,Udumalpet,Bhindi(Ladies Finger),Bhindi,Local,30-04-2025,2200,2500,2500
Tamil Nadu,Coimbatore,Udumalpet,Bitter gourd,Bitter Gourd,Local,30-04-2025,4000,4400,4400
Tamil Nadu,Coimbatore,Udumalpet,Bottle gourd,Bottle Gourd,Local,30-04-2025,1000,1400,1400
Tamil Nadu,Coimbatore,Udumalpet,Coconut,Coconut,Local,30-04-2025,6000,6500,6500
Tamil Nadu,Coimbatore,Udumalpet,Coriander(Leaves),I Sort,Local,30-04-2025,5000,5500,5500
Tamil Nadu,Coimbatore,Udumalpet,Ginger(Green),Green Ginger,Local,30-04-2025,4500,4800,4800
Tamil Nadu,Coimbatore,Udumalpet,Guava,Guava Alahabad,Local,30-04-2025,4000,8000,8000
Tamil Nadu,Coimbatore,Udumalpet,Mint(Pudina),Mint(Pudina),Local,30-04-2025,6000,6500,6500
Tamil Nadu,Coimbatore,Udumalpet,Onion Green,Onion Green,Local,30-04-2025,3500,3800,3800
Tamil Nadu,Coimbatore,Udumalpet,Ridgeguard(Tori),Ridgeguard(Tori),Local,30-04-2025,3600,4800,4800
Tamil Nadu,Coimbatore,Vadavalli(Uzhavar Sandhai ),Bhindi(Ladies Finger),Bhindi,Local,30-04-2025,2800,3400,3400
Tamil Nadu,Coimbatore,Vadavalli(Uzhavar Sandhai ),Bottle gourd,Bottle Gourd,Local,30-04-2025,1400,1800,1800
Tamil Nadu,Coimbatore,Vadavalli(Uzhavar Sandhai ),Green Chilli,Green Chilly,Local,30-04-2025,2800,3400,3400
Tamil Nadu,Coimbatore,Vadavalli(Uzhavar Sandhai ),Mint(Pudina),Mint(Pudina),Local,30-04-2025,1500,2000,2000
Tamil Nadu,Coimbatore,Vadavalli(Uzhavar Sandhai ),Potato,(Red Nanital),Local,30-04-2025,2400,4500,4500
Tamil Nadu,Coimbatore,Vadavalli(Uzhavar Sandhai ),Tomato,Deshi,Local,30-04-2025,1300,1700,1700
Tamil Nadu,Cuddalore,Chidambaram(Uzhavar Sandhai ),Banana,Besrai,Local,30-04-2025,3000,4000,4000
Tamil Nadu,Cuddalore,Chidambaram(Uzhavar Sandhai ),Banana - Green,Banana - Green,Local,30-04-2025,2000,2000,2000
Tamil Nadu,Cuddalore,Chidambaram(Uzhavar Sandhai ),Bottle gourd,Bottle Gourd,Local,30-04-2025,2000,2000,2000
Tamil Nadu,Cuddalore,Chidambaram(Uzhavar Sandhai ),Brinjal,Round,Local,30-04-2025,2000,2500,2500
Tamil Nadu,Cuddalore,Chidambaram(Uzhavar Sandhai ),Drumstick,Drumstick,Local,30-04-2025,4000,4000,4000
Tamil Nadu,Cuddalore,Chidambaram(Uzhavar Sandhai ),Onion Green,Onion Green,Local,30-04-2025,4000,5000,5000
Tamil Nadu,Cuddalore,Cuddalore(Uzhavar Sandhai ),Banana,Besrai,Local,30-04-2025,3000,7000,7000
Tamil Nadu,Cuddalore,Cuddalore(Uzhavar Sandhai ),Banana - Green,Banana - Green,Local,30-04-2025,3000,3000,3000
Tamil Nadu,Cuddalore,Cuddalore(Uzhavar Sandhai ),Beans,Beans (Whole),Local,30-04-2025,5000,5000,5000
Tamil Nadu,Cuddalore,Cuddalore(Uzhavar Sandhai ),Beetroot,Beetroot,Local,30-04-2025,2500,2500,2500
Tamil Nadu,Cuddalore,Cuddalore(Uzhavar Sandhai ),Bitter gourd,Bitter Gourd,Local,30-04-2025,3500,4000,4000
Tamil Nadu,Cuddalore,Cuddalore(Uzhavar Sandhai ),Chow Chow,Chow Chow,Local,30-04-2025,2000,2000,2000
Tamil Nadu,Cuddalore,Cuddalore(Uzhavar Sandhai ),Coconut,Coconut,Local,30-04-2025,4000,5000,5000
Tamil Nadu,Cuddalore,Cuddalore(Uzhavar Sandhai ),Green Avare (W),Avare (W),Local,30-04-2025,5500,11000,11000
Tamil Nadu,Cuddalore,Cuddalore(Uzhavar Sandhai ),Jack Fruit,Jack Fruit,Local,30-04-2025,10000,10000,10000
Tamil Nadu,Cuddalore,Cuddalore(Uzhavar Sandhai ),Mango,Safeda,Local,30-04-2025,8000,10000,10000
Tamil Nadu,Cuddalore,Cuddalore(Uzhavar Sandhai ),Onion Green,Onion Green,Local,30-04-2025,5000,5000,5000
Tamil Nadu,Cuddalore,Cuddalore(Uzhavar Sandhai ),Pumpkin,Pumpkin,Local,30-04-2025,1500,1500,1500
Tamil Nadu,Cuddalore,Viruthachalam(Uzhavar Sandhai ),Lemon,Lemon,Local,30-04-2025,7000,7000,7000
Tamil Nadu,Cuddalore,Viruthachalam(Uzhavar Sandhai ),Mint(Pudina),Mint(Pudina),Local,30-04-2025,5000,5000,5000
Tamil Nadu,Cuddalore,Viruthachalam(Uzhavar Sandhai ),Papaya,Papaya,Local,30-04-2025,3500,4000,4000
Tamil Nadu,Cuddalore,Viruthachalam(Uzhavar Sandhai ),Raddish,Raddish,Local,30-04-2025,2000,2000,2000
Tamil Nadu,Dharmapuri,AJattihalli(Uzhavar Sandhai ),Banana - Green,Banana - Green,Local,30-04-2025,2800,3000,3000
Tamil Nadu,Dharmapuri,AJattihalli(Uzhavar Sandhai ),Carrot,Pusakesar,Local,30-04-2025,2400,2600,2600
Tamil Nadu,Dharmapuri,AJattihalli(Uzhavar Sandhai ),Chow Chow,Chow Chow,Local,30-04-2025,3200,3400,3400
Tamil Nadu,Dharmapuri,AJattihalli(Uzhavar Sandhai ),Drumstick,Drumstick,Local,30-04-2025,5800,6000,6000
Tamil Nadu,Dharmapuri,AJattihalli(Uzhavar Sandhai ),Green Chilli,Green Chilly,Local,30-04-2025,2800,3000,3000
Tamil Nadu,Dharmapuri,AJattihalli(Uzhavar Sandhai ),Mango (Raw-Ripe),Mango - Raw-Ripe,Local,30-04-2025,3800,4000,4000
Tamil Nadu,Dharmapuri,AJattihalli(Uzhavar Sandhai ),Potato,(Red Nanital),Local,30-04-2025,3200,3400,3400
Tamil Nadu,Dharmapuri,AJattihalli(Uzhavar Sandhai ),Snakeguard,Snakeguard,Local,30-04-2025,1200,1400,1400
Tamil Nadu,Dharmapuri,AJattihalli(Uzhavar Sandhai ),Tomato,Deshi,Local,30-04-2025,800,1000,1000
Tamil Nadu,Dharmapuri,Dharmapuri(Uzhavar Sandhai ),Amaranthus,Amaranthus,Local,30-04-2025,1800,2000,2000
Tamil Nadu,Dharmapuri,Dharmapuri(Uzhavar Sandhai ),Cauliflower,Ranchi,Local,30-04-2025,3200,3500,3500
Tamil Nadu,Dharmapuri,Dharmapuri(Uzhavar Sandhai ),Coconut,Coconut,Local,30-04-2025,6500,7000,7000
Tamil Nadu,Dharmapuri,Dharmapuri(Uzhavar Sandhai ),Maize,Deshi Red,Local,30-04-2025,1800,2000,2000
Tamil Nadu,Dharmapuri,Dharmapuri(Uzhavar Sandhai ),Onion,Bellary,Local,30-04-2025,2600,2800,2800
Tamil Nadu,Dharmapuri,Dharmapuri(Uzhavar Sandhai ),Pumpkin,Pumpkin,Local,30-04-2025,1200,1400,1400
Tamil Nadu,Dharmapuri,Dharmapuri(Uzhavar Sandhai ),Ridgeguard(Tori),Ridgeguard(Tori),Local,30-04-2025,1600,1800,1800
Tamil Nadu,Dharmapuri,Dharmapuri(Uzhavar Sandhai ),Tomato,Deshi,Local,30-04-2025,900,1000,1000
Tamil Nadu,Dharmapuri,Dharmapuri(Uzhavar Sandhai ),Water Melon,Water Melon,Local,30-04-2025,1600,1800,1800
Tamil Nadu,Dharmapuri,Palacode(Uzhavar Sandhai ),Amla(Nelli Kai),Amla,Local,30-04-2025,7500,8000,8000
Tamil Nadu,Dharmapuri,Palacode(Uzhavar Sandhai ),Coconut,Coconut,Local,30-04-2025,6500,7000,7000
Tamil Nadu,Dharmapuri,Palacode(Uzhavar Sandhai ),Sweet Potato,Hosur Red,Local,30-04-2025,2300,2500,2500
Tamil Nadu,Erode,Gobichettipalayam(Uzhavar Sandhai ),Banana - Green,Banana - Green,Local,30-04-2025,1800,2000,2000
Tamil Nadu,Erode,Gobichettipalayam(Uzhavar Sandhai ),Brinjal,Round,Local,30-04-2025,3200,3500,3500
Tamil Nadu,Erode,Gobichettipalayam(Uzhavar Sandhai ),Chikoos(Sapota),Sapota,Local,30-04-2025,3600,4000,4000
Tamil Nadu,Erode,Gobichettipalayam(Uzhavar Sandhai ),Chow Chow,Chow Chow,Local,30-04-2025,2600,3000,3000
Tamil Nadu,Erode,Gobichettipalayam(Uzhavar Sandhai ),Coconut,Coconut,Local,30-04-2025,5500,6000,6000
Tamil Nadu,Erode,Gobichettipalayam(Uzhavar Sandhai ),Elephant Yam (Suran),Elephant Yam (Suran),Local,30-04-2025,4400,4800,4800
Tamil Nadu,Erode,Gobichettipalayam(Uzhavar Sandhai ),Lemon,Lemon,Local,30-04-2025,9000,10000,10000
Tamil Nadu,Erode,Gobichettipalayam(Uzhavar Sandhai ),Mint(Pudina),Mint(Pudina),Local,30-04-2025,4000,4200,4200
Tamil Nadu,Erode,Periyar Nagar(Uzhavar Sandhai ),Banana,Besrai,Local,30-04-2025,2000,5000,5000
Tamil Nadu,Erode,Periyar Nagar(Uzhavar Sandhai ),Colacasia,Colacasia,Local,30-04-2025,2500,3500,3500
Tamil Nadu,Erode,Periyar Nagar(Uzhavar Sandhai ),Green Avare (W),Avare (W),Local,30-04-2025,5000,5400,5400
Tamil Nadu,Erode,Periyar Nagar(Uzhavar Sandhai ),Jasmine,Jasmine,Local,30-04-2025,30000,35000,35000
Tamil Nadu,Erode,Periyar Nagar(Uzhavar Sandhai ),Onion Green,Onion Green,Local,30-04-2025,2000,2800,2800
Tamil Nadu,Erode,Periyar Nagar(Uzhavar Sandhai ),Tapioca,Tapioca,Local,30-04-2025,2000,2200,2200
Tamil Nadu,Erode,Perundurai(Uzhavar Sandhai ),Carrot,Pusakesar,Local,30-04-2025,3800,4000,4000
Tamil Nadu,Erode,Perundurai(Uzhavar Sandhai ),Ginger(Green),Green Ginger,Local,30-04-2025,4200,4500,4500
Tamil Nadu,Erode,Perundurai(Uzhavar Sandhai ),Onion,Bellary,Local,30-04-2025,2500,3000,3000
Tamil Nadu,Erode,Sampath Nagar(Uzhavar Sandhai ),Banana,Besrai,Local,30-04-2025,2000,5000,5000
Tamil Nadu,Erode,Sampath Nagar(Uzhavar Sandhai ),Banana - Green,Banana - Green,Local,30-04-2025,3000,3500,3500
Tamil Nadu,Erode,Sampath Nagar(Uzhavar Sandhai ),Bitter gourd,Bitter Gourd,Local,30-04-2025,4400,4800,4800
Tamil Nadu,Erode,Sampath Nagar(Uzhavar Sandhai ),Brinjal,Round,Local,30-04-2025,3400,3800,3800
Tamil Nadu,Erode,Sampath Nagar(Uzhavar Sandhai ),Coriander(Leaves),I Sort,Local,30-04-2025,3500,4000,4000
Tamil Nadu,Erode,Sampath Nagar(Uzhavar Sandhai ),Drumstick,Drumstick,Local,30-04-2025,3500,4000,4000
Tamil Nadu,Erode,Sampath Nagar(Uzhavar Sandhai ),Ginger(Green),Green Ginger,Local,30-04-2025,4000,4500,4500
Tamil Nadu,Erode,Sampath Nagar(Uzhavar Sandhai ),Mango,Safeda,Local,30-04-2025,5000,11000,11000
Tamil Nadu,Erode,Sampath Nagar(Uzhavar Sandhai ),Potato,(Red Nanital),Local,30-04-2025,3000,3500,3500
Tamil Nadu,Erode,Sathiyamagalam(Uzhavar Sandhai ),Banana,Besrai,Local,30-04-2025,4000,4600,4600
Tamil Nadu,Erode,Sathiyamagalam(Uzhavar Sandhai ),Chow Chow,Chow Chow,Local,30-04-2025,2000,2500,2500
Tamil Nadu,Erode,Sathiyamagalam(Uzhavar Sandhai ),Cucumbar(Kheera),Cucumbar,Local,30-04-2025,1400,2000,2000
Tamil Nadu,Erode,Sathiyamagalam(Uzhavar Sandhai ),Elephant Yam (Suran),Elephant Yam (Suran),Local,30-04-2025,4000,4400,4400
Tamil Nadu,Erode,Sathiyamagalam(Uzhavar Sandhai ),Guava,Guava Alahabad,Local,30-04-2025,5000,5500,5500
Tamil Nadu,Erode,Sathiyamagalam(Uzhavar Sandhai ),Onion,Bellary,Local,30-04-2025,2500,3000,3000
Tamil Nadu,Erode,Sathiyamagalam(Uzhavar Sandhai ),Potato,(Red Nanital),Local,30-04-2025,2500,3000,3000
Tamil Nadu,Erode,Sathiyamagalam(Uzhavar Sandhai ),Snakeguard,Snakeguard,Local,30-04-2025,3000,3300,3300
Tamil Nadu,Erode,Sathiyamagalam(Uzhavar Sandhai ),Tomato,Deshi,Local,30-04-2025,1000,1600,1600
Tamil Nadu,Erode,Sathiyamagalam(Uzhavar Sandhai ),Water Melon,Water Melon,Local,30-04-2025,1000,1500,1500
Tamil Nadu,Erode,Thalavadi(Uzhavar Sandhai ),Carrot,Pusakesar,Local,30-04-2025,4000,4500,4500
Tamil Nadu,Erode,Thalavadi(Uzhavar Sandhai ),Cauliflower,Ranchi,Local,30-04-2025,2000,2600,2600
Tamil Nadu,Erode,Thalavadi(Uzhavar Sandhai ),Coconut,Coconut,Local,30-04-2025,4600,5200,5200
Tamil Nadu,Erode,Thalavadi(Uzhavar Sandhai ),Ginger(Green),Green Ginger,Local,30-04-2025,4500,5000,5000
Tamil Nadu,Erode,Thalavadi(Uzhavar Sandhai ),Green Avare (W),Avare (W),Local,30-04-2025,3400,3800,3800
Tamil Nadu,Erode,Thalavadi(Uzhavar Sandhai ),Mango (Raw-Ripe),Mango - Raw-Ripe,Local,30-04-2025,2500,3000,3000
Tamil Nadu,Erode,Thalavadi(Uzhavar Sandhai ),Papaya,Papaya,Local,30-04-2025,1400,1800,1800
Tamil Nadu,Erode,Thalavadi(Uzhavar Sandhai ),Raddish,Raddish,Local,30-04-2025,1800,2200,2200
Tamil Nadu,Kallakuruchi,Kallakurichi(Uzhavar Sandhai ),Cabbage,Cabbage,Local,30-04-2025,2000,2000,2000
Tamil Nadu,Kallakuruchi,Kallakurichi(Uzhavar Sandhai ),Green Chilli,Green Chilly,Local,30-04-2025,4000,4000,4000
Tamil Nadu,Kallakuruchi,Kallakurichi(Uzhavar Sandhai ),Knool Khol,Knool Khol,Local,30-04-2025,5000,5000,5000
Tamil Nadu,Kallakuruchi,Kallakurichi(Uzhavar Sandhai ),Marigold(Calcutta),Marigold(Calcutta),Local,30-04-2025,22000,22000,22000
Tamil Nadu,Kallakuruchi,Kallakurichi(Uzhavar Sandhai ),Potato,(Red Nanital),Local,30-04-2025,3500,3500,3500
Tamil Nadu,Kallakuruchi,Kallakurichi(Uzhavar Sandhai ),Raddish,Raddish,Local,30-04-2025,3000,3000,3000
Tamil Nadu,Kallakuruchi,Kallakurichi(Uzhavar Sandhai ),Tamarind Fruit,Tamarind Fruit,Local,30-04-2025,12000,12000,12000
Tamil Nadu,Kallakuruchi,Sankarapuram(Uzhavar Sandhai ),Amaranthus,Amaranthus,Local,30-04-2025,4000,4000,4000
Tamil Nadu,Kallakuruchi,Sankarapuram(Uzhavar Sandhai ),Amla(Nelli Kai),Amla,Local,30-04-2025,8000,8000,8000
Tamil Nadu,Kallakuruchi,Sankarapuram(Uzhavar Sandhai ),Chikoos(Sapota),Sapota,Local,30-04-2025,4000,4000,4000
Tamil Nadu,Kallakuruchi,Sankarapuram(Uzhavar Sandhai ),Coriander(Leaves),I Sort,Local,30-04-2025,5000,5000,5000
Tamil Nadu,Kallakuruchi,Sankarapuram(Uzhavar Sandhai ),Groundnut,Big (With Shell),Local,30-04-2025,7000,7000,7000
Tamil Nadu,Kallakuruchi,Sankarapuram(Uzhavar Sandhai ),Lemon,Lemon,Local,30-04-2025,9000,9000,9000
Tamil Nadu,Kallakuruchi,Sankarapuram(Uzhavar Sandhai ),Mango (Raw-Ripe),Mango - Raw-Ripe,Local,30-04-2025,2500,3000,3000
Tamil Nadu,Kallakuruchi,Sankarapuram(Uzhavar Sandhai ),Mint(Pudina),Mint(Pudina),Local,30-04-2025,4000,4000,4000
Tamil Nadu,Kallakuruchi,Sankarapuram(Uzhavar Sandhai ),Onion Green,Onion Green,Local,30-04-2025,3000,3500,3500
Tamil Nadu,Kallakuruchi,Sankarapuram(Uzhavar Sandhai ),Papaya,Papaya,Local,30-04-2025,3000,3000,3000
Tamil Nadu,Kallakuruchi,Sankarapuram(Uzhavar Sandhai ),Raddish,Raddish,Local,30-04-2025,3000,3000,3000
Tamil Nadu,Kallakuruchi,Sankarapuram(Uzhavar Sandhai ),Snakeguard,Snakeguard,Local,30-04-2025,2800,2800,2800
Tamil Nadu,Kallakuruchi,Sankarapuram(Uzhavar Sandhai ),Yam (Ratalu),Yam (Ratalu),Local,30-04-2025,5000,5000,5000
Tamil Nadu,Kancheepuram,Uthiramerur,Paddy(Dhan)(Common),ADT 37,Local,30-04-2025,1800,2000,1900
Tamil Nadu,Karur,Kulithalai(Uzhavar Sandhai ),Ashgourd,Gouard,Local,30-04-2025,1600,2000,2000
Tamil Nadu,Karur,Kulithalai(Uzhavar Sandhai ),Banana - Green,Banana - Green,Local,30-04-2025,3000,4000,4000
Tamil Nadu,Karur,Kulithalai(Uzhavar Sandhai ),Beans,Beans (Whole),Local,30-04-2025,7000,7600,7600
Tamil Nadu,Karur,Kulithalai(Uzhavar Sandhai ),Bitter gourd,Bitter Gourd,Local,30-04-2025,2800,3200,3200
Tamil Nadu,Karur,Kulithalai(Uzhavar Sandhai ),Brinjal,Round,Local,30-04-2025,2000,2400,2400
Tamil Nadu,Karur,Kulithalai(Uzhavar Sandhai ),Chow Chow,Chow Chow,Local,30-04-2025,2500,3000,3000
Tamil Nadu,Karur,Kulithalai(Uzhavar Sandhai ),Colacasia,Colacasia,Local,30-04-2025,6000,8000,8000
Tamil Nadu,Karur,Kulithalai(Uzhavar Sandhai ),Cucumbar(Kheera),Cucumbar,Local,30-04-2025,3000,4000,4000
Tamil Nadu,Karur,Kulithalai(Uzhavar Sandhai ),Elephant Yam (Suran),Elephant Yam (Suran),Local,30-04-2025,6000,7000,7000
Tamil Nadu,Karur,Kulithalai(Uzhavar Sandhai ),Ginger(Green),Green Ginger,Local,30-04-2025,5000,5600,5600
Tamil Nadu,Karur,Kulithalai(Uzhavar Sandhai ),Green Avare (W),Avare (W),Local,30-04-2025,6000,7000,7000
Tamil Nadu,Karur,Kulithalai(Uzhavar Sandhai ),Guava,Guava Alahabad,Local,30-04-2025,5000,6000,6000
Tamil Nadu,Karur,Kulithalai(Uzhavar Sandhai ),Onion Green,Onion Green,Local,30-04-2025,4000,4500,4500
Tamil Nadu,Karur,Kulithalai(Uzhavar Sandhai ),Papaya,Papaya,Local,30-04-2025,2000,3000,3000
Tamil Nadu,Karur,Kulithalai(Uzhavar Sandhai ),Potato,(Red Nanital),Local,30-04-2025,3000,3600,3600
Tamil Nadu,Karur,Kulithalai(Uzhavar Sandhai ),Raddish,Raddish,Local,30-04-2025,2000,2400,2400
Tamil Nadu,Karur,Kulithalai(Uzhavar Sandhai ),Ridgeguard(Tori),Ridgeguard(Tori),Local,30-04-2025,3600,4000,4000
Tamil Nadu,Karur,Kulithalai(Uzhavar Sandhai ),Thondekai,Thondekai,Local,30-04-2025,2500,3000,3000
Tamil Nadu,Karur,Pallapatti (Uzhavar Sandhai ),Amla(Nelli Kai),Amla,Local,30-04-2025,6500,7000,7000
Tamil Nadu,Karur,Pallapatti (Uzhavar Sandhai ),Banana - Green,Banana - Green,Local,30-04-2025,3500,4000,4000
Tamil Nadu,Karur,Pallapatti (Uzhavar Sandhai ),Cluster beans,Cluster Beans,Local,30-04-2025,3200,3500,3500
Tamil Nadu,Karur,Pallapatti (Uzhavar Sandhai ),Onion Green,Onion Green,Local,30-04-2025,3600,4000,4000
Tamil Nadu,Karur,Pallapatti (Uzhavar Sandhai ),Raddish,Raddish,Local,30-04-2025,2800,3000,3000
Tamil Nadu,Karur,Velayuthampalayam(Uzhavar Sandhai ),Banana,Besrai,Local,30-04-2025,5200,6000,6000
Tamil Nadu,Karur,Velayuthampalayam(Uzhavar Sandhai ),Beans,Beans (Whole),Local,30-04-2025,7000,8000,8000
Tamil Nadu,Karur,Velayuthampalayam(Uzhavar Sandhai ),Beetroot,Beetroot,Local,30-04-2025,5200,6000,6000
Tamil Nadu,Karur,Velayuthampalayam(Uzhavar Sandhai ),Cabbage,Cabbage,Local,30-04-2025,2400,3000,3000
Tamil Nadu,Karur,Velayuthampalayam(Uzhavar Sandhai ),Drumstick,Drumstick,Local,30-04-2025,2400,3000,3000
Tamil Nadu,Karur,Velayuthampalayam(Uzhavar Sandhai ),Mint(Pudina),Mint(Pudina),Local,30-04-2025,3200,4000,4000
Tamil Nadu,Karur,Velayuthampalayam(Uzhavar Sandhai ),Ridgeguard(Tori),Ridgeguard(Tori),Local,30-04-2025,3200,4000,4000
Tamil Nadu,Krishnagiri,Avallapalli(Uzhavar Sandhai ),Amaranthus,Amaranthus,Local,30-04-2025,4000,5000,5000
Tamil Nadu,Krishnagiri,Avallapalli(Uzhavar Sandhai ),Ashgourd,Gouard,Local,30-04-2025,1200,1500,1500
Tamil Nadu,Krishnagiri,Avallapalli(Uzhavar Sandhai ),Beetroot,Beetroot,Local,30-04-2025,1500,2000,2000
Tamil Nadu,Krishnagiri,Avallapalli(Uzhavar Sandhai ),Bhindi(Ladies Finger),Bhindi,Local,30-04-2025,1500,2000,2000
Tamil Nadu,Krishnagiri,Avallapalli(Uzhavar Sandhai ),Chow Chow,Chow Chow,Local,30-04-2025,1800,2000,2000
Tamil Nadu,Krishnagiri,Avallapalli(Uzhavar Sandhai ),Green Avare (W),Avare (W),Local,30-04-2025,4000,5000,5000
Tamil Nadu,Krishnagiri,Avallapalli(Uzhavar Sandhai ),Knool Khol,Knool Khol,Local,30-04-2025,3500,4000,4000
Tamil Nadu,Krishnagiri,Avallapalli(Uzhavar Sandhai ),Potato,(Red Nanital),Local,30-04-2025,2500,2800,2800
Tamil Nadu,Krishnagiri,Avallapalli(Uzhavar Sandhai ),Ridgeguard(Tori),Ridgeguard(Tori),Local,30-04-2025,2000,2500,2500
Tamil Nadu,Krishnagiri,Denkanikottai(Uzhavar Sandhai ),Amaranthus,Amaranthus,Local,30-04-2025,4000,5000,5000
Tamil Nadu,Krishnagiri,Denkanikottai(Uzhavar Sandhai ),Ashgourd,Gouard,Local,30-04-2025,1000,1500,1500
Tamil Nadu,Krishnagiri,Denkanikottai(Uzhavar Sandhai ),Banana - Green,Banana - Green,Local,30-04-2025,3000,4000,4000
Tamil Nadu,Krishnagiri,Denkanikottai(Uzhavar Sandhai ),Chow Chow,Chow Chow,Local,30-04-2025,1500,2000,2000
Tamil Nadu,Krishnagiri,Denkanikottai(Uzhavar Sandhai ),Coconut,Coconut,Local,30-04-2025,5000,6500,6500
Tamil Nadu,Krishnagiri,Denkanikottai(Uzhavar Sandhai ),Cucumbar(Kheera),Cucumbar,Local,30-04-2025,1500,1800,1800
Tamil Nadu,Krishnagiri,Denkanikottai(Uzhavar Sandhai ),Garlic,Average,Local,30-04-2025,10000,13000,13000
Tamil Nadu,Krishnagiri,Denkanikottai(Uzhavar Sandhai ),Ginger(Green),Green Ginger,Local,30-04-2025,4000,5000,5000
Tamil Nadu,Krishnagiri,Denkanikottai(Uzhavar Sandhai ),Ridgeguard(Tori),Ridgeguard(Tori),Local,30-04-2025,2000,2500,2500
Tamil Nadu,Krishnagiri,Denkanikottai(Uzhavar Sandhai ),Tomato,Deshi,Local,30-04-2025,1000,1200,1200
Tamil Nadu,Krishnagiri,Hosur(Uzhavar Sandhai ),Bitter gourd,Bitter Gourd,Local,30-04-2025,3000,3500,3500
Tamil Nadu,Krishnagiri,Hosur(Uzhavar Sandhai ),Coconut,Coconut,Local,30-04-2025,6000,6500,6500
Tamil Nadu,Krishnagiri,Hosur(Uzhavar Sandhai ),Onion Green,Onion Green,Local,30-04-2025,4500,5000,5000
Tamil Nadu,Krishnagiri,Krishnagiri(Uzhavar Sandhai ),Bottle gourd,Bottle Gourd,Local,30-04-2025,600,800,800
Tamil Nadu,Krishnagiri,Krishnagiri(Uzhavar Sandhai ),Drumstick,Drumstick,Local,30-04-2025,4000,5000,5000
Tamil Nadu,Krishnagiri,Krishnagiri(Uzhavar Sandhai ),Green Avare (W),Avare (W),Local,30-04-2025,3500,4000,4000
Tamil Nadu,Krishnagiri,Krishnagiri(Uzhavar Sandhai ),Guava,Guava Alahabad,Local,30-04-2025,4500,5000,5000
Tamil Nadu,Krishnagiri,Krishnagiri(Uzhavar Sandhai ),Knool Khol,Knool Khol,Local,30-04-2025,3500,4000,4000
Tamil Nadu,Krishnagiri,Krishnagiri(Uzhavar Sandhai ),Potato,(Red Nanital),Local,30-04-2025,2500,3000,3000
Tamil Nadu,Krishnagiri,Krishnagiri(Uzhavar Sandhai ),Pumpkin,Pumpkin,Local,30-04-2025,1400,1400,1400
Tamil Nadu,Madurai,Chokkikulam(Uzhavar Sandhai ),Bitter gourd,Bitter Gourd,Local,30-04-2025,4000,5000,5000
Tamil Nadu,Madurai,Chokkikulam(Uzhavar Sandhai ),Drumstick,Drumstick,Local,30-04-2025,5000,6000,6000
Tamil Nadu,Madurai,Chokkikulam(Uzhavar Sandhai ),Garlic,Average,Local,30-04-2025,16000,18000,18000
Tamil Nadu,Madurai,Chokkikulam(Uzhavar Sandhai ),Green Chilli,Green Chilly,Local,30-04-2025,1800,2000,2000
Tamil Nadu,Madurai,Chokkikulam(Uzhavar Sandhai ),Guava,Guava Alahabad,Local,30-04-2025,8000,9000,9000
Tamil Nadu,Madurai,Chokkikulam(Uzhavar Sandhai ),Maize,Deshi Red,Local,30-04-2025,2000,2400,2400
Tamil Nadu,Madurai,Chokkikulam(Uzhavar Sandhai ),Mint(Pudina),Mint(Pudina),Local,30-04-2025,2000,2500,2500
Tamil Nadu,Madurai,Chokkikulam(Uzhavar Sandhai ),Thondekai,Thondekai,Local,30-04-2025,3000,3600,3600
Tamil Nadu,Madurai,Chokkikulam(Uzhavar Sandhai ),Yam (Ratalu),Yam (Ratalu),Local,30-04-2025,8000,9000,9000
Tamil Nadu,Madurai,Melur(Uzhavar Sandhai ),Amaranthus,Amaranthus,Local,30-04-2025,3000,4000,4000
Tamil Nadu,Madurai,Melur(Uzhavar Sandhai ),Coconut,Coconut,Local,30-04-2025,6000,6600,6600
Tamil Nadu,Madurai,Melur(Uzhavar Sandhai ),Green Chilli,Green Chilly,Local,30-04-2025,1800,2000,2000
Tamil Nadu,Madurai,Melur(Uzhavar Sandhai ),Mango (Raw-Ripe),Mango - Raw-Ripe,Local,30-04-2025,2000,2400,2400
Tamil Nadu,Madurai,Melur(Uzhavar Sandhai ),Onion,Bellary,Local,30-04-2025,2400,3000,3000
Tamil Nadu,Madurai,Melur(Uzhavar Sandhai ),Snakeguard,Snakeguard,Local,30-04-2025,4000,4400,4400
Tamil Nadu,Madurai,Melur(Uzhavar Sandhai ),Sweet Potato,Hosur Red,Local,30-04-2025,4000,4800,4800
Tamil Nadu,Madurai,Palanganatham(Uzhavar Sandhai ),Beetroot,Beetroot,Local,30-04-2025,2500,3000,3000
Tamil Nadu,Madurai,Palanganatham(Uzhavar Sandhai ),Bhindi(Ladies Finger),Bhindi,Local,30-04-2025,2000,2400,2400
Tamil Nadu,Madurai,Palanganatham(Uzhavar Sandhai ),Capsicum,Capsicum,Local,30-04-2025,5000,6000,6000
Tamil Nadu,Madurai,Palanganatham(Uzhavar Sandhai ),Cauliflower,Ranchi,Local,30-04-2025,2500,3600,3600
Tamil Nadu,Madurai,Palanganatham(Uzhavar Sandhai ),Cluster beans,Cluster Beans,Local,30-04-2025,3000,3600,3600
Tamil Nadu,Madurai,Palanganatham(Uzhavar Sandhai ),Colacasia,Colacasia,Local,30-04-2025,6000,7000,7000
Tamil Nadu,Madurai,Palanganatham(Uzhavar Sandhai ),Elephant Yam (Suran),Elephant Yam (Suran),Local,30-04-2025,6000,7000,7000
Tamil Nadu,Madurai,Palanganatham(Uzhavar Sandhai ),Grapes,Annabesahai,Local,30-04-2025,9000,10000,10000
Tamil Nadu,Madurai,Palanganatham(Uzhavar Sandhai ),Green Chilli,Green Chilly,Local,30-04-2025,1800,2000,2000
Tamil Nadu,Madurai,Palanganatham(Uzhavar Sandhai ),Guava,Guava Alahabad,Local,30-04-2025,6000,58000,58000
Tamil Nadu,Madurai,Palanganatham(Uzhavar Sandhai ),Orange,Darjeeling,Local,30-04-2025,10000,12000,12000
Tamil Nadu,Madurai,Palanganatham(Uzhavar Sandhai ),Yam (Ratalu),Yam (Ratalu),Local,30-04-2025,8000,9000,9000
Tamil Nadu,Madurai,Thirumangalam(Uzhavar Sandhai ),Bitter gourd,Bitter Gourd,Local,30-04-2025,4600,5000,5000
Tamil Nadu,Madurai,Thirumangalam(Uzhavar Sandhai ),Bottle gourd,Bottle Gourd,Local,30-04-2025,1800,2000,2000
Tamil Nadu,Madurai,Thirumangalam(Uzhavar Sandhai ),Green Avare (W),Avare (W),Local,30-04-2025,5000,6000,6000
Tamil Nadu,Madurai,Usilampatty,Ashgourd,Gouard,Local,30-04-2025,1400,1600,1600
Tamil Nadu,Madurai,Usilampatty,Brinjal,Round,Local,30-04-2025,3600,4000,4000
Tamil Nadu,Madurai,Usilampatty,Elephant Yam (Suran),Elephant Yam (Suran),Local,30-04-2025,6000,7000,7000
Tamil Nadu,Madurai,Usilampatty,Green Avare (W),Avare (W),Local,30-04-2025,5000,6000,6000
Tamil Nadu,Madurai,Usilampatty,Green Chilli,Green Chilly,Local,30-04-2025,1800,2000,2000
Tamil Nadu,Madurai,Usilampatty,Onion Green,Onion Green,Local,30-04-2025,4000,4500,4500
Tamil Nadu,Nagapattinam,Mayiladuthurai(Uzhavar Sandhai ),Beans,Beans (Whole),Local,30-04-2025,7000,7000,7000
Tamil Nadu,Nagapattinam,Mayiladuthurai(Uzhavar Sandhai ),Potato,(Red Nanital),Local,30-04-2025,4000,4000,4000
Tamil Nadu,Nagapattinam,Mayiladuthurai(Uzhavar Sandhai ),Ridgeguard(Tori),Ridgeguard(Tori),Local,30-04-2025,4500,5000,5000
Tamil Nadu,Nagapattinam,Nagapattinam(Uzhavar Sandhai ),Beetroot,Beetroot,Local,30-04-2025,3500,4000,4000
Tamil Nadu,Nagapattinam,Nagapattinam(Uzhavar Sandhai ),Cabbage,Cabbage,Local,30-04-2025,3500,4000,4000
Tamil Nadu,Nagapattinam,Nagapattinam(Uzhavar Sandhai ),Cucumbar(Kheera),Cucumbar,Local,30-04-2025,4500,4500,4500
Tamil Nadu,Nagapattinam,Nagapattinam(Uzhavar Sandhai ),Drumstick,Drumstick,Local,30-04-2025,5000,5000,5000
Tamil Nadu,Nagapattinam,Nagapattinam(Uzhavar Sandhai ),Green Chilli,Green Chilly,Local,30-04-2025,4000,4500,4500
Tamil Nadu,Nagapattinam,Nagapattinam(Uzhavar Sandhai ),Mint(Pudina),Mint(Pudina),Local,30-04-2025,4500,5000,5000
Tamil Nadu,Nagapattinam,Nagapattinam(Uzhavar Sandhai ),Papaya,Papaya,Local,30-04-2025,2500,3000,3000
Tamil Nadu,Nagapattinam,Nagapattinam(Uzhavar Sandhai ),Pumpkin,Pumpkin,Local,30-04-2025,1800,1800,1800
Tamil Nadu,Nagercoil (Kannyiakumari),Vadaseri,Brinjal,Round,Local,30-04-2025,7000,8000,8000
Tamil Nadu,Nagercoil (Kannyiakumari),Vadaseri,Chikoos(Sapota),Sapota,Local,30-04-2025,6000,7000,7000
Tamil Nadu,Nagercoil (Kannyiakumari),Vadaseri,Elephant Yam (Suran),Elephant Yam (Suran),Local,30-04-2025,7000,8000,8000
Tamil Nadu,Nagercoil (Kannyiakumari),Vadaseri,Jasmine,Jasmine,Local,30-04-2025,35000,40000,40000
Tamil Nadu,Nagercoil (Kannyiakumari),Vadaseri,Lime,Lime,Local,30-04-2025,5000,6000,6000
Tamil Nadu,Nagercoil (Kannyiakumari),Vadaseri,Pumpkin,Pumpkin,Local,30-04-2025,1200,1500,1500
Tamil Nadu,Namakkal,Kumarapalayam(Uzhavar Sandhai ),Amla(Nelli Kai),Amla,Local,30-04-2025,6000,7000,7000
Tamil Nadu,Namakkal,Kumarapalayam(Uzhavar Sandhai ),Beans,Beans (Whole),Local,30-04-2025,7000,7500,7500
Tamil Nadu,Namakkal,Kumarapalayam(Uzhavar Sandhai ),Bitter gourd,Bitter Gourd,Local,30-04-2025,3700,4200,4200
Tamil Nadu,Namakkal,Kumarapalayam(Uzhavar Sandhai ),Cabbage,Cabbage,Local,30-04-2025,1300,1500,1500
Tamil Nadu,Namakkal,Kumarapalayam(Uzhavar Sandhai ),Cluster beans,Cluster Beans,Local,30-04-2025,3000,3500,3500
Tamil Nadu,Namakkal,Kumarapalayam(Uzhavar Sandhai ),Coriander(Leaves),I Sort,Local,30-04-2025,5000,5500,5500
Tamil Nadu,Namakkal,Kumarapalayam(Uzhavar Sandhai ),Drumstick,Drumstick,Local,30-04-2025,3500,4000,4000
Tamil Nadu,Namakkal,Kumarapalayam(Uzhavar Sandhai ),Green Chilli,Green Chilly,Local,30-04-2025,2500,3000,3000
Tamil Nadu,Namakkal,Kumarapalayam(Uzhavar Sandhai ),Papaya,Papaya,Local,30-04-2025,2500,3000,3000
Tamil Nadu,Namakkal,Kumarapalayam(Uzhavar Sandhai ),Ridgeguard(Tori),Ridgeguard(Tori),Local,30-04-2025,4000,4500,4500
Tamil Nadu,Namakkal,Kumarapalayam(Uzhavar Sandhai ),Tender Coconut,Tender Coconut,Local,30-04-2025,2500,3500,3500
Tamil Nadu,Namakkal,Kumarapalayam(Uzhavar Sandhai ),Tomato,Deshi,Local,30-04-2025,1300,1500,1500
Tamil Nadu,Namakkal,Kumarapalayam(Uzhavar Sandhai ),Water Melon,Water Melon,Local,30-04-2025,1200,1500,1500
Tamil Nadu,Namakkal,Mohanur(Uzhavar Sandhai ),Bitter gourd,Bitter Gourd,Local,30-04-2025,4400,4800,4800
Tamil Nadu,Namakkal,Mohanur(Uzhavar Sandhai ),Chow Chow,Chow Chow,Local,30-04-2025,3200,3600,3600
Tamil Nadu,Namakkal,Mohanur(Uzhavar Sandhai ),Cluster beans,Cluster Beans,Local,30-04-2025,3200,3600,3600
Tamil Nadu,Namakkal,Mohanur(Uzhavar Sandhai ),Drumstick,Drumstick,Local,30-04-2025,3400,4000,4000
Tamil Nadu,Namakkal,Mohanur(Uzhavar Sandhai ),Ginger(Green),Green Ginger,Local,30-04-2025,7000,8000,8000
Tamil Nadu,Namakkal,Mohanur(Uzhavar Sandhai ),Green Chilli,Green Chilly,Local,30-04-2025,3400,4000,4000
Tamil Nadu,Namakkal,Mohanur(Uzhavar Sandhai ),Mango,Safeda,Local,30-04-2025,6000,7000,7000
Tamil Nadu,Namakkal,Mohanur(Uzhavar Sandhai ),Onion,Bellary,Local,30-04-2025,2400,3000,3000
Tamil Nadu,Namakkal,Namakkal(Uzhavar Sandhai ),Banana,Besrai,Local,30-04-2025,3000,4000,4000
Tamil Nadu,Namakkal,Namakkal(Uzhavar Sandhai ),Bhindi(Ladies Finger),Bhindi,Local,30-04-2025,2500,3000,3000
Tamil Nadu,Namakkal,Namakkal(Uzhavar Sandhai ),Capsicum,Capsicum,Local,30-04-2025,4500,5000,5000
Tamil Nadu,Namakkal,Namakkal(Uzhavar Sandhai ),Chow Chow,Chow Chow,Local,30-04-2025,2000,2500,2500
Tamil Nadu,Namakkal,Namakkal(Uzhavar Sandhai ),Green Chilli,Green Chilly,Local,30-04-2025,2500,3000,3000
Tamil Nadu,Namakkal,Namakkal(Uzhavar Sandhai ),Groundnut,Big (With Shell),Local,30-04-2025,5500,6000,6000
Tamil Nadu,Namakkal,Namakkal(Uzhavar Sandhai ),Guava,Guava Alahabad,Local,30-04-2025,6000,7000,7000
Tamil Nadu,Namakkal,Namakkal(Uzhavar Sandhai ),Snakeguard,Snakeguard,Local,30-04-2025,4500,5200,5200
Tamil Nadu,Namakkal,Namakkal(Uzhavar Sandhai ),Yam (Ratalu),Yam (Ratalu),Local,30-04-2025,5000,6000,6000
Tamil Nadu,Namakkal,Paramathivelur(Uzhavar Sandhai ),Amaranthus,Amaranthus,Local,30-04-2025,2600,3000,3000
Tamil Nadu,Namakkal,Paramathivelur(Uzhavar Sandhai ),Banana,Besrai,Local,30-04-2025,3000,3500,3500
Tamil Nadu,Namakkal,Paramathivelur(Uzhavar Sandhai ),Brinjal,Round,Local,30-04-2025,2600,3000,3000
Tamil Nadu,Namakkal,Paramathivelur(Uzhavar Sandhai ),Lemon,Lemon,Local,30-04-2025,7000,8000,8000
Tamil Nadu,Namakkal,Paramathivelur(Uzhavar Sandhai ),Raddish,Raddish,Local,30-04-2025,2500,3000,3000
Tamil Nadu,Namakkal,Paramathivelur(Uzhavar Sandhai ),Tender Coconut,Tender Coconut,Local,30-04-2025,3000,3500,3500
Tamil Nadu,Namakkal,Rasipuram(Uzhavar Sandhai ),Banana - Green,Banana - Green,Local,30-04-2025,3000,3400,3400
Tamil Nadu,Namakkal,Rasipuram(Uzhavar Sandhai ),Chow Chow,Chow Chow,Local,30-04-2025,2000,2500,2500
Tamil Nadu,Namakkal,Rasipuram(Uzhavar Sandhai ),Drumstick,Drumstick,Local,30-04-2025,3600,4000,4000
Tamil Nadu,Namakkal,Rasipuram(Uzhavar Sandhai ),Lemon,Lemon,Local,30-04-2025,6800,7500,7500
Tamil Nadu,Namakkal,Rasipuram(Uzhavar Sandhai ),Mashrooms,Mashrooms,Local,30-04-2025,2500,3000,3000
Tamil Nadu,Namakkal,Rasipuram(Uzhavar Sandhai ),Mint(Pudina),Mint(Pudina),Local,30-04-2025,3500,4000,4000
Tamil Nadu,Namakkal,Rasipuram(Uzhavar Sandhai ),Tamarind Fruit,Tamarind Fruit,Local,30-04-2025,8000,10000,10000
Tamil Nadu,Namakkal,Rasipuram(Uzhavar Sandhai ),Tender Coconut,Tender Coconut,Local,30-04-2025,2000,2500,2500
Tamil Nadu,Namakkal,Rasipuram(Uzhavar Sandhai ),Tomato,Deshi,Local,30-04-2025,800,1500,1500
Tamil Nadu,Namakkal,Tiruchengode,Banana,Besrai,Local,30-04-2025,2000,3000,3000
Tamil Nadu,Namakkal,Tiruchengode,Banana - Green,Banana - Green,Local,30-04-2025,2500,3000,3000
Tamil Nadu,Namakkal,Tiruchengode,Bhindi(Ladies Finger),Bhindi,Local,30-04-2025,2000,2500,2500
Tamil Nadu,Namakkal,Tiruchengode,Bitter gourd,Bitter Gourd,Local,30-04-2025,4000,5000,5000
Tamil Nadu,Namakkal,Tiruchengode,Cauliflower,Ranchi,Local,30-04-2025,1500,3000,3000
Tamil Nadu,Namakkal,Tiruchengode,Chow Chow,Chow Chow,Local,30-04-2025,2500,3000,3000
Tamil Nadu,Namakkal,Tiruchengode,Coriander(Leaves),I Sort,Local,30-04-2025,3500,4000,4000
Tamil Nadu,Namakkal,Tiruchengode,Mango (Raw-Ripe),Mango - Raw-Ripe,Local,30-04-2025,4500,5000,5000
Tamil Nadu,Namakkal,Tiruchengode,Mashrooms,Mashrooms,Local,30-04-2025,3000,3500,3500
Tamil Nadu,Namakkal,Tiruchengode,Mousambi(Sweet Lime),Mousambi,Local,30-04-2025,2500,3000,3000
Tamil Nadu,Perambalur,Perambalur(Uzhavar Sandhai ),Amaranthus,Amaranthus,Local,30-04-2025,2000,3000,3000
Tamil Nadu,Perambalur,Perambalur(Uzhavar Sandhai ),Banana - Green,Banana - Green,Local,30-04-2025,4000,4500,4500
Tamil Nadu,Perambalur,Perambalur(Uzhavar Sandhai ),Beans,Beans (Whole),Local,30-04-2025,5600,5600,5600
Tamil Nadu,Perambalur,Perambalur(Uzhavar Sandhai ),Capsicum,Capsicum,Local,30-04-2025,5600,5600,5600
Tamil Nadu,Perambalur,Perambalur(Uzhavar Sandhai ),Colacasia,Colacasia,Local,30-04-2025,8000,8000,8000
Tamil Nadu,Perambalur,Perambalur(Uzhavar Sandhai ),Coriander(Leaves),I Sort,Local,30-04-2025,3500,3500,3500
Tamil Nadu,Perambalur,Perambalur(Uzhavar Sandhai ),Drumstick,Drumstick,Local,30-04-2025,4400,4400,4400
Tamil Nadu,Perambalur,Perambalur(Uzhavar Sandhai ),Green Peas,Green Peas,Local,30-04-2025,10000,10000,10000
Tamil Nadu,Perambalur,Perambalur(Uzhavar Sandhai ),Mango,Safeda,Local,30-04-2025,9000,9000,9000
Tamil Nadu,Perambalur,Perambalur(Uzhavar Sandhai ),Mint(Pudina),Mint(Pudina),Local,30-04-2025,3500,3500,3500
Tamil Nadu,Perambalur,Perambalur(Uzhavar Sandhai ),Mousambi(Sweet Lime),Mousambi,Local,30-04-2025,8000,8000,8000
Tamil Nadu,Perambalur,Perambalur(Uzhavar Sandhai ),Raddish,Raddish,Local,30-04-2025,2000,2000,2000
Tamil Nadu,Pudukkottai,Alangudi(Uzhavar Sandhai ),Brinjal,Round,Local,30-04-2025,2500,3000,3000
Tamil Nadu,Pudukkottai,Alangudi(Uzhavar Sandhai ),Drumstick,Drumstick,Local,30-04-2025,5000,6000,6000
Tamil Nadu,Pudukkottai,Alangudi(Uzhavar Sandhai ),Pumpkin,Pumpkin,Local,30-04-2025,800,1000,1000
Tamil Nadu,Pudukkottai,Alangudi(Uzhavar Sandhai ),Ridgeguard(Tori),Ridgeguard(Tori),Local,30-04-2025,2500,3000,3000
Tamil Nadu,Pudukkottai,Aranthangi(Uzhavar Sandhai ),Bhindi(Ladies Finger),Bhindi,Local,30-04-2025,2500,3000,3000
Tamil Nadu,Pudukkottai,Aranthangi(Uzhavar Sandhai ),Bottle gourd,Bottle Gourd,Local,30-04-2025,1000,1500,1500
Tamil Nadu,Pudukkottai,Aranthangi(Uzhavar Sandhai ),Coconut,Coconut,Local,30-04-2025,5000,6000,6000
Tamil Nadu,Pudukkottai,Aranthangi(Uzhavar Sandhai ),Green Avare (W),Avare (W),Local,30-04-2025,6000,7000,7000
Tamil Nadu,Pudukkottai,Aranthangi(Uzhavar Sandhai ),Lemon,Lemon,Local,30-04-2025,10000,11000,11000
Tamil Nadu,Pudukkottai,Aranthangi(Uzhavar Sandhai ),Raddish,Raddish,Local,30-04-2025,2000,2500,2500
Tamil Nadu,Pudukkottai,Gandarvakottai(Uzhavar Sandhai ),Amaranthus,Amaranthus,Local,30-04-2025,1200,1500,1500
Tamil Nadu,Pudukkottai,Gandarvakottai(Uzhavar Sandhai ),Bottle gourd,Bottle Gourd,Local,30-04-2025,800,1000,1000
Tamil Nadu,Pudukkottai,Gandarvakottai(Uzhavar Sandhai ),Brinjal,Round,Local,30-04-2025,2600,3000,3000
Tamil Nadu,Pudukkottai,Gandarvakottai(Uzhavar Sandhai ),Coriander(Leaves),I Sort,Local,30-04-2025,3500,4000,4000
Tamil Nadu,Pudukkottai,Gandarvakottai(Uzhavar Sandhai ),Green Chilli,Green Chilly,Local,30-04-2025,1500,2000,2000
Tamil Nadu,Pudukkottai,Gandarvakottai(Uzhavar Sandhai ),Lemon,Lemon,Local,30-04-2025,9000,10000,10000
Tamil Nadu,Pudukkottai,Gandarvakottai(Uzhavar Sandhai ),Mango (Raw-Ripe),Mango - Raw-Ripe,Local,30-04-2025,1500,2000,2000
Tamil Nadu,Pudukkottai,Karambakkudi(Uzhavar Sandhai ),Banana - Green,Banana - Green,Local,30-04-2025,2500,3000,3000
Tamil Nadu,Pudukkottai,Karambakkudi(Uzhavar Sandhai ),Cluster beans,Cluster Beans,Local,30-04-2025,3500,4000,4000
Tamil Nadu,Pudukkottai,Karambakkudi(Uzhavar Sandhai ),Coconut,Coconut,Local,30-04-2025,5000,6000,6000
Tamil Nadu,Pudukkottai,Karambakkudi(Uzhavar Sandhai ),Drumstick,Drumstick,Local,30-04-2025,3500,4000,4000
Tamil Nadu,Pudukkottai,Karambakkudi(Uzhavar Sandhai ),Green Avare (W),Avare (W),Local,30-04-2025,7000,8000,8000
Tamil Nadu,Pudukkottai,Karambakkudi(Uzhavar Sandhai ),Papaya,Papaya,Local,30-04-2025,2500,3000,3000
Tamil Nadu,Pudukkottai,Karambakkudi(Uzhavar Sandhai ),Raddish,Raddish,Local,30-04-2025,1500,2000,2000
Tamil Nadu,Pudukkottai,Viralimalai(Uzhavar Sandhai ),Banana - Green,Banana - Green,Local,30-04-2025,2500,3000,3000
Tamil Nadu,Pudukkottai,Viralimalai(Uzhavar Sandhai ),Ridgeguard(Tori),Ridgeguard(Tori),Local,30-04-2025,2000,2500,2500
Tamil Nadu,Ramanathapuram,Paramakudi(Uzhavar Sandhai ),Amaranthus,Amaranthus,Local,30-04-2025,3500,4000,4000
Tamil Nadu,Ramanathapuram,Paramakudi(Uzhavar Sandhai ),Beetroot,Beetroot,Local,30-04-2025,4000,4500,4500
Tamil Nadu,Ramanathapuram,Paramakudi(Uzhavar Sandhai ),Bitter gourd,Bitter Gourd,Local,30-04-2025,5500,6000,6000
Tamil Nadu,Ramanathapuram,Paramakudi(Uzhavar Sandhai ),Bottle gourd,Bottle Gourd,Local,30-04-2025,1500,5000,5000
Tamil Nadu,Ramanathapuram,Paramakudi(Uzhavar Sandhai ),Cabbage,Cabbage,Local,30-04-2025,3000,3500,3500
Tamil Nadu,Ramanathapuram,Paramakudi(Uzhavar Sandhai ),Ginger(Green),Green Ginger,Local,30-04-2025,8000,9000,9000
Tamil Nadu,Ramanathapuram,Paramakudi(Uzhavar Sandhai ),Potato,(Red Nanital),Local,30-04-2025,3000,4000,4000
Tamil Nadu,Ramanathapuram,Paramakudi(Uzhavar Sandhai ),Tomato,Deshi,Local,30-04-2025,2000,2500,2500
Tamil Nadu,Salem,Ammapet(Uzhavar Sandhai ),Bhindi(Ladies Finger),Bhindi,Local,30-04-2025,1600,2000,2000
Tamil Nadu,Salem,Ammapet(Uzhavar Sandhai ),Bitter gourd,Bitter Gourd,Local,30-04-2025,3600,4000,4000
Tamil Nadu,Salem,Ammapet(Uzhavar Sandhai ),Bottle gourd,Bottle Gourd,Local,30-04-2025,1400,1800,1800
Tamil Nadu,Salem,Ammapet(Uzhavar Sandhai ),Chikoos(Sapota),Sapota,Local,30-04-2025,3500,4000,4000
Tamil Nadu,Salem,Ammapet(Uzhavar Sandhai ),Elephant Yam (Suran),Elephant Yam (Suran),Local,30-04-2025,4500,5000,5000
Tamil Nadu,Salem,Ammapet(Uzhavar Sandhai ),Green Avare (W),Avare (W),Local,30-04-2025,5600,6000,6000
Tamil Nadu,Salem,Ammapet(Uzhavar Sandhai ),Guava,Guava Alahabad,Local,30-04-2025,4500,5000,5000
Tamil Nadu,Salem,Ammapet(Uzhavar Sandhai ),Onion,Bellary,Local,30-04-2025,2500,3000,3000
Tamil Nadu,Salem,Ammapet(Uzhavar Sandhai ),Rose(Local),Rose (Local),Local,30-04-2025,7000,8000,8000
Tamil Nadu,Salem,Ammapet(Uzhavar Sandhai ),Snakeguard,Snakeguard,Local,30-04-2025,2000,2400,2400
Tamil Nadu,Salem,Ammapet(Uzhavar Sandhai ),Yam (Ratalu),Yam (Ratalu),Local,30-04-2025,6000,7000,7000
Tamil Nadu,Salem,Athur(Uzhavar Sandhai ),Bottle gourd,Bottle Gourd,Local,30-04-2025,1000,1200,1200
Tamil Nadu,Salem,Athur(Uzhavar Sandhai ),Chow Chow,Chow Chow,Local,30-04-2025,2500,3000,3000
Tamil Nadu,Salem,Athur(Uzhavar Sandhai ),Jasmine,Jasmine,Local,30-04-2025,44000,45000,45000
Tamil Nadu,Salem,Athur(Uzhavar Sandhai ),Knool Khol,Knool Khol,Local,30-04-2025,4500,5000,5000
Tamil Nadu,Salem,Athur(Uzhavar Sandhai ),Ridgeguard(Tori),Ridgeguard(Tori),Local,30-04-2025,2500,3000,3000
Tamil Nadu,Salem,Athur(Uzhavar Sandhai ),Rose(Local),Rose (Local),Local,30-04-2025,25000,26000,26000
Tamil Nadu,Salem,Athur(Uzhavar Sandhai ),Tender Coconut,Tender Coconut,Local,30-04-2025,2000,2500,2500
Tamil Nadu,Salem,Athur(Uzhavar Sandhai ),Tomato,Deshi,Local,30-04-2025,1000,1300,1300
Tamil Nadu,Salem,Athur(Uzhavar Sandhai ),Water Melon,Water Melon,Local,30-04-2025,1000,1500,1500
Tamil Nadu,Salem,Attayampatti(Uzhavar Sandhai ),Ashgourd,Gouard,Local,30-04-2025,1200,1400,1400
Tamil Nadu,Salem,Attayampatti(Uzhavar Sandhai ),Bhindi(Ladies Finger),Bhindi,Local,30-04-2025,1800,2000,2000
Tamil Nadu,Salem,Attayampatti(Uzhavar Sandhai ),Brinjal,Round,Local,30-04-2025,1000,1600,1600
Tamil Nadu,Salem,Attayampatti(Uzhavar Sandhai ),Coconut,Coconut,Local,30-04-2025,6500,7000,7000
Tamil Nadu,Salem,Attayampatti(Uzhavar Sandhai ),Drumstick,Drumstick,Local,30-04-2025,4000,5000,5000
Tamil Nadu,Salem,Attayampatti(Uzhavar Sandhai ),Green Chilli,Green Chilly,Local,30-04-2025,2800,3000,3000
Tamil Nadu,Salem,Attayampatti(Uzhavar Sandhai ),Papaya,Papaya,Local,30-04-2025,3000,3500,3500
Tamil Nadu,Salem,Attayampatti(Uzhavar Sandhai ),Potato,(Red Nanital),Local,30-04-2025,3400,3600,3600
Tamil Nadu,Salem,Edapadi (Uzhavar Sandhai ),Bhindi(Ladies Finger),Bhindi,Local,30-04-2025,1600,2000,2000
Tamil Nadu,Salem,Edapadi (Uzhavar Sandhai ),Bottle gourd,Bottle Gourd,Local,30-04-2025,1400,1600,1600
Tamil Nadu,Salem,Edapadi (Uzhavar Sandhai ),Cabbage,Cabbage,Local,30-04-2025,1600,2000,2000
Tamil Nadu,Salem,Edapadi (Uzhavar Sandhai ),Cluster beans,Cluster Beans,Local,30-04-2025,2500,3000,3000
Tamil Nadu,Salem,Edapadi (Uzhavar Sandhai ),Onion,Bellary,Local,30-04-2025,2500,3000,3000
Tamil Nadu,Salem,Edapadi (Uzhavar Sandhai ),Onion Green,Onion Green,Local,30-04-2025,3000,3500,3500
Tamil Nadu,Salem,Edapadi (Uzhavar Sandhai ),Papaya,Papaya,Local,30-04-2025,2500,3000,3000
Tamil Nadu,Salem,Edapadi (Uzhavar Sandhai ),Potato,(Red Nanital),Local,30-04-2025,3000,3500,3500
Tamil Nadu,Salem,Edapadi (Uzhavar Sandhai ),Pumpkin,Pumpkin,Local,30-04-2025,1200,1400,1400
Tamil Nadu,Salem,Elampillai(Uzhavar Sandhai ),Beans,Beans (Whole),Local,30-04-2025,7200,10200,10200
Tamil Nadu,Salem,Elampillai(Uzhavar Sandhai ),Bitter gourd,Bitter Gourd,Local,30-04-2025,3400,3600,3600
Tamil Nadu,Salem,Elampillai(Uzhavar Sandhai ),Bottle gourd,Bottle Gourd,Local,30-04-2025,1200,1400,1400
Tamil Nadu,Salem,Elampillai(Uzhavar Sandhai ),Brinjal,Round,Local,30-04-2025,1000,1500,1500
Tamil Nadu,Salem,Elampillai(Uzhavar Sandhai ),Cauliflower,Ranchi,Local,30-04-2025,2000,2500,2500
Tamil Nadu,Salem,Elampillai(Uzhavar Sandhai ),Chikoos(Sapota),Sapota,Local,30-04-2025,3500,4000,4000
Tamil Nadu,Salem,Elampillai(Uzhavar Sandhai ),Chow Chow,Chow Chow,Local,30-04-2025,3000,3200,3200
Tamil Nadu,Salem,Elampillai(Uzhavar Sandhai ),Garlic,Average,Local,30-04-2025,10000,12000,12000
Tamil Nadu,Salem,Elampillai(Uzhavar Sandhai ),Ginger(Green),Green Ginger,Local,30-04-2025,5000,5400,5400
Tamil Nadu,Salem,Elampillai(Uzhavar Sandhai ),Lemon,Lemon,Local,30-04-2025,6000,7000,7000
Tamil Nadu,Salem,Elampillai(Uzhavar Sandhai ),Papaya,Papaya,Local,30-04-2025,2500,3000,3000
Tamil Nadu,Salem,Elampillai(Uzhavar Sandhai ),Raddish,Raddish,Local,30-04-2025,2000,2400,2400
Tamil Nadu,Salem,Elampillai(Uzhavar Sandhai ),Snakeguard,Snakeguard,Local,30-04-2025,2200,2400,2400
Tamil Nadu,Salem,Hasthampatti(Uzhavar Sandhai ),Ashgourd,Gouard,Local,30-04-2025,1500,1500,1500
Tamil Nadu,Salem,Hasthampatti(Uzhavar Sandhai ),Beetroot,Beetroot,Local,30-04-2025,6000,6400,6400
Tamil Nadu,Salem,Hasthampatti(Uzhavar Sandhai ),Bottle gourd,Bottle Gourd,Local,30-04-2025,1500,1800,1800
Tamil Nadu,Salem,Hasthampatti(Uzhavar Sandhai ),Carrot,Pusakesar,Local,30-04-2025,5000,5400,5400
Tamil Nadu,Salem,Hasthampatti(Uzhavar Sandhai ),Drumstick,Drumstick,Local,30-04-2025,4000,5000,5000
Tamil Nadu,Salem,Hasthampatti(Uzhavar Sandhai ),Maize,Deshi Red,Local,30-04-2025,2500,3000,3000
Tamil Nadu,Salem,Hasthampatti(Uzhavar Sandhai ),Mango (Raw-Ripe),Mango - Raw-Ripe,Local,30-04-2025,2500,3000,3000
Tamil Nadu,Salem,Hasthampatti(Uzhavar Sandhai ),Papaya,Papaya,Local,30-04-2025,3000,3500,3500
Tamil Nadu,Salem,Hasthampatti(Uzhavar Sandhai ),Snakeguard,Snakeguard,Local,30-04-2025,2000,2400,2400
Tamil Nadu,Salem,Hasthampatti(Uzhavar Sandhai ),Sweet Potato,Hosur Red,Local,30-04-2025,4000,4000,4000
Tamil Nadu,Salem,Hasthampatti(Uzhavar Sandhai ),Tapioca,Tapioca,Local,30-04-2025,3000,3500,3500
Tamil Nadu,Salem,Hasthampatti(Uzhavar Sandhai ),Thondekai,Thondekai,Local,30-04-2025,3500,4000,4000
Tamil Nadu,Salem,Jalagandapuram(Uzhavar Sandhai ),Banana,Besrai,Local,30-04-2025,4000,6000,6000
Tamil Nadu,Salem,Jalagandapuram(Uzhavar Sandhai ),Bottle gourd,Bottle Gourd,Local,30-04-2025,1400,1500,1500
Tamil Nadu,Salem,Jalagandapuram(Uzhavar Sandhai ),Carrot,Pusakesar,Local,30-04-2025,5000,5400,5400
Tamil Nadu,Salem,Jalagandapuram(Uzhavar Sandhai ),Chikoos(Sapota),Sapota,Local,30-04-2025,3500,4000,4000
Tamil Nadu,Salem,Jalagandapuram(Uzhavar Sandhai ),Cluster beans,Cluster Beans,Local,30-04-2025,2800,3000,3000
Tamil Nadu,Salem,Jalagandapuram(Uzhavar Sandhai ),Coconut,Coconut,Local,30-04-2025,6000,6500,6500
Tamil Nadu,Salem,Jalagandapuram(Uzhavar Sandhai ),Green Chilli,Green Chilly,Local,30-04-2025,2800,3000,3000
Tamil Nadu,Salem,Jalagandapuram(Uzhavar Sandhai ),Lemon,Lemon,Local,30-04-2025,4500,5000,5000
Tamil Nadu,Salem,Jalagandapuram(Uzhavar Sandhai ),Mango,Safeda,Local,30-04-2025,5000,6000,6000
Tamil Nadu,Salem,Jalagandapuram(Uzhavar Sandhai ),Mint(Pudina),Mint(Pudina),Local,30-04-2025,2000,2500,2500
Tamil Nadu,Salem,Jalagandapuram(Uzhavar Sandhai ),Tender Coconut,Tender Coconut,Local,30-04-2025,2500,3000,3000
Tamil Nadu,Salem,Jalagandapuram(Uzhavar Sandhai ),Tomato,Deshi,Local,30-04-2025,1000,1300,1300
Tamil Nadu,Salem,Mettur(Uzhavar Sandhai ),Banana - Green,Banana - Green,Local,30-04-2025,2500,2500,2500
Tamil Nadu,Salem,Mettur(Uzhavar Sandhai ),Bottle gourd,Bottle Gourd,Local,30-04-2025,1000,1200,1200
Tamil Nadu,Salem,Mettur(Uzhavar Sandhai ),Brinjal,Round,Local,30-04-2025,1500,2000,2000
Tamil Nadu,Salem,Mettur(Uzhavar Sandhai ),Cauliflower,Ranchi,Local,30-04-2025,2000,2500,2500
Tamil Nadu,Salem,Mettur(Uzhavar Sandhai ),Chow Chow,Chow Chow,Local,30-04-2025,3000,3400,3400
Tamil Nadu,Salem,Mettur(Uzhavar Sandhai ),Cluster beans,Cluster Beans,Local,30-04-2025,3000,3000,3000
Tamil Nadu,Salem,Mettur(Uzhavar Sandhai ),Coriander(Leaves),I Sort,Local,30-04-2025,1000,2000,2000
Tamil Nadu,Salem,Mettur(Uzhavar Sandhai ),Cucumbar(Kheera),Cucumbar,Local,30-04-2025,4000,6000,6000
Tamil Nadu,Salem,Mettur(Uzhavar Sandhai ),Lemon,Lemon,Local,30-04-2025,4000,5000,5000
Tamil Nadu,Salem,Mettur(Uzhavar Sandhai ),Mashrooms,Mashrooms,Local,30-04-2025,2500,2500,2500
Tamil Nadu,Salem,Mettur(Uzhavar Sandhai ),Potato,(Red Nanital),Local,30-04-2025,3000,4000,4000
Tamil Nadu,Salem,Mettur(Uzhavar Sandhai ),Tapioca,Tapioca,Local,30-04-2025,2500,3000,3000
Tamil Nadu,Salem,Sooramangalam(Uzhavar Sandhai ),Banana - Green,Banana - Green,Local,30-04-2025,1800,2000,2000
Tamil Nadu,Salem,Sooramangalam(Uzhavar Sandhai ),Capsicum,Capsicum,Local,30-04-2025,6000,6200,6200
Tamil Nadu,Salem,Sooramangalam(Uzhavar Sandhai ),Colacasia,Colacasia,Local,30-04-2025,8500,9000,9000
Tamil Nadu,Salem,Sooramangalam(Uzhavar Sandhai ),Cucumbar(Kheera),Cucumbar,Local,30-04-2025,4000,8000,8000
Tamil Nadu,Salem,Sooramangalam(Uzhavar Sandhai ),Ginger(Green),Green Ginger,Local,30-04-2025,5000,5400,5400
Tamil Nadu,Salem,Sooramangalam(Uzhavar Sandhai ),Green Peas,Green Peas,Local,30-04-2025,16500,17000,17000
Tamil Nadu,Salem,Sooramangalam(Uzhavar Sandhai ),Mango,Safeda,Local,30-04-2025,8000,16000,16000
Tamil Nadu,Salem,Sooramangalam(Uzhavar Sandhai ),Onion Green,Onion Green,Local,30-04-2025,3600,3800,3800
Tamil Nadu,Salem,Sooramangalam(Uzhavar Sandhai ),Papaya,Papaya,Local,30-04-2025,3000,3500,3500
Tamil Nadu,Salem,Sooramangalam(Uzhavar Sandhai ),Pumpkin,Pumpkin,Local,30-04-2025,1000,1200,1200
Tamil Nadu,Salem,Sooramangalam(Uzhavar Sandhai ),Sweet Potato,Hosur Red,Local,30-04-2025,3500,4000,4000
Tamil Nadu,Salem,Thammampatti (Uzhavar Sandhai ),Bottle gourd,Bottle Gourd,Local,30-04-2025,1000,1400,1400
Tamil Nadu,Salem,Thammampatti (Uzhavar Sandhai ),Capsicum,Capsicum,Local,30-04-2025,5500,6000,6000
Tamil Nadu,Salem,Thammampatti (Uzhavar Sandhai ),Potato,(Red Nanital),Local,30-04-2025,3200,3600,3600
Tamil Nadu,Salem,Thammampatti (Uzhavar Sandhai ),Pumpkin,Pumpkin,Local,30-04-2025,1000,1400,1400
Tamil Nadu,Salem,Thammampatti (Uzhavar Sandhai ),Tomato,Deshi,Local,30-04-2025,1000,1300,1300
Tamil Nadu,Salem,Thathakapatti(Uzhavar Sandhai ),Amla(Nelli Kai),Amla,Local,30-04-2025,6000,7000,7000
Tamil Nadu,Salem,Thathakapatti(Uzhavar Sandhai ),Elephant Yam (Suran),Elephant Yam (Suran),Local,30-04-2025,5000,5500,5500
Tamil Nadu,Salem,Thathakapatti(Uzhavar Sandhai ),Green Avare (W),Avare (W),Local,30-04-2025,5600,5800,5800
Tamil Nadu,Salem,Thathakapatti(Uzhavar Sandhai ),Jack Fruit,Jack Fruit,Local,30-04-2025,4500,5000,5000
Tamil Nadu,Salem,Thathakapatti(Uzhavar Sandhai ),Mango (Raw-Ripe),Mango - Raw-Ripe,Local,30-04-2025,2500,3000,3000
Tamil Nadu,Salem,Thathakapatti(Uzhavar Sandhai ),Tender Coconut,Tender Coconut,Local,30-04-2025,2000,3000,3000
Tamil Nadu,Salem,Thathakapatti(Uzhavar Sandhai ),Tube Flower,Tube Flower,Local,30-04-2025,25000,30000,30000
Tamil Nadu,Sivaganga,Karaikudi(Uzhavar Sandhai ),Beans,Beans (Whole),Local,30-04-2025,5500,5500,5500
Tamil Nadu,Sivaganga,Karaikudi(Uzhavar Sandhai ),Bitter gourd,Bitter Gourd,Local,30-04-2025,5000,5500,5500
Tamil Nadu,Sivaganga,Karaikudi(Uzhavar Sandhai ),Cauliflower,Ranchi,Local,30-04-2025,4000,4500,4500
Tamil Nadu,Sivaganga,Karaikudi(Uzhavar Sandhai ),Chikoos(Sapota),Sapota,Local,30-04-2025,5500,6500,6500
Tamil Nadu,Sivaganga,Karaikudi(Uzhavar Sandhai ),Ginger(Green),Green Ginger,Local,30-04-2025,6500,7500,7500
Tamil Nadu,Sivaganga,Karaikudi(Uzhavar Sandhai ),Green Chilli,Green Chilly,Local,30-04-2025,2500,2500,2500
Tamil Nadu,Sivaganga,Karaikudi(Uzhavar Sandhai ),Mint(Pudina),Mint(Pudina),Local,30-04-2025,3000,3000,3000
Tamil Nadu,Sivaganga,Karaikudi(Uzhavar Sandhai ),Pumpkin,Pumpkin,Local,30-04-2025,2000,2000,2000
Tamil Nadu,Sivaganga,Karaikudi(Uzhavar Sandhai ),Ridgeguard(Tori),Ridgeguard(Tori),Local,30-04-2025,4400,4800,4800
Tamil Nadu,Sivaganga,Karaikudi(Uzhavar Sandhai ),Tomato,Deshi,Local,30-04-2025,2000,2200,2200
Tamil Nadu,Sivaganga,Singampunari(Uzhavar Sandhai ),Cabbage,Cabbage,Local,30-04-2025,2000,2000,2000
Tamil Nadu,Sivaganga,Singampunari(Uzhavar Sandhai ),Carrot,Pusakesar,Local,30-04-2025,3000,4000,4000
Tamil Nadu,Sivaganga,Singampunari(Uzhavar Sandhai ),Chow Chow,Chow Chow,Local,30-04-2025,1500,2000,2000
Tamil Nadu,Sivaganga,Singampunari(Uzhavar Sandhai ),Coriander(Leaves),I Sort,Local,30-04-2025,6000,6000,6000
Tamil Nadu,Sivaganga,Singampunari(Uzhavar Sandhai ),Green Chilli,Green Chilly,Local,30-04-2025,2000,2500,2500
Tamil Nadu,Sivaganga,Singampunari(Uzhavar Sandhai ),Pumpkin,Pumpkin,Local,30-04-2025,1500,1800,1800
Tamil Nadu,Sivaganga,Singampunari(Uzhavar Sandhai ),Snakeguard,Snakeguard,Local,30-04-2025,4000,4500,4500
Tamil Nadu,Sivaganga,Singampunari(Uzhavar Sandhai ),Tomato,Deshi,Local,30-04-2025,1800,2000,2000
Tamil Nadu,Sivaganga,Sivagangai (Uzhavar Sandhai ),Bitter gourd,Bitter Gourd,Local,30-04-2025,4800,5200,5200
Tamil Nadu,Sivaganga,Sivagangai (Uzhavar Sandhai ),Bottle gourd,Bottle Gourd,Local,30-04-2025,2000,2200,2200
Tamil Nadu,Sivaganga,Sivagangai (Uzhavar Sandhai ),Cabbage,Cabbage,Local,30-04-2025,2000,2200,2200
Tamil Nadu,Sivaganga,Sivagangai (Uzhavar Sandhai ),Coconut,Coconut,Local,30-04-2025,6200,6800,6800
Tamil Nadu,Sivaganga,Sivagangai (Uzhavar Sandhai ),Drumstick,Drumstick,Local,30-04-2025,5000,6000,6000
Tamil Nadu,Sivaganga,Sivagangai (Uzhavar Sandhai ),Mango (Raw-Ripe),Mango - Raw-Ripe,Local,30-04-2025,2200,2600,2600
Tamil Nadu,Sivaganga,Sivagangai (Uzhavar Sandhai ),Mint(Pudina),Mint(Pudina),Local,30-04-2025,2200,2600,2600
Tamil Nadu,Sivaganga,Sivagangai (Uzhavar Sandhai ),Ridgeguard(Tori),Ridgeguard(Tori),Local,30-04-2025,3800,4600,4600
Tamil Nadu,Sivaganga,Sivagangai (Uzhavar Sandhai ),Yam (Ratalu),Yam (Ratalu),Local,30-04-2025,8200,9200,9200
Tamil Nadu,Sivaganga,Tirupatthur(Uzhavar Sandhai ),Banana - Green,Banana - Green,Local,30-04-2025,2500,3000,3000
Tamil Nadu,Sivaganga,Tirupatthur(Uzhavar Sandhai ),Beans,Beans (Whole),Local,30-04-2025,4800,5400,5400
Tamil Nadu,Sivaganga,Tirupatthur(Uzhavar Sandhai ),Bhindi(Ladies Finger),Bhindi,Local,30-04-2025,2400,2800,2800
Tamil Nadu,Sivaganga,Tirupatthur(Uzhavar Sandhai ),Bottle gourd,Bottle Gourd,Local,30-04-2025,2200,2400,2400
Tamil Nadu,Sivaganga,Tirupatthur(Uzhavar Sandhai ),Cabbage,Cabbage,Local,30-04-2025,2200,2500,2500
Tamil Nadu,Sivaganga,Tirupatthur(Uzhavar Sandhai ),Coconut,Coconut,Local,30-04-2025,6500,7000,7000
Tamil Nadu,Sivaganga,Tirupatthur(Uzhavar Sandhai ),Green Chilli,Green Chilly,Local,30-04-2025,2200,2400,2400
Tamil Nadu,Sivaganga,Tirupatthur(Uzhavar Sandhai ),Guava,Guava Alahabad,Local,30-04-2025,8500,9400,9400
Tamil Nadu,Sivaganga,Tirupatthur(Uzhavar Sandhai ),Indian Beans (Seam),Indian Beans (Seam),Local,30-04-2025,8400,9500,9500
Tamil Nadu,Sivaganga,Tirupatthur(Uzhavar Sandhai ),Lemon,Lemon,Local,30-04-2025,14000,15000,15000
Tamil Nadu,Sivaganga,Tirupatthur(Uzhavar Sandhai ),Mango (Raw-Ripe),Mango - Raw-Ripe,Local,30-04-2025,2500,2800,2800
Tamil Nadu,Sivaganga,Tirupatthur(Uzhavar Sandhai ),Pumpkin,Pumpkin,Local,30-04-2025,1800,2000,2000
Tamil Nadu,Sivaganga,Tirupatthur(Uzhavar Sandhai ),Raddish,Raddish,Local,30-04-2025,2400,2800,2800
Tamil Nadu,Sivaganga,Tirupatthur(Uzhavar Sandhai ),Ridgeguard(Tori),Ridgeguard(Tori),Local,30-04-2025,4000,4800,4800
Tamil Nadu,Thanjavur,Papanasam(Uzhavar Sandhai ),Ashgourd,Gouard,Local,30-04-2025,1800,1800,1800
Tamil Nadu,Thanjavur,Papanasam(Uzhavar Sandhai ),Beetroot,Beetroot,Local,30-04-2025,3600,3600,3600
Tamil Nadu,Thanjavur,Papanasam(Uzhavar Sandhai ),Bottle gourd,Bottle Gourd,Local,30-04-2025,2400,2400,2400
Tamil Nadu,Thanjavur,Papanasam(Uzhavar Sandhai ),Carrot,Pusakesar,Local,30-04-2025,4600,4600,4600
Tamil Nadu,Thanjavur,Papanasam(Uzhavar Sandhai ),Chow Chow,Chow Chow,Local,30-04-2025,2000,2000,2000
Tamil Nadu,Thanjavur,Papanasam(Uzhavar Sandhai ),Coconut,Coconut,Local,30-04-2025,6000,6000,6000
Tamil Nadu,Thanjavur,Papanasam(Uzhavar Sandhai ),Green Avare (W),Avare (W),Local,30-04-2025,4600,7000,7000
Tamil Nadu,Thanjavur,Papanasam(Uzhavar Sandhai ),Pumpkin,Pumpkin,Local,30-04-2025,1800,1800,1800
Tamil Nadu,Thanjavur,Pattukottai(Uzhavar Sandhai ),Beans,Beans (Whole),Local,30-04-2025,7800,7800,7800
Tamil Nadu,Thanjavur,Pattukottai(Uzhavar Sandhai ),Colacasia,Colacasia,Local,30-04-2025,7000,7000,7000
Tamil Nadu,Thanjavur,Pattukottai(Uzhavar Sandhai ),Lemon,Lemon,Local,30-04-2025,9400,9400,9400
Tamil Nadu,Thanjavur,Pattukottai(Uzhavar Sandhai ),Tomato,Deshi,Local,30-04-2025,1800,1800,1800
Tamil Nadu,Thanjavur,Thanjavur(Uzhavar Sandhai ),Capsicum,Capsicum,Local,30-04-2025,5000,5000,5000
Tamil Nadu,Thanjavur,Thanjavur(Uzhavar Sandhai ),Cauliflower,Ranchi,Local,30-04-2025,4600,4600,4600
Tamil Nadu,Thanjavur,Thanjavur(Uzhavar Sandhai ),Chikoos(Sapota),Sapota,Local,30-04-2025,6000,6000,6000
Tamil Nadu,Thanjavur,Thanjavur(Uzhavar Sandhai ),Colacasia,Colacasia,Local,30-04-2025,8000,8000,8000
Tamil Nadu,Thanjavur,Thanjavur(Uzhavar Sandhai ),Garlic,Average,Local,30-04-2025,12000,12000,12000
Tamil Nadu,Thanjavur,Thanjavur(Uzhavar Sandhai ),Ginger(Green),Green Ginger,Local,30-04-2025,5600,5600,5600
Tamil Nadu,Thanjavur,Thanjavur(Uzhavar Sandhai ),Green Avare (W),Avare (W),Local,30-04-2025,4600,6600,6600
Tamil Nadu,Thanjavur,Thanjavur(Uzhavar Sandhai ),Indian Beans (Seam),Indian Beans (Seam),Local,30-04-2025,7000,7000,7000
Tamil Nadu,Thanjavur,Thanjavur(Uzhavar Sandhai ),Mint(Pudina),Mint(Pudina),Local,30-04-2025,3500,3500,3500
Tamil Nadu,Thanjavur,Thanjavur(Uzhavar Sandhai ),Onion Green,Onion Green,Local,30-04-2025,4000,4000,4000
Tamil Nadu,Thanjavur,Thanjavur(Uzhavar Sandhai ),Orange,Darjeeling,Local,30-04-2025,10000,14000,14000
Tamil Nadu,Thanjavur,Thanjavur(Uzhavar Sandhai ),Potato,(Red Nanital),Local,30-04-2025,3400,3400,3400
Tamil Nadu,The Nilgiris,Gudalur(Uzhavar Sandhai ),Banana - Green,Banana - Green,Local,30-04-2025,3500,4000,4000
Tamil Nadu,The Nilgiris,Gudalur(Uzhavar Sandhai ),Beans,Beans (Whole),Local,30-04-2025,6000,7000,7000
Tamil Nadu,The Nilgiris,Gudalur(Uzhavar Sandhai ),Onion,Bellary,Local,30-04-2025,2200,2500,2500
Tamil Nadu,The Nilgiris,Gudalur(Uzhavar Sandhai ),Tomato,Deshi,Local,30-04-2025,1800,2000,2000
Tamil Nadu,The Nilgiris,Udhagamandalam(Uzhavar Sandhai ),Amla(Nelli Kai),Amla,Local,30-04-2025,7000,7500,7500
Tamil Nadu,The Nilgiris,Udhagamandalam(Uzhavar Sandhai ),Ashgourd,Gouard,Local,30-04-2025,1500,1800,1800
Tamil Nadu,The Nilgiris,Udhagamandalam(Uzhavar Sandhai ),Banana,Besrai,Local,30-04-2025,3000,6000,6000
Tamil Nadu,The Nilgiris,Udhagamandalam(Uzhavar Sandhai ),Bhindi(Ladies Finger),Bhindi,Local,30-04-2025,3000,3400,3400
Tamil Nadu,The Nilgiris,Udhagamandalam(Uzhavar Sandhai ),Bitter gourd,Bitter Gourd,Local,30-04-2025,3500,4000,4000
Tamil Nadu,The Nilgiris,Udhagamandalam(Uzhavar Sandhai ),Brinjal,Round,Local,30-04-2025,2000,2200,2200
Tamil Nadu,The Nilgiris,Udhagamandalam(Uzhavar Sandhai ),Coconut,Coconut,Local,30-04-2025,6500,6700,6700
Tamil Nadu,The Nilgiris,Udhagamandalam(Uzhavar Sandhai ),Cowpea(Veg),Cowpea (Veg),Local,30-04-2025,2500,3000,3000
Tamil Nadu,The Nilgiris,Udhagamandalam(Uzhavar Sandhai ),Papaya,Papaya,Local,30-04-2025,4000,4500,4500
Tamil Nadu,The Nilgiris,Udhagamandalam(Uzhavar Sandhai ),Raddish,Raddish,Local,30-04-2025,2500,2700,2700
Tamil Nadu,Theni,Bodinayakanur(Uzhavar Sandhai ),Beans,Beans (Whole),Local,30-04-2025,3800,3800,3800
Tamil Nadu,Theni,Bodinayakanur(Uzhavar Sandhai ),Beetroot,Beetroot,Local,30-04-2025,2000,2200,2200
Tamil Nadu,Theni,Bodinayakanur(Uzhavar Sandhai ),Bottle gourd,Bottle Gourd,Local,30-04-2025,700,800,800
Tamil Nadu,Theni,Bodinayakanur(Uzhavar Sandhai ),Cabbage,Cabbage,Local,30-04-2025,1500,1700,1700
Tamil Nadu,Theni,Bodinayakanur(Uzhavar Sandhai ),Cluster beans,Cluster Beans,Local,30-04-2025,1700,2000,2000
Tamil Nadu,Theni,Bodinayakanur(Uzhavar Sandhai ),Green Chilli,Green Chilly,Local,30-04-2025,2600,3000,3000
Tamil Nadu,Theni,Bodinayakanur(Uzhavar Sandhai ),Snakeguard,Snakeguard,Local,30-04-2025,2300,2500,2500
Tamil Nadu,Theni,Chinnamanur(Uzhavar Sandhai ),Amaranthus,Amaranthus,Local,30-04-2025,2500,2500,2500
Tamil Nadu,Theni,Chinnamanur(Uzhavar Sandhai ),Banana,Besrai,Local,30-04-2025,4000,4000,4000
Tamil Nadu,Theni,Chinnamanur(Uzhavar Sandhai ),Capsicum,Capsicum,Local,30-04-2025,4500,4500,4500
Tamil Nadu,Theni,Chinnamanur(Uzhavar Sandhai ),Green Chilli,Green Chilly,Local,30-04-2025,3000,3200,3200
Tamil Nadu,Theni,Chinnamanur(Uzhavar Sandhai ),Lemon,Lemon,Local,30-04-2025,7000,11000,11000
Tamil Nadu,Theni,Chinnamanur(Uzhavar Sandhai ),Mint(Pudina),Mint(Pudina),Local,30-04-2025,3000,3000,3000
Tamil Nadu,Theni,Chinnamanur(Uzhavar Sandhai ),Yam (Ratalu),Yam (Ratalu),Local,30-04-2025,8000,8000,8000
Tamil Nadu,Theni,Devaram(Uzhavar Sandhai ),Brinjal,Round,Local,30-04-2025,2000,2000,2000
Tamil Nadu,Theni,Devaram(Uzhavar Sandhai ),Drumstick,Drumstick,Local,30-04-2025,3500,3500,3500
Tamil Nadu,Theni,Devaram(Uzhavar Sandhai ),Potato,(Red Nanital),Local,30-04-2025,3200,3200,3200
Tamil Nadu,Theni,Devaram(Uzhavar Sandhai ),Raddish,Raddish,Local,30-04-2025,1800,1800,1800
Tamil Nadu,Theni,Devaram(Uzhavar Sandhai ),Tapioca,Tapioca,Local,30-04-2025,2200,2200,2200
Tamil Nadu,Theni,Kambam(Uzhavar Sandhai ),Ashgourd,Gouard,Local,30-04-2025,1300,1300,1300
Tamil Nadu,Theni,Kambam(Uzhavar Sandhai ),Banana,Besrai,Local,30-04-2025,5000,6000,6000
Tamil Nadu,Theni,Kambam(Uzhavar Sandhai ),Bottle gourd,Bottle Gourd,Local,30-04-2025,600,800,800
Tamil Nadu,Theni,Kambam(Uzhavar Sandhai ),Capsicum,Capsicum,Local,30-04-2025,4800,4800,4800
Tamil Nadu,Theni,Kambam(Uzhavar Sandhai ),Coriander(Leaves),I Sort,Local,30-04-2025,5000,5000,5000
Tamil Nadu,Theni,Kambam(Uzhavar Sandhai ),Lemon,Lemon,Local,30-04-2025,6000,11000,11000
Tamil Nadu,Theni,Kambam(Uzhavar Sandhai ),Mango (Raw-Ripe),Mango - Raw-Ripe,Local,30-04-2025,2200,2200,2200
Tamil Nadu,Theni,Kambam(Uzhavar Sandhai ),Mint(Pudina),Mint(Pudina),Local,30-04-2025,3000,3000,3000
Tamil Nadu,Theni,Kambam(Uzhavar Sandhai ),Pumpkin,Pumpkin,Local,30-04-2025,1000,1000,1000
Tamil Nadu,Theni,Kambam(Uzhavar Sandhai ),Ridgeguard(Tori),Ridgeguard(Tori),Local,30-04-2025,4000,4000,4000
Tamil Nadu,Theni,Kambam(Uzhavar Sandhai ),Sweet Potato,Hosur Red,Local,30-04-2025,3500,3500,3500
Tamil Nadu,Theni,Kambam(Uzhavar Sandhai ),Tapioca,Tapioca,Local,30-04-2025,3000,3000,3000
Tamil Nadu,Theni,Periyakulam(Uzhavar Sandhai ),Banana - Green,Banana - Green,Local,30-04-2025,2000,2000,2000
Tamil Nadu,Theni,Periyakulam(Uzhavar Sandhai ),Bhindi(Ladies Finger),Bhindi,Local,30-04-2025,2000,2200,2200
Tamil Nadu,Theni,Periyakulam(Uzhavar Sandhai ),Cabbage,Cabbage,Local,30-04-2025,1500,1600,1600
Tamil Nadu,Theni,Periyakulam(Uzhavar Sandhai ),Cauliflower,Ranchi,Local,30-04-2025,1500,2000,2000
Tamil Nadu,Theni,Periyakulam(Uzhavar Sandhai ),Chow Chow,Chow Chow,Local,30-04-2025,1200,1200,1200
Tamil Nadu,Theni,Periyakulam(Uzhavar Sandhai ),Green Avare (W),Avare (W),Local,30-04-2025,4800,5000,5000
Tamil Nadu,Theni,Periyakulam(Uzhavar Sandhai ),Mint(Pudina),Mint(Pudina),Local,30-04-2025,3000,3000,3000
Tamil Nadu,Theni,Periyakulam(Uzhavar Sandhai ),Raddish,Raddish,Local,30-04-2025,1400,1600,1600
Tamil Nadu,Theni,Periyakulam(Uzhavar Sandhai ),Snakeguard,Snakeguard,Local,30-04-2025,2200,2400,2400
Tamil Nadu,Theni,Theni(Uzhavar Sandhai ),Bhindi(Ladies Finger),Bhindi,Local,30-04-2025,2000,2200,2200
Tamil Nadu,Theni,Theni(Uzhavar Sandhai ),Carrot,Pusakesar,Local,30-04-2025,1800,3800,3800
Tamil Nadu,Theni,Theni(Uzhavar Sandhai ),Chow Chow,Chow Chow,Local,30-04-2025,1200,1200,1200
Tamil Nadu,Theni,Theni(Uzhavar Sandhai ),Coconut,Coconut,Local,30-04-2025,5800,5800,5800
Tamil Nadu,Theni,Theni(Uzhavar Sandhai ),Cucumbar(Kheera),Cucumbar,Local,30-04-2025,4500,4500,4500
Tamil Nadu,Theni,Theni(Uzhavar Sandhai ),Elephant Yam (Suran),Elephant Yam (Suran),Local,30-04-2025,5800,5800,5800
Tamil Nadu,Theni,Theni(Uzhavar Sandhai ),Grapes,Annabesahai,Local,30-04-2025,10000,12000,12000
Tamil Nadu,Theni,Theni(Uzhavar Sandhai ),Lemon,Lemon,Local,30-04-2025,8000,9500,9500
Tamil Nadu,Theni,Theni(Uzhavar Sandhai ),Lime,Lime,Local,30-04-2025,14000,16000,16000
Tamil Nadu,Theni,Theni(Uzhavar Sandhai ),Mashrooms,Mashrooms,Local,30-04-2025,20000,20000,20000
Tamil Nadu,Theni,Theni(Uzhavar Sandhai ),Ridgeguard(Tori),Ridgeguard(Tori),Local,30-04-2025,2500,3000,3000
Tamil Nadu,Theni,Theni(Uzhavar Sandhai ),Thondekai,Thondekai,Local,30-04-2025,800,1200,1200
Tamil Nadu,Theni,Theni(Uzhavar Sandhai ),Water Melon,Water Melon,Local,30-04-2025,1000,1500,1500
Tamil Nadu,Thiruchirappalli,Lalgudi(Uzhavar Sandhai ),Ashgourd,Gouard,Local,30-04-2025,1200,1200,1200
Tamil Nadu,Thiruchirappalli,Lalgudi(Uzhavar Sandhai ),Beetroot,Beetroot,Local,30-04-2025,3600,3600,3600
Tamil Nadu,Thiruchirappalli,Lalgudi(Uzhavar Sandhai ),Carrot,Pusakesar,Local,30-04-2025,4000,4000,4000
Tamil Nadu,Thiruchirappalli,Lalgudi(Uzhavar Sandhai ),Coconut,Coconut,Local,30-04-2025,7000,7000,7000
Tamil Nadu,Thiruchirappalli,Lalgudi(Uzhavar Sandhai ),Coriander(Leaves),I Sort,Local,30-04-2025,3400,3400,3400
Tamil Nadu,Thiruchirappalli,Lalgudi(Uzhavar Sandhai ),Onion Green,Onion Green,Local,30-04-2025,5000,5000,5000
Tamil Nadu,Thiruchirappalli,Lalgudi(Uzhavar Sandhai ),Pumpkin,Pumpkin,Local,30-04-2025,1200,1200,1200
Tamil Nadu,Thiruchirappalli,Lalgudi(Uzhavar Sandhai ),Ridgeguard(Tori),Ridgeguard(Tori),Local,30-04-2025,4600,4600,4600
Tamil Nadu,Thiruchirappalli,Manachanallur(Uzhavar Sandhai ),Banana,Besrai,Local,30-04-2025,4000,5000,5000
Tamil Nadu,Thiruchirappalli,Manachanallur(Uzhavar Sandhai ),Banana - Green,Banana - Green,Local,30-04-2025,2500,2500,2500
Tamil Nadu,Thiruchirappalli,Manachanallur(Uzhavar Sandhai ),Bottle gourd,Bottle Gourd,Local,30-04-2025,1400,1400,1400
Tamil Nadu,Thiruchirappalli,Manachanallur(Uzhavar Sandhai ),Chow Chow,Chow Chow,Local,30-04-2025,2000,2000,2000
Tamil Nadu,Thiruchirappalli,Manachanallur(Uzhavar Sandhai ),Coriander(Leaves),I Sort,Local,30-04-2025,3000,3000,3000
Tamil Nadu,Thiruchirappalli,Manachanallur(Uzhavar Sandhai ),Tender Coconut,Tender Coconut,Local,30-04-2025,4000,4000,4000
Tamil Nadu,Thiruchirappalli,Manapparai(Uzhavar Sandhai ),Beetroot,Beetroot,Local,30-04-2025,2600,2600,2600
Tamil Nadu,Thiruchirappalli,Manapparai(Uzhavar Sandhai ),Bottle gourd,Bottle Gourd,Local,30-04-2025,1400,1400,1400
Tamil Nadu,Thiruchirappalli,Manapparai(Uzhavar Sandhai ),Cauliflower,Ranchi,Local,30-04-2025,5000,5000,5000
Tamil Nadu,Thiruchirappalli,Manapparai(Uzhavar Sandhai ),Ridgeguard(Tori),Ridgeguard(Tori),Local,30-04-2025,3000,3600,3600
Tamil Nadu,Thiruchirappalli,Manapparai(Uzhavar Sandhai ),Snakeguard,Snakeguard,Local,30-04-2025,2400,3000,3000
Tamil Nadu,Thiruchirappalli,Musiri(Uzhavar Sandhai ),Banana - Green,Banana - Green,Local,30-04-2025,2000,2500,2500
Tamil Nadu,Thiruchirappalli,Musiri(Uzhavar Sandhai ),Beans,Beans (Whole),Local,30-04-2025,7000,7500,7500
Tamil Nadu,Thiruchirappalli,Musiri(Uzhavar Sandhai ),Carrot,Pusakesar,Local,30-04-2025,3500,4000,4000
Tamil Nadu,Thiruchirappalli,Musiri(Uzhavar Sandhai ),Cauliflower,Ranchi,Local,30-04-2025,2500,3000,3000
Tamil Nadu,Thiruchirappalli,Musiri(Uzhavar Sandhai ),Knool Khol,Knool Khol,Local,30-04-2025,2000,2600,2600
Tamil Nadu,Thiruchirappalli,Musiri(Uzhavar Sandhai ),Mashrooms,Mashrooms,Local,30-04-2025,20000,20000,20000
Tamil Nadu,Thiruchirappalli,Musiri(Uzhavar Sandhai ),Mint(Pudina),Mint(Pudina),Local,30-04-2025,2500,3000,3000
Tamil Nadu,Thiruchirappalli,Musiri(Uzhavar Sandhai ),Onion Green,Onion Green,Local,30-04-2025,4000,4600,4600
Tamil Nadu,Thiruchirappalli,Musiri(Uzhavar Sandhai ),Papaya,Papaya,Local,30-04-2025,2500,3000,3000
Tamil Nadu,Thiruchirappalli,Musiri(Uzhavar Sandhai ),Potato,(Red Nanital),Local,30-04-2025,3000,3500,3500
Tamil Nadu,Thiruchirappalli,Musiri(Uzhavar Sandhai ),Pumpkin,Pumpkin,Local,30-04-2025,1000,1200,1200
Tamil Nadu,Thiruchirappalli,Musiri(Uzhavar Sandhai ),Tapioca,Tapioca,Local,30-04-2025,2500,3000,3000
Tamil Nadu,Thiruchirappalli,Musiri(Uzhavar Sandhai ),Tender Coconut,Tender Coconut,Local,30-04-2025,2500,3000,3000
Tamil Nadu,Thiruchirappalli,Thuraiyur,Betal Leaves,Mysore,Local,30-04-2025,8000,8000,8000
Tamil Nadu,Thiruchirappalli,Thuraiyur,Capsicum,Capsicum,Local,30-04-2025,5000,5000,5000
Tamil Nadu,Thiruchirappalli,Thuraiyur,Colacasia,Colacasia,Local,30-04-2025,7000,7000,7000
Tamil Nadu,Thiruchirappalli,Thuraiyur,Cucumbar(Kheera),Cucumbar,Local,30-04-2025,3000,3000,3000
Tamil Nadu,Thiruchirappalli,Thuraiyur,Ginger(Green),Green Ginger,Local,30-04-2025,5000,5000,5000
Tamil Nadu,Thiruchirappalli,Thuraiyur,Green Avare (W),Avare (W),Local,30-04-2025,4600,4600,4600
Tamil Nadu,Thiruchirappalli,Thuraiyur,Lemon,Lemon,Local,30-04-2025,8000,10000,10000
Tamil Nadu,Thiruchirappalli,Thuraiyur,Onion,Bellary,Local,30-04-2025,2500,3000,3000
Tamil Nadu,Thiruchirappalli,Thuraiyur,Snakeguard,Snakeguard,Local,30-04-2025,2500,3000,3000
Tamil Nadu,Thiruchirappalli,Thuraiyur,Sweet Potato,Hosur Red,Local,30-04-2025,4000,4000,4000
Tamil Nadu,Thiruchirappalli,Thuraiyur,Tube Rose(Loose),Tube Rose (Loose),Local,30-04-2025,6000,6000,6000
Tamil Nadu,Thirunelveli,Ambasamudram(Uzhavar Sandhai ),Bhindi(Ladies Finger),Bhindi,Local,30-04-2025,1800,2200,2200
Tamil Nadu,Thirunelveli,Ambasamudram(Uzhavar Sandhai ),Coriander(Leaves),I Sort,Local,30-04-2025,5000,6000,6000
Tamil Nadu,Thirunelveli,Ambasamudram(Uzhavar Sandhai ),Green Chilli,Green Chilly,Local,30-04-2025,1500,1800,1800
Tamil Nadu,Thirunelveli,Ambasamudram(Uzhavar Sandhai ),Pumpkin,Pumpkin,Local,30-04-2025,800,1000,1000
Tamil Nadu,Thirunelveli,Ambasamudram(Uzhavar Sandhai ),Tomato,Deshi,Local,30-04-2025,1600,2000,2000
Tamil Nadu,Thirunelveli,Melapalayam(Uzhavar Sandhai ),Amaranthus,Amaranthus,Local,30-04-2025,1500,2000,2000
Tamil Nadu,Thirunelveli,Melapalayam(Uzhavar Sandhai ),Beans,Beans (Whole),Local,30-04-2025,5000,6000,6000
Tamil Nadu,Thirunelveli,Melapalayam(Uzhavar Sandhai ),Bottle gourd,Bottle Gourd,Local,30-04-2025,800,1000,1000
Tamil Nadu,Thirunelveli,Melapalayam(Uzhavar Sandhai ),Capsicum,Capsicum,Local,30-04-2025,4500,5000,5000
Tamil Nadu,Thirunelveli,Melapalayam(Uzhavar Sandhai ),Chow Chow,Chow Chow,Local,30-04-2025,1600,1800,1800
Tamil Nadu,Thirunelveli,Melapalayam(Uzhavar Sandhai ),Cluster beans,Cluster Beans,Local,30-04-2025,1800,2000,2000
Tamil Nadu,Thirunelveli,Melapalayam(Uzhavar Sandhai ),Coriander(Leaves),I Sort,Local,30-04-2025,5000,6000,6000
Tamil Nadu,Thirunelveli,Melapalayam(Uzhavar Sandhai ),Cowpea(Veg),Cowpea (Veg),Local,30-04-2025,1800,2000,2000
Tamil Nadu,Thirunelveli,Melapalayam(Uzhavar Sandhai ),Green Avare (W),Avare (W),Local,30-04-2025,7000,8000,8000
Tamil Nadu,Thirunelveli,Melapalayam(Uzhavar Sandhai ),Guava,Guava Alahabad,Local,30-04-2025,6000,8000,8000
Tamil Nadu,Thirunelveli,Melapalayam(Uzhavar Sandhai ),Lemon,Lemon,Local,30-04-2025,9000,10000,10000
Tamil Nadu,Thirunelveli,Melapalayam(Uzhavar Sandhai ),Papaya,Papaya,Local,30-04-2025,3000,3500,3500
Tamil Nadu,Thirunelveli,Melapalayam(Uzhavar Sandhai ),Sweet Potato,Hosur Red,Local,30-04-2025,2000,3500,3500
Tamil Nadu,Thirunelveli,Palayamkottai(Uzhavar Sandhai ),Cabbage,Cabbage,Local,30-04-2025,1200,1600,1600
Tamil Nadu,Thirunelveli,Palayamkottai(Uzhavar Sandhai ),Capsicum,Capsicum,Local,30-04-2025,4500,5000,5000
Tamil Nadu,Thirunelveli,Palayamkottai(Uzhavar Sandhai ),Colacasia,Colacasia,Local,30-04-2025,3000,6000,6000
Tamil Nadu,Thirunelveli,Palayamkottai(Uzhavar Sandhai ),Coriander(Leaves),I Sort,Local,30-04-2025,5800,6000,6000
Tamil Nadu,Thirunelveli,Palayamkottai(Uzhavar Sandhai ),Drumstick,Drumstick,Local,30-04-2025,3500,3800,3800
Tamil Nadu,Thirunelveli,Palayamkottai(Uzhavar Sandhai ),Lemon,Lemon,Local,30-04-2025,9000,10000,10000
Tamil Nadu,Thirunelveli,Palayamkottai(Uzhavar Sandhai ),Mango,Safeda,Local,30-04-2025,10000,16000,16000
Tamil Nadu,Thirunelveli,Palayamkottai(Uzhavar Sandhai ),Mousambi(Sweet Lime),Mousambi,Local,30-04-2025,7000,8000,8000
Tamil Nadu,Thirunelveli,Palayamkottai(Uzhavar Sandhai ),Orange,Darjeeling,Local,30-04-2025,10000,12000,12000
Tamil Nadu,Thirunelveli,Palayamkottai(Uzhavar Sandhai ),Pomegranate,Pomogranate,Local,30-04-2025,18000,20000,20000
Tamil Nadu,Thirunelveli,Palayamkottai(Uzhavar Sandhai ),Tapioca,Tapioca,Local,30-04-2025,3000,3500,3500
Tamil Nadu,Thirupathur,Natrampalli(Uzhavar Sandhai ),Coriander(Leaves),I Sort,Local,30-04-2025,3000,4000,4000
Tamil Nadu,Thirupathur,Natrampalli(Uzhavar Sandhai ),Mint(Pudina),Mint(Pudina),Local,30-04-2025,1500,2000,2000
Tamil Nadu,Thirupathur,Natrampalli(Uzhavar Sandhai ),Onion,Bellary,Local,30-04-2025,3000,4000,4000
Tamil Nadu,Thirupathur,Vaniyampadi(Uzhavar Sandhai ),Amaranthus,Amaranthus,Local,30-04-2025,4000,4000,4000
Tamil Nadu,Thirupathur,Vaniyampadi(Uzhavar Sandhai ),Amla(Nelli Kai),Amla,Local,30-04-2025,6000,6000,6000
Tamil Nadu,Thirupathur,Vaniyampadi(Uzhavar Sandhai ),Banana - Green,Banana - Green,Local,30-04-2025,3000,3000,3000
Tamil Nadu,Thirupathur,Vaniyampadi(Uzhavar Sandhai ),Beans,Beans (Whole),Local,30-04-2025,6000,6000,6000
Tamil Nadu,Thirupathur,Vaniyampadi(Uzhavar Sandhai ),Beetroot,Beetroot,Local,30-04-2025,2000,2000,2000
Tamil Nadu,Thirupathur,Vaniyampadi(Uzhavar Sandhai ),Coconut,Coconut,Local,30-04-2025,2000,2500,2500
Tamil Nadu,Thirupathur,Vaniyampadi(Uzhavar Sandhai ),Colacasia,Colacasia,Local,30-04-2025,6000,6000,6000
Tamil Nadu,Thirupathur,Vaniyampadi(Uzhavar Sandhai ),Ginger(Green),Green Ginger,Local,30-04-2025,5000,5000,5000
Tamil Nadu,Thirupathur,Vaniyampadi(Uzhavar Sandhai ),Karbuja(Musk Melon),Karbhuja,Local,30-04-2025,2000,2000,2000
Tamil Nadu,Thirupur,Dharapuram(Uzhavar Sandhai ),Banana,Besrai,Local,30-04-2025,3500,4000,4000
Tamil Nadu,Thirupur,Dharapuram(Uzhavar Sandhai ),Banana - Green,Banana - Green,Local,30-04-2025,2500,3000,3000
Tamil Nadu,Thirupur,Dharapuram(Uzhavar Sandhai ),Bitter gourd,Bitter Gourd,Local,30-04-2025,3500,4000,4000
Tamil Nadu,Thirupur,Dharapuram(Uzhavar Sandhai ),Cowpea(Veg),Cowpea (Veg),Local,30-04-2025,2000,2500,2500
Tamil Nadu,Thirupur,Dharapuram(Uzhavar Sandhai ),Cucumbar(Kheera),Cucumbar,Local,30-04-2025,4500,5000,5000
Tamil Nadu,Thirupur,Dharapuram(Uzhavar Sandhai ),Drumstick,Drumstick,Local,30-04-2025,3000,3500,3500
Tamil Nadu,Thirupur,Dharapuram(Uzhavar Sandhai ),Knool Khol,Knool Khol,Local,30-04-2025,3000,3500,3500
Tamil Nadu,Thirupur,Dharapuram(Uzhavar Sandhai ),Tomato,Deshi,Local,30-04-2025,1000,1200,1200
Tamil Nadu,Thirupur,Kangayam(Uzhavar Sandhai ),Bhindi(Ladies Finger),Bhindi,Local,30-04-2025,3400,3700,3700
Tamil Nadu,Thirupur,Kangayam(Uzhavar Sandhai ),Bottle gourd,Bottle Gourd,Local,30-04-2025,800,1000,1000
Tamil Nadu,Thirupur,Kangayam(Uzhavar Sandhai ),Coriander(Leaves),I Sort,Local,30-04-2025,2300,2600,2600
Tamil Nadu,Thirupur,Kangayam(Uzhavar Sandhai ),Green Avare (W),Avare (W),Local,30-04-2025,7200,7500,7500
Tamil Nadu,Thirupur,Kangayam(Uzhavar Sandhai ),Pumpkin,Pumpkin,Local,30-04-2025,600,1000,1000
Tamil Nadu,Thirupur,Palladam(Uzhavar Sandhai ),Ashgourd,Gouard,Local,30-04-2025,1000,1500,1500
Tamil Nadu,Thirupur,Palladam(Uzhavar Sandhai ),Bhindi(Ladies Finger),Bhindi,Local,30-04-2025,3500,4000,4000
Tamil Nadu,Thirupur,Palladam(Uzhavar Sandhai ),Cabbage,Cabbage,Local,30-04-2025,1500,2000,2000
Tamil Nadu,Thirupur,Palladam(Uzhavar Sandhai ),Coriander(Leaves),I Sort,Local,30-04-2025,2000,3000,3000
Tamil Nadu,Thirupur,Palladam(Uzhavar Sandhai ),Mint(Pudina),Mint(Pudina),Local,30-04-2025,2500,3000,3000
Tamil Nadu,Thirupur,Palladam(Uzhavar Sandhai ),Pumpkin,Pumpkin,Local,30-04-2025,1000,1500,1500
Tamil Nadu,Thirupur,Palladam(Uzhavar Sandhai ),Sweet Potato,Hosur Red,Local,30-04-2025,3000,4000,4000
Tamil Nadu,Thirupur,Tiruppur (South) (Uzhavar Sandhai ),Bitter gourd,Bitter Gourd,Local,30-04-2025,4000,5000,5000
Tamil Nadu,Thirupur,Tiruppur (South) (Uzhavar Sandhai ),Brinjal,Round,Local,30-04-2025,3500,4000,4000
Tamil Nadu,Thirupur,Tiruppur (South) (Uzhavar Sandhai ),Cabbage,Cabbage,Local,30-04-2025,1500,2000,2000
Tamil Nadu,Thirupur,Tiruppur (South) (Uzhavar Sandhai ),Cluster beans,Cluster Beans,Local,30-04-2025,3000,4000,4000
Tamil Nadu,Thirupur,Tiruppur (South) (Uzhavar Sandhai ),Lemon,Lemon,Local,30-04-2025,12000,13000,13000
Tamil Nadu,Thirupur,Tiruppur (South) (Uzhavar Sandhai ),Raddish,Raddish,Local,30-04-2025,1500,2000,2000
Tamil Nadu,Thirupur,Tiruppur (South) (Uzhavar Sandhai ),Snakeguard,Snakeguard,Local,30-04-2025,2500,3000,3000
Tamil Nadu,Thirupur,Tiruppur (South) (Uzhavar Sandhai ),Thondekai,Thondekai,Local,30-04-2025,2500,3000,3000
Tamil Nadu,Thiruvannamalai,Arani(Uzhavar Sandhai ),Ashgourd,Gouard,Local,30-04-2025,2000,2500,2500
Tamil Nadu,Thiruvannamalai,Arani(Uzhavar Sandhai ),Beans,Beans (Whole),Local,30-04-2025,3500,4200,4200
Tamil Nadu,Thiruvannamalai,Arani(Uzhavar Sandhai ),Beetroot,Beetroot,Local,30-04-2025,2000,2500,2500
Tamil Nadu,Thiruvannamalai,Arani(Uzhavar Sandhai ),Bottle gourd,Bottle Gourd,Local,30-04-2025,1200,1500,1500
Tamil Nadu,Thiruvannamalai,Arani(Uzhavar Sandhai ),Carrot,Pusakesar,Local,30-04-2025,2000,2500,2500
Tamil Nadu,Thiruvannamalai,Arani(Uzhavar Sandhai ),Drumstick,Drumstick,Local,30-04-2025,2500,3000,3000
Tamil Nadu,Thiruvannamalai,Arani(Uzhavar Sandhai ),Garlic,Average,Local,30-04-2025,10000,12000,12000
Tamil Nadu,Thiruvannamalai,Arani(Uzhavar Sandhai ),Knool Khol,Knool Khol,Local,30-04-2025,1600,2000,2000
Tamil Nadu,Thiruvannamalai,Arani(Uzhavar Sandhai ),Potato,(Red Nanital),Local,30-04-2025,2500,3000,3000
Tamil Nadu,Thiruvannamalai,Arani(Uzhavar Sandhai ),Snakeguard,Snakeguard,Local,30-04-2025,1600,2000,2000
Tamil Nadu,Thiruvannamalai,Arani(Uzhavar Sandhai ),Thondekai,Thondekai,Local,30-04-2025,2500,3000,3000
Tamil Nadu,Thiruvannamalai,Arani(Uzhavar Sandhai ),Yam (Ratalu),Yam (Ratalu),Local,30-04-2025,4500,5400,5400
Tamil Nadu,Thiruvannamalai,Chengam(Uzhavar Sandhai ),Ashgourd,Gouard,Local,30-04-2025,1500,2000,2000
Tamil Nadu,Thiruvannamalai,Chengam(Uzhavar Sandhai ),Coconut,Coconut,Local,30-04-2025,2000,2500,2500
Tamil Nadu,Thiruvannamalai,Chengam(Uzhavar Sandhai ),Garlic,Average,Local,30-04-2025,8000,10000,10000
Tamil Nadu,Thiruvannamalai,Chengam(Uzhavar Sandhai ),Jack Fruit,Jack Fruit,Local,30-04-2025,1500,2000,2000
Tamil Nadu,Thiruvannamalai,Chengam(Uzhavar Sandhai ),Maize,Deshi Red,Local,30-04-2025,2500,3000,3000
Tamil Nadu,Thiruvannamalai,Chengam(Uzhavar Sandhai ),Water Melon,Water Melon,Local,30-04-2025,800,1000,1000
Tamil Nadu,Thiruvannamalai,Chengam(Uzhavar Sandhai ),Yam (Ratalu),Yam (Ratalu),Local,30-04-2025,3600,4000,4000
Tamil Nadu,Thiruvannamalai,Cheyyar(Uzhavar Sandhai ),Brinjal,Round,Local,30-04-2025,2500,3000,3000
Tamil Nadu,Thiruvannamalai,Cheyyar(Uzhavar Sandhai ),Carrot,Pusakesar,Local,30-04-2025,2000,2500,2500
Tamil Nadu,Thiruvannamalai,Cheyyar(Uzhavar Sandhai ),Coconut,Coconut,Local,30-04-2025,2500,3000,3000
Tamil Nadu,Thiruvannamalai,Cheyyar(Uzhavar Sandhai ),Colacasia,Colacasia,Local,30-04-2025,4000,4800,4800
Tamil Nadu,Thiruvannamalai,Cheyyar(Uzhavar Sandhai ),Green Avare (W),Avare (W),Local,30-04-2025,4000,4800,4800
Tamil Nadu,Thiruvannamalai,Cheyyar(Uzhavar Sandhai ),Onion Green,Onion Green,Local,30-04-2025,4000,5000,5000
Tamil Nadu,Thiruvannamalai,Cheyyar(Uzhavar Sandhai ),Papaya,Papaya,Local,30-04-2025,2500,3000,3000
Tamil Nadu,Thiruvannamalai,Keelpennathur(Uzhavar Sandhai ),Bitter gourd,Bitter Gourd,Local,30-04-2025,3000,3500,3500
Tamil Nadu,Thiruvannamalai,Keelpennathur(Uzhavar Sandhai ),Coconut,Coconut,Local,30-04-2025,3500,4000,4000
Tamil Nadu,Thiruvannamalai,Keelpennathur(Uzhavar Sandhai ),Coriander(Leaves),I Sort,Local,30-04-2025,3500,4000,4000
Tamil Nadu,Thiruvannamalai,Keelpennathur(Uzhavar Sandhai ),Cucumbar(Kheera),Cucumbar,Local,30-04-2025,1200,1500,1500
Tamil Nadu,Thiruvannamalai,Keelpennathur(Uzhavar Sandhai ),Elephant Yam (Suran),Elephant Yam (Suran),Local,30-04-2025,4000,5000,5000
Tamil Nadu,Thiruvannamalai,Keelpennathur(Uzhavar Sandhai ),Ginger(Green),Green Ginger,Local,30-04-2025,4000,5000,5000
Tamil Nadu,Thiruvannamalai,Keelpennathur(Uzhavar Sandhai ),Lemon,Lemon,Local,30-04-2025,11000,12000,12000
Tamil Nadu,Thiruvannamalai,Keelpennathur(Uzhavar Sandhai ),Raddish,Raddish,Local,30-04-2025,1800,2000,2000
Tamil Nadu,Thiruvannamalai,Keelpennathur(Uzhavar Sandhai ),Thondekai,Thondekai,Local,30-04-2025,1800,2000,2000
Tamil Nadu,Thiruvannamalai,Polur(Uzhavar Sandhai ),Amaranthus,Amaranthus,Local,30-04-2025,1600,2000,2000
Tamil Nadu,Thiruvannamalai,Polur(Uzhavar Sandhai ),Banana,Besrai,Local,30-04-2025,4200,5000,5000
Tamil Nadu,Thiruvannamalai,Polur(Uzhavar Sandhai ),Bottle gourd,Bottle Gourd,Local,30-04-2025,1200,1500,1500
Tamil Nadu,Thiruvannamalai,Polur(Uzhavar Sandhai ),Carrot,Pusakesar,Local,30-04-2025,2500,3000,3000
Tamil Nadu,Thiruvannamalai,Polur(Uzhavar Sandhai ),Garlic,Average,Local,30-04-2025,10000,12000,12000
Tamil Nadu,Thiruvannamalai,Polur(Uzhavar Sandhai ),Raddish,Raddish,Local,30-04-2025,1200,1500,1500
Tamil Nadu,Thiruvannamalai,Polur(Uzhavar Sandhai ),Snakeguard,Snakeguard,Local,30-04-2025,1600,2000,2000
Tamil Nadu,Thiruvannamalai,Tamarainagar(Uzhavar Sandhai ),Amaranthus,Amaranthus,Local,30-04-2025,2500,3000,3000
Tamil Nadu,Thiruvannamalai,Tamarainagar(Uzhavar Sandhai ),Ashgourd,Gouard,Local,30-04-2025,1600,2000,2000
Tamil Nadu,Thiruvannamalai,Tamarainagar(Uzhavar Sandhai ),Bottle gourd,Bottle Gourd,Local,30-04-2025,1600,2000,2000
Tamil Nadu,Thiruvannamalai,Tamarainagar(Uzhavar Sandhai ),Onion Green,Onion Green,Local,30-04-2025,4000,5000,5000
Tamil Nadu,Thiruvannamalai,Tamarainagar(Uzhavar Sandhai ),Tapioca,Tapioca,Local,30-04-2025,2000,2500,2500
Tamil Nadu,Thiruvannamalai,Tiruvannamalai(Uzhavar Sandhai ),Bhindi(Ladies Finger),Bhindi,Local,30-04-2025,1600,2000,2000
Tamil Nadu,Thiruvannamalai,Tiruvannamalai(Uzhavar Sandhai ),Cauliflower,Ranchi,Local,30-04-2025,3000,4000,4000
Tamil Nadu,Thiruvannamalai,Tiruvannamalai(Uzhavar Sandhai ),Chikoos(Sapota),Sapota,Local,30-04-2025,3000,4000,4000
Tamil Nadu,Thiruvannamalai,Tiruvannamalai(Uzhavar Sandhai ),Cluster beans,Cluster Beans,Local,30-04-2025,3000,3600,3600
Tamil Nadu,Thiruvannamalai,Tiruvannamalai(Uzhavar Sandhai ),Cucumbar(Kheera),Cucumbar,Local,30-04-2025,2000,3000,3000
Tamil Nadu,Thiruvannamalai,Tiruvannamalai(Uzhavar Sandhai ),Custard Apple (Sharifa),Custard Apple(Sharifa),Local,30-04-2025,6000,8000,8000
Tamil Nadu,Thiruvannamalai,Tiruvannamalai(Uzhavar Sandhai ),Ginger(Green),Green Ginger,Local,30-04-2025,6000,7000,7000
Tamil Nadu,Thiruvannamalai,Tiruvannamalai(Uzhavar Sandhai ),Green Peas,Green Peas,Local,30-04-2025,14000,16000,16000
Tamil Nadu,Thiruvannamalai,Tiruvannamalai(Uzhavar Sandhai ),Jack Fruit,Jack Fruit,Local,30-04-2025,1500,2000,2000
Tamil Nadu,Thiruvannamalai,Tiruvannamalai(Uzhavar Sandhai ),Karbuja(Musk Melon),Karbhuja,Local,30-04-2025,1000,1500,1500
Tamil Nadu,Thiruvannamalai,Tiruvannamalai(Uzhavar Sandhai ),Mango (Raw-Ripe),Mango - Raw-Ripe,Local,30-04-2025,2500,3500,3500
Tamil Nadu,Thiruvannamalai,Tiruvannamalai(Uzhavar Sandhai ),Mint(Pudina),Mint(Pudina),Local,30-04-2025,3500,4000,4000
Tamil Nadu,Thiruvannamalai,Tiruvannamalai(Uzhavar Sandhai ),Onion Green,Onion Green,Local,30-04-2025,4000,5000,5000
Tamil Nadu,Thiruvannamalai,Tiruvannamalai(Uzhavar Sandhai ),Potato,(Red Nanital),Local,30-04-2025,3600,4000,4000
Tamil Nadu,Thiruvannamalai,Tiruvannamalai(Uzhavar Sandhai ),Pumpkin,Pumpkin,Local,30-04-2025,2500,3000,3000
Tamil Nadu,Thiruvannamalai,Tiruvannamalai(Uzhavar Sandhai ),Raddish,Raddish,Local,30-04-2025,1600,2000,2000
Tamil Nadu,Thiruvannamalai,Tiruvannamalai(Uzhavar Sandhai ),Water Melon,Water Melon,Local,30-04-2025,1000,1500,1500
Tamil Nadu,Thiruvannamalai,Vandavasi(Uzhavar Sandhai ),Ashgourd,Gouard,Local,30-04-2025,2000,2500,2500
Tamil Nadu,Thiruvannamalai,Vandavasi(Uzhavar Sandhai ),Bottle gourd,Bottle Gourd,Local,30-04-2025,1000,1500,1500
Tamil Nadu,Thiruvannamalai,Vandavasi(Uzhavar Sandhai ),Coconut,Coconut,Local,30-04-2025,2500,3000,3000
Tamil Nadu,Thiruvannamalai,Vandavasi(Uzhavar Sandhai ),Lemon,Lemon,Local,30-04-2025,10000,12000,12000
Tamil Nadu,Thiruvannamalai,Vandavasi(Uzhavar Sandhai ),Onion Green,Onion Green,Local,30-04-2025,4000,5000,5000
Tamil Nadu,Thiruvannamalai,Vandavasi(Uzhavar Sandhai ),Tomato,Deshi,Local,30-04-2025,1000,1500,1500
Tamil Nadu,Thiruvarur,Mannargudi II(Uzhavar Sandhai ),Beetroot,Beetroot,Local,30-04-2025,3000,3000,3000
Tamil Nadu,Thiruvarur,Mannargudi II(Uzhavar Sandhai ),Carrot,Pusakesar,Local,30-04-2025,4000,4000,4000
Tamil Nadu,Thiruvarur,Mannargudi II(Uzhavar Sandhai ),Chow Chow,Chow Chow,Local,30-04-2025,2000,2000,2000
Tamil Nadu,Thiruvarur,Mannargudi II(Uzhavar Sandhai ),Elephant Yam (Suran),Elephant Yam (Suran),Local,30-04-2025,6800,6800,6800
Tamil Nadu,Thiruvarur,Mannargudi II(Uzhavar Sandhai ),Garlic,Average,Local,30-04-2025,12000,14000,14000
Tamil Nadu,Thiruvarur,Mannargudi II(Uzhavar Sandhai ),Green Avare (W),Avare (W),Local,30-04-2025,4600,4600,4600
Tamil Nadu,Thiruvarur,Mannargudi II(Uzhavar Sandhai ),Lime,Lime,Local,30-04-2025,3000,3000,3000
Tamil Nadu,Thiruvarur,Mannargudi II(Uzhavar Sandhai ),Pumpkin,Pumpkin,Local,30-04-2025,2000,2000,2000
Tamil Nadu,Thiruvarur,Needamangalam(Uzhavar Sandhai ),Banana - Green,Banana - Green,Local,30-04-2025,3400,3400,3400
Tamil Nadu,Thiruvarur,Needamangalam(Uzhavar Sandhai ),Cluster beans,Cluster Beans,Local,30-04-2025,3200,3200,3200
Tamil Nadu,Thiruvarur,Needamangalam(Uzhavar Sandhai ),Drumstick,Drumstick,Local,30-04-2025,4200,4200,4200
Tamil Nadu,Thiruvarur,Needamangalam(Uzhavar Sandhai ),Pumpkin,Pumpkin,Local,30-04-2025,2000,2000,2000
Tamil Nadu,Thiruvarur,Needamangalam(Uzhavar Sandhai ),Tomato,Deshi,Local,30-04-2025,1400,1400,1400
Tamil Nadu,Tuticorin,Kovilpatti(Uzhavar Sandhai ),Chow Chow,Chow Chow,Local,30-04-2025,2000,2500,2500
Tamil Nadu,Tuticorin,Kovilpatti(Uzhavar Sandhai ),Green Avare (W),Avare (W),Local,30-04-2025,5500,6000,6000
Tamil Nadu,Tuticorin,Kovilpatti(Uzhavar Sandhai ),Green Chilli,Green Chilly,Local,30-04-2025,2500,3000,3000
Tamil Nadu,Tuticorin,Kovilpatti(Uzhavar Sandhai ),Indian Beans (Seam),Indian Beans (Seam),Local,30-04-2025,7000,7500,7500
Tamil Nadu,Tuticorin,Kovilpatti(Uzhavar Sandhai ),Papaya,Papaya,Local,30-04-2025,2500,3000,3000
Tamil Nadu,Tuticorin,Kovilpatti(Uzhavar Sandhai ),Potato,(Red Nanital),Local,30-04-2025,4000,4500,4500
Tamil Nadu,Tuticorin,Kovilpatti(Uzhavar Sandhai ),Pumpkin,Pumpkin,Local,30-04-2025,1500,1800,1800
Tamil Nadu,Tuticorin,Kovilpatti(Uzhavar Sandhai ),Raddish,Raddish,Local,30-04-2025,2000,2500,2500
Tamil Nadu,Tuticorin,Kovilpatti(Uzhavar Sandhai ),Ridgeguard(Tori),Ridgeguard(Tori),Local,30-04-2025,4000,4500,4500
Tamil Nadu,Tuticorin,Tuticorin(Uzhavar Sandhai ),Ashgourd,Gouard,Local,30-04-2025,1000,1500,1500
Tamil Nadu,Tuticorin,Tuticorin(Uzhavar Sandhai ),Beetroot,Beetroot,Local,30-04-2025,2500,3000,3000
Tamil Nadu,Tuticorin,Tuticorin(Uzhavar Sandhai ),Bitter gourd,Bitter Gourd,Local,30-04-2025,3500,4000,4000
Tamil Nadu,Tuticorin,Tuticorin(Uzhavar Sandhai ),Cabbage,Cabbage,Local,30-04-2025,1500,2000,2000
Tamil Nadu,Tuticorin,Tuticorin(Uzhavar Sandhai ),Capsicum,Capsicum,Local,30-04-2025,5500,6000,6000
Tamil Nadu,Tuticorin,Tuticorin(Uzhavar Sandhai ),Coconut,Coconut,Local,30-04-2025,6500,7000,7000
Tamil Nadu,Tuticorin,Tuticorin(Uzhavar Sandhai ),Green Avare (W),Avare (W),Local,30-04-2025,6500,7000,7000
Tamil Nadu,Tuticorin,Tuticorin(Uzhavar Sandhai ),Jack Fruit,Jack Fruit,Local,30-04-2025,4500,5000,5000
Tamil Nadu,Tuticorin,Tuticorin(Uzhavar Sandhai ),Mashrooms,Mashrooms,Local,30-04-2025,24500,25000,25000
Tamil Nadu,Tuticorin,Tuticorin(Uzhavar Sandhai ),Raddish,Raddish,Local,30-04-2025,2500,3000,3000
Tamil Nadu,Tuticorin,Tuticorin(Uzhavar Sandhai ),Snakeguard,Snakeguard,Local,30-04-2025,2500,3000,3000
Tamil Nadu,Vellore,Gudiyatham(Uzhavar Sandhai ),Amaranthus,Amaranthus,Local,30-04-2025,3000,3000,3000
Tamil Nadu,Vellore,Gudiyatham(Uzhavar Sandhai ),Banana - Green,Banana - Green,Local,30-04-2025,3500,3500,3500
Tamil Nadu,Vellore,Gudiyatham(Uzhavar Sandhai ),Bhindi(Ladies Finger),Bhindi,Local,30-04-2025,1200,1200,1200
Tamil Nadu,Vellore,Gudiyatham(Uzhavar Sandhai ),Bitter gourd,Bitter Gourd,Local,30-04-2025,2400,2400,2400
Tamil Nadu,Vellore,Gudiyatham(Uzhavar Sandhai ),Colacasia,Colacasia,Local,30-04-2025,6600,6600,6600
Tamil Nadu,Vellore,Gudiyatham(Uzhavar Sandhai ),Drumstick,Drumstick,Local,30-04-2025,4000,4000,4000
Tamil Nadu,Vellore,Gudiyatham(Uzhavar Sandhai ),Garlic,Average,Local,30-04-2025,11500,11500,11500
Tamil Nadu,Vellore,Gudiyatham(Uzhavar Sandhai ),Green Avare (W),Avare (W),Local,30-04-2025,4500,4500,4500
Tamil Nadu,Vellore,Gudiyatham(Uzhavar Sandhai ),Green Chilli,Green Chilly,Local,30-04-2025,4800,4800,4800
Tamil Nadu,Vellore,Gudiyatham(Uzhavar Sandhai ),Lemon,Lemon,Local,30-04-2025,10000,10000,10000
Tamil Nadu,Vellore,Gudiyatham(Uzhavar Sandhai ),Mango (Raw-Ripe),Mango - Raw-Ripe,Local,30-04-2025,3000,3000,3000
Tamil Nadu,Vellore,Gudiyatham(Uzhavar Sandhai ),Papaya,Papaya,Local,30-04-2025,3000,3000,3000
Tamil Nadu,Vellore,Gudiyatham(Uzhavar Sandhai ),Tamarind Fruit,Tamarind Fruit,Local,30-04-2025,13000,13000,13000
Tamil Nadu,Vellore,Gudiyatham(Uzhavar Sandhai ),Tapioca,Tapioca,Local,30-04-2025,2400,2400,2400
Tamil Nadu,Vellore,Gudiyatham(Uzhavar Sandhai ),Yam (Ratalu),Yam (Ratalu),Local,30-04-2025,6600,6600,6600
Tamil Nadu,Vellore,Kahithapattarai(Uzhavar Sandhai ),Carrot,Pusakesar,Local,30-04-2025,1800,1800,1800
Tamil Nadu,Vellore,Kahithapattarai(Uzhavar Sandhai ),Coconut,Coconut,Local,30-04-2025,1500,3000,3000
Tamil Nadu,Vellore,Kahithapattarai(Uzhavar Sandhai ),Ginger(Green),Green Ginger,Local,30-04-2025,4400,4400,4400
Tamil Nadu,Vellore,Kahithapattarai(Uzhavar Sandhai ),Groundnut,Big (With Shell),Local,30-04-2025,6500,6500,6500
Tamil Nadu,Vellore,Kahithapattarai(Uzhavar Sandhai ),Knool Khol,Knool Khol,Local,30-04-2025,3600,3600,3600
Tamil Nadu,Vellore,Kahithapattarai(Uzhavar Sandhai ),Mint(Pudina),Mint(Pudina),Local,30-04-2025,4000,4000,4000
Tamil Nadu,Vellore,Kahithapattarai(Uzhavar Sandhai ),Potato,(Red Nanital),Local,30-04-2025,3000,3000,3000
Tamil Nadu,Vellore,Kahithapattarai(Uzhavar Sandhai ),Pumpkin,Pumpkin,Local,30-04-2025,1500,1500,1500
Tamil Nadu,Vellore,Kahithapattarai(Uzhavar Sandhai ),Raddish,Raddish,Local,30-04-2025,2000,2000,2000
Tamil Nadu,Vellore,Thirupathur,Amaranthus,Amaranthus,Local,30-04-2025,2000,2000,2000
Tamil Nadu,Vellore,Thirupathur,Capsicum,Capsicum,Local,30-04-2025,5000,5000,5000
Tamil Nadu,Vellore,Thirupathur,Cauliflower,Ranchi,Local,30-04-2025,2000,2500,2500
Tamil Nadu,Vellore,Thirupathur,Elephant Yam (Suran),Elephant Yam (Suran),Local,30-04-2025,5500,6000,6000
Tamil Nadu,Vellore,Thirupathur,Maize,Deshi Red,Local,30-04-2025,3000,3000,3000
Tamil Nadu,Vellore,Thirupathur,Mint(Pudina),Mint(Pudina),Local,30-04-2025,3000,3000,3000
Tamil Nadu,Vellore,Thirupathur,Onion,Bellary,Local,30-04-2025,2500,2500,2500
Tamil Nadu,Vellore,Thirupathur,Onion Green,Onion Green,Local,30-04-2025,4000,4000,4000
Tamil Nadu,Vellore,Thirupathur,Tapioca,Tapioca,Local,30-04-2025,3000,3000,3000
Tamil Nadu,Villupuram,Gingee(Uzhavar Sandhai ),Beans,Beans (Whole),Local,30-04-2025,5500,5500,5500
Tamil Nadu,Villupuram,Gingee(Uzhavar Sandhai ),Ginger(Green),Green Ginger,Local,30-04-2025,6000,6000,6000
Tamil Nadu,Villupuram,Gingee(Uzhavar Sandhai ),Lemon,Lemon,Local,30-04-2025,10000,10000,10000
Tamil Nadu,Villupuram,Gingee(Uzhavar Sandhai ),Onion,Bellary,Local,30-04-2025,2500,3000,3000
Tamil Nadu,Villupuram,Gingee(Uzhavar Sandhai ),Papaya,Papaya,Local,30-04-2025,4000,4000,4000
Tamil Nadu,Villupuram,Gingee(Uzhavar Sandhai ),Potato,(Red Nanital),Local,30-04-2025,3000,3000,3000
Tamil Nadu,Villupuram,Gingee(Uzhavar Sandhai ),Tomato,Deshi,Local,30-04-2025,1500,1500,1500
Tamil Nadu,Villupuram,Ulundurpettai,Brinjal,Round,Local,30-04-2025,3000,4000,4000
Tamil Nadu,Villupuram,Ulundurpettai,Cluster beans,Cluster Beans,Local,30-04-2025,4000,4000,4000
Tamil Nadu,Villupuram,Ulundurpettai,Green Chilli,Green Chilly,Local,30-04-2025,4000,4000,4000
Tamil Nadu,Villupuram,Ulundurpettai,Mango (Raw-Ripe),Mango - Raw-Ripe,Local,30-04-2025,5000,5000,5000
Tamil Nadu,Villupuram,Ulundurpettai,Ridgeguard(Tori),Ridgeguard(Tori),Local,30-04-2025,4000,4000,4000
Tamil Nadu,Villupuram,Ulundurpettai,Snakeguard,Snakeguard,Local,30-04-2025,3000,3000,3000
Tamil Nadu,Virudhunagar,Aruppukottai(Uzhavar Sandhai ),Beetroot,Beetroot,Local,30-04-2025,2000,2500,2500
Tamil Nadu,Virudhunagar,Aruppukottai(Uzhavar Sandhai ),Bitter gourd,Bitter Gourd,Local,30-04-2025,3500,4000,4000
Tamil Nadu,Virudhunagar,Aruppukottai(Uzhavar Sandhai ),Tomato,Deshi,Local,30-04-2025,1500,2000,2000
Tamil Nadu,Virudhunagar,Kariyapatti(Uzhavar Sandhai ),Coriander(Leaves),I Sort,Local,30-04-2025,3500,4000,4000
Tamil Nadu,Virudhunagar,Kariyapatti(Uzhavar Sandhai ),Tomato,Deshi,Local,30-04-2025,1500,2000,2000
Tamil Nadu,Virudhunagar,Rajapalayam(Uzhavar Sandhai ),Amaranthus,Amaranthus,Local,30-04-2025,2500,3000,3000
Tamil Nadu,Virudhunagar,Rajapalayam(Uzhavar Sandhai ),Ashgourd,Gouard,Local,30-04-2025,1500,2000,2000
Tamil Nadu,Virudhunagar,Rajapalayam(Uzhavar Sandhai ),Brinjal,Round,Local,30-04-2025,2000,2500,2500
Tamil Nadu,Virudhunagar,Rajapalayam(Uzhavar Sandhai ),Cauliflower,Ranchi,Local,30-04-2025,3000,3500,3500
Tamil Nadu,Virudhunagar,Rajapalayam(Uzhavar Sandhai ),Guava,Guava Alahabad,Local,30-04-2025,3500,4000,4000
Tamil Nadu,Virudhunagar,Rajapalayam(Uzhavar Sandhai ),Lemon,Lemon,Local,30-04-2025,11000,12000,12000
Tamil Nadu,Virudhunagar,Rajapalayam(Uzhavar Sandhai ),Lime,Lime,Local,30-04-2025,19000,20000,20000
Tamil Nadu,Virudhunagar,Rajapalayam(Uzhavar Sandhai ),Papaya,Papaya,Local,30-04-2025,3000,3600,3600
Tamil Nadu,Virudhunagar,Sathur(Uzhavar Sandhai ),Cabbage,Cabbage,Local,30-04-2025,2000,2500,2500
Tamil Nadu,Virudhunagar,Sathur(Uzhavar Sandhai ),Cauliflower,Ranchi,Local,30-04-2025,3000,3500,3500
Tamil Nadu,Virudhunagar,Sathur(Uzhavar Sandhai ),Coconut,Coconut,Local,30-04-2025,6000,6500,6500
Tamil Nadu,Virudhunagar,Sathur(Uzhavar Sandhai ),Green Chilli,Green Chilly,Local,30-04-2025,3000,3500,3500
Tamil Nadu,Virudhunagar,Sathur(Uzhavar Sandhai ),Onion,Bellary,Local,30-04-2025,2500,3000,3000
Tamil Nadu,Virudhunagar,Sathur(Uzhavar Sandhai ),Papaya,Papaya,Local,30-04-2025,3500,4000,4000
Tamil Nadu,Virudhunagar,Sathur(Uzhavar Sandhai ),Raddish,Raddish,Local,30-04-2025,3000,3500,3500
Tamil Nadu,Virudhunagar,Sathur(Uzhavar Sandhai ),Ridgeguard(Tori),Ridgeguard(Tori),Local,30-04-2025,4000,4500,4500
Tamil Nadu,Virudhunagar,Sivakasi(Uzhavar Sandhai ),Banana,Besrai,Local,30-04-2025,4800,5000,5000
Tamil Nadu,Virudhunagar,Sivakasi(Uzhavar Sandhai ),Beans,Beans (Whole),Local,30-04-2025,8500,9000,9000
Tamil Nadu,Virudhunagar,Sivakasi(Uzhavar Sandhai ),Bitter gourd,Bitter Gourd,Local,30-04-2025,4400,4500,4500
Tamil Nadu,Virudhunagar,Sivakasi(Uzhavar Sandhai ),Cauliflower,Ranchi,Local,30-04-2025,2800,3000,3000
Tamil Nadu,Virudhunagar,Sivakasi(Uzhavar Sandhai ),Ginger(Green),Green Ginger,Local,30-04-2025,4800,5000,5000
Tamil Nadu,Virudhunagar,Sivakasi(Uzhavar Sandhai ),Green Avare (W),Avare (W),Local,30-04-2025,6500,7000,7000
Tamil Nadu,Virudhunagar,Sivakasi(Uzhavar Sandhai ),Lemon,Lemon,Local,30-04-2025,11000,12000,12000
Tamil Nadu,Virudhunagar,Sivakasi(Uzhavar Sandhai ),Onion,Bellary,Local,30-04-2025,2400,2500,2500
Tamil Nadu,Virudhunagar,Sivakasi(Uzhavar Sandhai ),Papaya,Papaya,Local,30-04-2025,2800,3000,3000
Tamil Nadu,Virudhunagar,Sivakasi(Uzhavar Sandhai ),Pumpkin,Pumpkin,Local,30-04-2025,1800,2000,2000
Tamil Nadu,Virudhunagar,Srivilliputhur(Uzhavar Sandhai ),Carrot,Pusakesar,Local,30-04-2025,3500,4000,4000
Tamil Nadu,Virudhunagar,Srivilliputhur(Uzhavar Sandhai ),Green Avare (W),Avare (W),Local,30-04-2025,5500,6000,6000
Tamil Nadu,Virudhunagar,Srivilliputhur(Uzhavar Sandhai ),Lemon,Lemon,Local,30-04-2025,11000,12000,12000
Tamil Nadu,Virudhunagar,Srivilliputhur(Uzhavar Sandhai ),Lime,Lime,Local,30-04-2025,19000,20000,20000
Tamil Nadu,Virudhunagar,Srivilliputhur(Uzhavar Sandhai ),Ridgeguard(Tori),Ridgeguard(Tori),Local,30-04-2025,4500,5000,5000
Tamil Nadu,Virudhunagar,Virudhunagar(Uzhavar Sandhai ),Carrot,Pusakesar,Local,30-04-2025,4000,4500,4500
Tamil Nadu,Virudhunagar,Virudhunagar(Uzhavar Sandhai ),Cauliflower,Ranchi,Local,30-04-2025,3000,3500,3500
Tamil Nadu,Virudhunagar,Virudhunagar(Uzhavar Sandhai ),Cluster beans,Cluster Beans,Local,30-04-2025,2000,2500,2500
Tamil Nadu,Virudhunagar,Virudhunagar(Uzhavar Sandhai ),Onion Green,Onion Green,Local,30-04-2025,4000,5000,5000
Tripura,North Tripura,Dasda,Brinjal,Round/Long,FAQ,30-04-2025,2000,3000,2500
Tripura,North Tripura,Dasda,Onion,Onion,FAQ,30-04-2025,2500,3000,2750
Uttar Pradesh,Bulandshahar,Gulavati,Bottle gourd,Bottle Gourd,FAQ,30-04-2025,900,1100,1000
Uttar Pradesh,Bulandshahar,Gulavati,Potato,Desi,FAQ,30-04-2025,800,1000,900
Uttar Pradesh,Mau(Maunathbhanjan),Kopaganj,Bhindi(Ladies Finger),Bhindi,FAQ,30-04-2025,800,1000,900
Uttar Pradesh,Mau(Maunathbhanjan),Kopaganj,Brinjal,Brinjal,FAQ,30-04-2025,800,1000,900
Uttar Pradesh,Mau(Maunathbhanjan),Kopaganj,Cauliflower,Cauliflower,FAQ,30-04-2025,700,800,750
Uttar Pradesh,Shamli,Kairana,Bottle gourd,Bottle Gourd,FAQ,30-04-2025,700,800,750
Uttar Pradesh,Shamli,Kairana,Garlic,Garlic,FAQ,30-04-2025,5300,5400,5350
Uttar Pradesh,Shamli,Kairana,Potato,Desi,FAQ,30-04-2025,700,800,750
Uttrakhand,Haridwar,Roorkee,Brinjal,Other,FAQ,30-04-2025,450,700,600
Uttrakhand,Haridwar,Roorkee,Cucumbar(Kheera),Other,FAQ,30-04-2025,500,700,600
Bihar,Bhojpur,Aarah,Potato,Jyoti,FAQ,30-04-2025,1500,1700,1600
Gujarat,Amreli,Damnagar,Brinjal,Other,FAQ,30-04-2025,1250,1850,1600
Gujarat,Amreli,Damnagar,Cabbage,Cabbage,FAQ,30-04-2025,350,1050,800
Gujarat,Amreli,Damnagar,Guar,Gwar,FAQ,30-04-2025,3850,4500,4250
Gujarat,Narmada,Rajpipla,Arhar (Tur/Red Gram)(Whole),777 New Ind,FAQ,30-04-2025,7250,7625,7580
Gujarat,Narmada,Rajpipla,Banana,Other,Large,30-04-2025,2000,2800,2400
Gujarat,Narmada,Rajpipla,Cotton,Cotton (Unginned),FAQ,30-04-2025,6810,7325,7150
Himachal Pradesh,Kangra,Kangra(Jaisinghpur),Bottle gourd,Bottle Gourd,FAQ,30-04-2025,1200,1800,1500
Himachal Pradesh,Kangra,Kangra(Jaisinghpur),Cabbage,Cabbage,FAQ,30-04-2025,1100,1200,1150
Himachal Pradesh,Kangra,Kangra(Jaisinghpur),French Beans (Frasbean),French Beans (Frasbean),FAQ,30-04-2025,4200,4500,4300
Himachal Pradesh,Kangra,Kangra(Jaisinghpur),Tinda,Other,FAQ,30-04-2025,4800,5200,5000
Himachal Pradesh,Kangra,Palampur,Apple,Apple,Medium,30-04-2025,14000,15000,14500
Himachal Pradesh,Kangra,Palampur,Cucumbar(Kheera),Other,FAQ,30-04-2025,2000,2500,2200
Himachal Pradesh,Kangra,Palampur,Peas Wet,Other,FAQ,30-04-2025,5000,6000,5500
Himachal Pradesh,Kangra,Palampur,Pineapple,Other,Medium,30-04-2025,4500,5000,4700
Himachal Pradesh,Kangra,Palampur,Potato,Other,FAQ,30-04-2025,1000,1200,1100
Himachal Pradesh,Kangra,Palampur,Pumpkin,Other,FAQ,30-04-2025,1400,1500,1450
Kerala,Alappuzha,Harippad,Amphophalus,Other,FAQ,30-04-2025,5000,5500,5000
Kerala,Alappuzha,Harippad,Beetroot,Other,FAQ,30-04-2025,4000,4500,4000
Kerala,Alappuzha,Harippad,Bhindi(Ladies Finger),Other,FAQ,30-04-2025,4000,4500,4000
Kerala,Alappuzha,Harippad,Bottle gourd,Other,FAQ,30-04-2025,1000,1500,1000
Kerala,Alappuzha,Harippad,Ginger(Green),Other,FAQ,30-04-2025,5000,5500,5000
Kerala,Alappuzha,Harippad,Green Chilli,Other,FAQ,30-04-2025,4000,4500,4000
Kerala,Kottayam,Pampady,Amaranthus,Amaranthus,FAQ,30-04-2025,3000,4500,3500
Kerala,Kottayam,Pampady,Banana,Medium,Medium,30-04-2025,6500,7500,7000
Kerala,Kottayam,Pampady,Banana,Palayamthodan,Medium,30-04-2025,2000,3500,3000
Kerala,Kottayam,Pampady,Banana,Robusta,Medium,30-04-2025,2500,4000,3500
Kerala,Kottayam,Pampady,Banana - Green,Banana - Green,FAQ,30-04-2025,6500,7500,7000
Kerala,Kottayam,Pampady,Bhindi(Ladies Finger),Bhindi,FAQ,30-04-2025,3000,4000,3500
Kerala,Kottayam,Pampady,Coconut,Coconut,FAQ,30-04-2025,6300,6800,6500
Kerala,Kottayam,Pampady,Colacasia,Other,FAQ,30-04-2025,4000,4500,4200
Kerala,Kottayam,Pampady,Green Chilli,Green Chilly,FAQ,30-04-2025,3000,5000,4500
Kerala,Kottayam,Pampady,Onion,Big,FAQ,30-04-2025,1900,2500,2000
Kerala,Kottayam,Pampady,Tomato,Other,FAQ,30-04-2025,2700,4000,3500
Kerala,Wayanad,Kalpetta,Banana - Green,Other,FAQ,30-04-2025,4500,4600,4600
Kerala,Wayanad,Kalpetta,Yam (Ratalu),Other,FAQ,30-04-2025,4900,5000,5000
Madhya Pradesh,Dhar,Manawar,Maize,Local,FAQ,30-04-2025,1750,1825,1750
Madhya Pradesh,Rewa,Chaakghat,Wheat,Mill Quality,FAQ,30-04-2025,2425,2425,2425
Madhya Pradesh,Sheopur,Vijaypur,Arhar (Tur/Red Gram)(Whole),Arhar Dal(Tur),FAQ,30-04-2025,5200,5200,5200
Odisha,Balasore,Nilagiri,Pumpkin,Other,FAQ,30-04-2025,700,800,750
Odisha,Boudh,Boudh,Brinjal,Other,FAQ,30-04-2025,2500,3500,3000
Odisha,Boudh,Boudh,Onion,Other,Non-FAQ,30-04-2025,1500,2500,2000
Odisha,Boudh,Boudh,Potato,Other,Non-FAQ,30-04-2025,1200,2000,1500
Odisha,Boudh,Boudh,Pumpkin,Other,FAQ,30-04-2025,1000,1500,1200
Odisha,Boudh,Boudh,Water Melon,Other,Medium,30-04-2025,1000,1800,1500
Odisha,Boudh,Khunthabandha,Brinjal,Other,FAQ,30-04-2025,2000,3000,2500
Odisha,Boudh,Khunthabandha,Potato,Other,Non-FAQ,30-04-2025,1200,1800,1500
Odisha,Jagatsinghpur,Jagatsinghpur,Brinjal,Round,FAQ,30-04-2025,2450,2530,2500
Punjab,Amritsar,Rayya,Tomato,Hybrid,FAQ,30-04-2025,1300,1300,1300
Punjab,Ludhiana,Sahnewal,Potato,Potato,FAQ,30-04-2025,800,800,800
Punjab,Ludhiana,Sahnewal,Tomato,Tomato,FAQ,30-04-2025,2000,2000,2000
Punjab,Muktsar,Bariwala,Wheat,2329,FAQ,30-04-2025,2425,2425,2425
Tamil Nadu,Ariyalur,Ariyalur(Uzhavar Sandhai),Beans,Beans (Whole),Local,30-04-2025,8000,10000,10000
Tamil Nadu,Ariyalur,Ariyalur(Uzhavar Sandhai),Cabbage,Cabbage,Local,30-04-2025,2000,2200,2200
Tamil Nadu,Ariyalur,Ariyalur(Uzhavar Sandhai),Ginger(Green),Green Ginger,Local,30-04-2025,6600,6600,6600
Tamil Nadu,Ariyalur,Ariyalur(Uzhavar Sandhai),Green Chilli,Green Chilly,Local,30-04-2025,3600,3600,3600
Tamil Nadu,Ariyalur,Ariyalur(Uzhavar Sandhai),Lemon,Lemon,Local,30-04-2025,8000,8000,8000
Tamil Nadu,Ariyalur,Jeyankondam (Uzhavar Sandhai ),Amaranthus,Amaranthus,Local,30-04-2025,2500,2500,2500
Tamil Nadu,Ariyalur,Jeyankondam (Uzhavar Sandhai ),Brinjal,Round,Local,30-04-2025,2500,3000,3000
Tamil Nadu,Ariyalur,Jeyankondam (Uzhavar Sandhai ),Chow Chow,Chow Chow,Local,30-04-2025,2000,2500,2500
Tamil Nadu,Ariyalur,Jeyankondam (Uzhavar Sandhai ),Ginger(Green),Green Ginger,Local,30-04-2025,5000,6000,6000
Tamil Nadu,Ariyalur,Jeyankondam (Uzhavar Sandhai ),Green Avare (W),Avare (W),Local,30-04-2025,6000,7000,7000
Tamil Nadu,Chengalpattu,Chengalpet(Uzhavar Sandhai ),Brinjal,Round,Local,30-04-2025,2500,3500,3500
Tamil Nadu,Chengalpattu,Chengalpet(Uzhavar Sandhai ),Coconut,Coconut,Local,30-04-2025,5000,6000,6000
Tamil Nadu,Chengalpattu,Chengalpet(Uzhavar Sandhai ),Coriander(Leaves),I Sort,Local,30-04-2025,3000,4000,4000
Tamil Nadu,Chengalpattu,Chengalpet(Uzhavar Sandhai ),Elephant Yam (Suran),Elephant Yam (Suran),Local,30-04-2025,5500,6500,6500
Tamil Nadu,Chengalpattu,Chengalpet(Uzhavar Sandhai ),Pumpkin,Pumpkin,Local,30-04-2025,2000,2500,2500
Tamil Nadu,Chengalpattu,Chengalpet(Uzhavar Sandhai ),Snakeguard,Snakeguard,Local,30-04-2025,2000,2500,2500
Tamil Nadu,Chengalpattu,Chengalpet(Uzhavar Sandhai ),Tomato,Deshi,Local,30-04-2025,1000,1500,1500
Tamil Nadu,Chengalpattu,Madhuranthagam(Uzhavar Sandhai ),Ashgourd,Gouard,Local,30-04-2025,1500,2000,2000
Tamil Nadu,Chengalpattu,Madhuranthagam(Uzhavar Sandhai ),Beetroot,Beetroot,Local,30-04-2025,2500,3000,3000
Tamil Nadu,Chengalpattu,Madhuranthagam(Uzhavar Sandhai ),Bhindi(Ladies Finger),Bhindi,Local,30-04-2025,3500,4000,4000
Tamil Nadu,Chengalpattu,Madhuranthagam(Uzhavar Sandhai ),Onion,Bellary,Local,30-04-2025,2000,2500,2500
Tamil Nadu,Chengalpattu,Madhuranthagam(Uzhavar Sandhai ),Thondekai,Thondekai,Local,30-04-2025,3500,4000,4000
Tamil Nadu,Chengalpattu,Medavakkam(Uzhavar Sandhai ),Ashgourd,Gouard,Local,30-04-2025,1500,1800,1800
Tamil Nadu,Chengalpattu,Medavakkam(Uzhavar Sandhai ),Bhindi(Ladies Finger),Bhindi,Local,30-04-2025,4000,4500,4500
Tamil Nadu,Chengalpattu,Medavakkam(Uzhavar Sandhai ),Coconut,Coconut,Local,30-04-2025,3000,3500,3500
Tamil Nadu,Chengalpattu,Medavakkam(Uzhavar Sandhai ),Snakeguard,Snakeguard,Local,30-04-2025,3200,3500,3500
Tamil Nadu,Chengalpattu,Pallavaram(Uzhavar Sandhai ),Beans,Beans (Whole),Local,30-04-2025,8500,9000,9000
Tamil Nadu,Chengalpattu,Pallavaram(Uzhavar Sandhai ),Bottle gourd,Bottle Gourd,Local,30-04-2025,2500,3500,3500
Tamil Nadu,Chengalpattu,Pallavaram(Uzhavar Sandhai ),Capsicum,Capsicum,Local,30-04-2025,4500,5000,5000
Tamil Nadu,Chengalpattu,Pallavaram(Uzhavar Sandhai ),Carrot,Pusakesar,Local,30-04-2025,3000,5000,5000
Tamil Nadu,Chengalpattu,Pallavaram(Uzhavar Sandhai ),Coconut,Coconut,Local,30-04-2025,6000,6500,6500
Tamil Nadu,Chengalpattu,Pallavaram(Uzhavar Sandhai ),Groundnut,Big (With Shell),Local,30-04-2025,7500,8000,8000
Tamil Nadu,Chengalpattu,Pallavaram(Uzhavar Sandhai ),Mint(Pudina),Mint(Pudina),Local,30-04-2025,3000,3500,3500
Tamil Nadu,Chengalpattu,Pallavaram(Uzhavar Sandhai ),Papaya,Papaya,Local,30-04-2025,4000,5000,5000
Tamil Nadu,Chengalpattu,Pallavaram(Uzhavar Sandhai ),Tomato,Deshi,Local,30-04-2025,1500,2000,2000
Tamil Nadu,Chengalpattu,Pallavaram(Uzhavar Sandhai ),Yam (Ratalu),Yam (Ratalu),Local,30-04-2025,5500,6000,6000
Tamil Nadu,Chengalpattu,Thirukalukundram(Uzhavar Sandhai ),Banana,Besrai,Local,30-04-2025,5000,5500,5500
Tamil Nadu,Chengalpattu,Thirukalukundram(Uzhavar Sandhai ),Bitter gourd,Bitter Gourd,Local,30-04-2025,3000,4000,4000
Tamil Nadu,Chengalpattu,Thirukalukundram(Uzhavar Sandhai ),Coconut,Coconut,Local,30-04-2025,5500,6000,6000
Tamil Nadu,Chengalpattu,Thirukalukundram(Uzhavar Sandhai ),Drumstick,Drumstick,Local,30-04-2025,3000,3500,3500
Tamil Nadu,Coimbatore,Mettupalayam(Uzhavar Sandhai ),Amaranthus,Amaranthus,Local,30-04-2025,2000,3000,3000
Tamil Nadu,Coimbatore,Mettupalayam(Uzhavar Sandhai ),Ashgourd,Gouard,Local,30-04-2025,1200,1600,1600
Tamil Nadu,Coimbatore,Mettupalayam(Uzhavar Sandhai ),Banana - Green,Banana - Green,Local,30-04-2025,3600,4000,4000
Tamil Nadu,Coimbatore,Mettupalayam(Uzhavar Sandhai ),Beans,Beans (Whole),Local,30-04-2025,7000,7500,7500
Tamil Nadu,Coimbatore,Mettupalayam(Uzhavar Sandhai ),Bottle gourd,Bottle Gourd,Local,30-04-2025,1200,1600,1600
Tamil Nadu,Coimbatore,Mettupalayam(Uzhavar Sandhai ),Capsicum,Capsicum,Local,30-04-2025,5400,5800,5800
Tamil Nadu,Coimbatore,Mettupalayam(Uzhavar Sandhai ),Chikoos(Sapota),Sapota,Local,30-04-2025,4500,5000,5000
Tamil Nadu,Coimbatore,Mettupalayam(Uzhavar Sandhai ),Chow Chow,Chow Chow,Local,30-04-2025,1600,2000,2000
Tamil Nadu,Coimbatore,Mettupalayam(Uzhavar Sandhai ),Cluster beans,Cluster Beans,Local,30-04-2025,2000,2400,2400
Tamil Nadu,Coimbatore,Mettupalayam(Uzhavar Sandhai ),Elephant Yam (Suran),Elephant Yam (Suran),Local,30-04-2025,5500,6000,6000
Tamil Nadu,Coimbatore,Mettupalayam(Uzhavar Sandhai ),Green Avare (W),Avare (W),Local,30-04-2025,5000,5600,5600
Tamil Nadu,Coimbatore,Mettupalayam(Uzhavar Sandhai ),Knool Khol,Knool Khol,Local,30-04-2025,2500,3000,3000
Tamil Nadu,Coimbatore,Mettupalayam(Uzhavar Sandhai ),Lemon,Lemon,Local,30-04-2025,13000,14000,14000
Tamil Nadu,Coimbatore,Mettupalayam(Uzhavar Sandhai ),Maize,Deshi Red,Local,30-04-2025,2500,3000,3000
Tamil Nadu,Coimbatore,Mettupalayam(Uzhavar Sandhai ),Papaya,Papaya,Local,30-04-2025,3200,3600,3600
Tamil Nadu,Coimbatore,Mettupalayam(Uzhavar Sandhai ),Raddish,Raddish,Local,30-04-2025,2000,2500,2500
Tamil Nadu,Coimbatore,Mettupalayam(Uzhavar Sandhai ),Thondekai,Thondekai,Local,30-04-2025,2000,2400,2400
Tamil Nadu,Coimbatore,Mettupalayam(Uzhavar Sandhai ),Tomato,Deshi,Local,30-04-2025,1400,1800,1800
Tamil Nadu,Coimbatore,Pollachi(Uzhavar Sandhai ),Banana - Green,Banana - Green,Local,30-04-2025,3000,3500,3500
Tamil Nadu,Coimbatore,Pollachi(Uzhavar Sandhai ),Beetroot,Beetroot,Local,30-04-2025,1500,4500,4500
Tamil Nadu,Coimbatore,Pollachi(Uzhavar Sandhai ),Cluster beans,Cluster Beans,Local,30-04-2025,3000,3500,3500
Tamil Nadu,Coimbatore,Pollachi(Uzhavar Sandhai ),Coconut,Coconut,Local,30-04-2025,6000,6500,6500
Tamil Nadu,Coimbatore,Pollachi(Uzhavar Sandhai ),Coriander(Leaves),I Sort,Local,30-04-2025,5000,6000,6000
Tamil Nadu,Coimbatore,Pollachi(Uzhavar Sandhai ),Papaya,Papaya,Local,30-04-2025,3000,3500,3500
Tamil Nadu,Coimbatore,Pollachi(Uzhavar Sandhai ),Potato,(Red Nanital),Local,30-04-2025,3000,3500,3500
Tamil Nadu,Coimbatore,Pollachi(Uzhavar Sandhai ),Snakeguard,Snakeguard,Local,30-04-2025,2000,3000,3000
Tamil Nadu,Coimbatore,RSPuram(Uzhavar Sandhai ),Beans,Beans (Whole),Local,30-04-2025,6000,6800,6800
Tamil Nadu,Coimbatore,RSPuram(Uzhavar Sandhai ),Beetroot,Beetroot,Local,30-04-2025,4500,5000,5000
Tamil Nadu,Coimbatore,RSPuram(Uzhavar Sandhai ),Brinjal,Round,Local,30-04-2025,1800,3200,3200
Tamil Nadu,Coimbatore,RSPuram(Uzhavar Sandhai ),Cabbage,Cabbage,Local,30-04-2025,1000,1800,1800
Tamil Nadu,Coimbatore,RSPuram(Uzhavar Sandhai ),Capsicum,Capsicum,Local,30-04-2025,4400,5000,5000
Tamil Nadu,Coimbatore,RSPuram(Uzhavar Sandhai ),Carrot,Pusakesar,Local,30-04-2025,2500,3000,3000
Tamil Nadu,Coimbatore,RSPuram(Uzhavar Sandhai ),Colacasia,Colacasia,Local,30-04-2025,6000,6500,6500
Tamil Nadu,Coimbatore,RSPuram(Uzhavar Sandhai ),Cucumbar(Kheera),Cucumbar,Local,30-04-2025,1800,2600,2600
Tamil Nadu,Coimbatore,RSPuram(Uzhavar Sandhai ),Drumstick,Drumstick,Local,30-04-2025,2800,3500,3500
Tamil Nadu,Coimbatore,RSPuram(Uzhavar Sandhai ),Ginger(Green),Green Ginger,Local,30-04-2025,4000,4500,4500
Tamil Nadu,Coimbatore,RSPuram(Uzhavar Sandhai ),Knool Khol,Knool Khol,Local,30-04-2025,2000,2500,2500
Tamil Nadu,Coimbatore,RSPuram(Uzhavar Sandhai ),Maize,Deshi Red,Local,30-04-2025,2200,2800,2800
Tamil Nadu,Coimbatore,RSPuram(Uzhavar Sandhai ),Orange,Darjeeling,Local,30-04-2025,8000,11000,11000
Tamil Nadu,Coimbatore,RSPuram(Uzhavar Sandhai ),Raddish,Raddish,Local,30-04-2025,2000,2600,2600
Tamil Nadu,Coimbatore,RSPuram(Uzhavar Sandhai ),Ridgeguard(Tori),Ridgeguard(Tori),Local,30-04-2025,3000,3800,3800
Tamil Nadu,Coimbatore,RSPuram(Uzhavar Sandhai ),Snakeguard,Snakeguard,Local,30-04-2025,1600,2200,2200
Tamil Nadu,Coimbatore,Singanallur(Uzhavar Sandhai ),Bhindi(Ladies Finger),Bhindi,Local,30-04-2025,3000,3400,3400
Tamil Nadu,Coimbatore,Singanallur(Uzhavar Sandhai ),Cabbage,Cabbage,Local,30-04-2025,1500,1800,1800
Tamil Nadu,Coimbatore,Singanallur(Uzhavar Sandhai ),Carrot,Pusakesar,Local,30-04-2025,3000,3400,3400
Tamil Nadu,Coimbatore,Singanallur(Uzhavar Sandhai ),Chow Chow,Chow Chow,Local,30-04-2025,2000,2200,2200
Tamil Nadu,Coimbatore,Singanallur(Uzhavar Sandhai ),Colacasia,Colacasia,Local,30-04-2025,6000,6500,6500
Tamil Nadu,Coimbatore,Singanallur(Uzhavar Sandhai ),Drumstick,Drumstick,Local,30-04-2025,3500,3800,3800
Tamil Nadu,Coimbatore,Singanallur(Uzhavar Sandhai ),Mango (Raw-Ripe),Mango - Raw-Ripe,Local,30-04-2025,2500,3000,3000
Tamil Nadu,Coimbatore,Singanallur(Uzhavar Sandhai ),Onion,Bellary,Local,30-04-2025,2000,2200,2200
Tamil Nadu,Coimbatore,Singanallur(Uzhavar Sandhai ),Ridgeguard(Tori),Ridgeguard(Tori),Local,30-04-2025,3500,4000,4000
Tamil Nadu,Coimbatore,Singanallur(Uzhavar Sandhai ),Tapioca,Tapioca,Local,30-04-2025,3000,3400,3400
Tamil Nadu,Coimbatore,Sulur(Uzhavar Sandhai ),Brinjal,Round,Local,30-04-2025,2600,3200,3200
Tamil Nadu,Coimbatore,Sulur(Uzhavar Sandhai ),Chikoos(Sapota),Sapota,Local,30-04-2025,4000,4500,4500
Tamil Nadu,Coimbatore,Sulur(Uzhavar Sandhai ),Cluster beans,Cluster Beans,Local,30-04-2025,2600,3000,3000
Tamil Nadu,Coimbatore,Sulur(Uzhavar Sandhai ),Ginger(Green),Green Ginger,Local,30-04-2025,4400,4800,4800
Tamil Nadu,Coimbatore,Sulur(Uzhavar Sandhai ),Green Avare (W),Avare (W),Local,30-04-2025,7000,7500,7500
Tamil Nadu,Coimbatore,Sulur(Uzhavar Sandhai ),Papaya,Papaya,Local,30-04-2025,2200,2600,2600
Tamil Nadu,Coimbatore,Sulur(Uzhavar Sandhai ),Tapioca,Tapioca,Local,30-04-2025,3000,3400,3400
Tamil Nadu,Coimbatore,Sulur(Uzhavar Sandhai ),Thondekai,Thondekai,Local,30-04-2025,1800,2200,2200
Tamil Nadu,Coimbatore,Sulur(Uzhavar Sandhai ),Tomato,Deshi,Local,30-04-2025,1600,1800,1800
Tamil Nadu,Coimbatore,Sulur(Uzhavar Sandhai ),Turnip,Turnip,Local,30-04-2025,3000,3400,3400
Tamil Nadu,Coimbatore,Udumalpet,Banana - Green,Banana - Green,Local,30-04-2025,3000,4000,4000
Tamil Nadu,Coimbatore,Udumalpet,Beetroot,Beetroot,Local,30-04-2025,2000,6000,6000
Tamil Nadu,Coimbatore,Udumalpet,Brinjal,Round,Local,30-04-2025,1600,2200,2200
Tamil Nadu,Coimbatore,Udumalpet,Cauliflower,Ranchi,Local,30-04-2025,1500,2000,2000
Tamil Nadu,Coimbatore,Udumalpet,Pumpkin,Pumpkin,Local,30-04-2025,1000,1200,1200
Tamil Nadu,Coimbatore,Udumalpet,Snakeguard,Snakeguard,Local,30-04-2025,1200,1800,1800
Tamil Nadu,Coimbatore,Udumalpet,Sweet Potato,Hosur Red,Local,30-04-2025,4000,4400,4400
Tamil Nadu,Coimbatore,Udumalpet,Tomato,Deshi,Local,30-04-2025,1200,1600,1600
Tamil Nadu,Coimbatore,Vadavalli(Uzhavar Sandhai ),Banana - Green,Banana - Green,Local,30-04-2025,3200,3800,3800
Tamil Nadu,Coimbatore,Vadavalli(Uzhavar Sandhai ),Beans,Beans (Whole),Local,30-04-2025,7200,7600,7600
Tamil Nadu,Coimbatore,Vadavalli(Uzhavar Sandhai ),Chow Chow,Chow Chow,Local,30-04-2025,1400,1500,1500
Tamil Nadu,Coimbatore,Vadavalli(Uzhavar Sandhai ),Cluster beans,Cluster Beans,Local,30-04-2025,2800,3200,3200
Tamil Nadu,Coimbatore,Vadavalli(Uzhavar Sandhai ),Coconut,Coconut,Local,30-04-2025,5600,6000,6000
Tamil Nadu,Coimbatore,Vadavalli(Uzhavar Sandhai ),Cucumbar(Kheera),Cucumbar,Local,30-04-2025,2200,2600,2600
Tamil Nadu,Coimbatore,Vadavalli(Uzhavar Sandhai ),Ginger(Green),Green Ginger,Local,30-04-2025,4200,4800,4800
Tamil Nadu,Coimbatore,Vadavalli(Uzhavar Sandhai ),Ridgeguard(Tori),Ridgeguard(Tori),Local,30-04-2025,3800,4200,4200
Tamil Nadu,Coimbatore,Vadavalli(Uzhavar Sandhai ),Snakeguard,Snakeguard,Local,30-04-2025,2200,2600,2600
Tamil Nadu,Cuddalore,Chidambaram(Uzhavar Sandhai ),Bhindi(Ladies Finger),Bhindi,Local,30-04-2025,2500,2500,2500
Tamil Nadu,Cuddalore,Chidambaram(Uzhavar Sandhai ),Coconut,Coconut,Local,30-04-2025,4000,5000,5000
Tamil Nadu,Cuddalore,Chidambaram(Uzhavar Sandhai ),Coriander(Leaves),I Sort,Local,30-04-2025,4000,4000,4000
Tamil Nadu,Cuddalore,Chidambaram(Uzhavar Sandhai ),Potato,(Red Nanital),Local,30-04-2025,3000,3500,3500
Tamil Nadu,Cuddalore,Cuddalore(Uzhavar Sandhai ),Coriander(Leaves),I Sort,Local,30-04-2025,4000,4000,4000
Tamil Nadu,Cuddalore,Cuddalore(Uzhavar Sandhai ),Cucumbar(Kheera),Cucumbar,Local,30-04-2025,3000,3000,3000
Tamil Nadu,Cuddalore,Cuddalore(Uzhavar Sandhai ),Ginger(Green),Green Ginger,Local,30-04-2025,7000,7000,7000
Tamil Nadu,Cuddalore,Cuddalore(Uzhavar Sandhai ),Papaya,Papaya,Local,30-04-2025,4000,4000,4000
Tamil Nadu,Cuddalore,Cuddalore(Uzhavar Sandhai ),Potato,(Red Nanital),Local,30-04-2025,3400,3400,3400
Tamil Nadu,Cuddalore,Cuddalore(Uzhavar Sandhai ),Snakeguard,Snakeguard,Local,30-04-2025,2000,2500,2500
Tamil Nadu,Cuddalore,Cuddalore(Uzhavar Sandhai ),Yam (Ratalu),Yam (Ratalu),Local,30-04-2025,8000,8000,8000
Tamil Nadu,Cuddalore,Viruthachalam(Uzhavar Sandhai ),Ashgourd,Gouard,Local,30-04-2025,2000,2000,2000
Tamil Nadu,Cuddalore,Viruthachalam(Uzhavar Sandhai ),Beetroot,Beetroot,Local,30-04-2025,2000,2000,2000
Tamil Nadu,Cuddalore,Viruthachalam(Uzhavar Sandhai ),Coconut,Coconut,Local,30-04-2025,6000,6000,6000
Tamil Nadu,Cuddalore,Viruthachalam(Uzhavar Sandhai ),Ginger(Green),Green Ginger,Local,30-04-2025,6000,6000,6000
Tamil Nadu,Cuddalore,Viruthachalam(Uzhavar Sandhai ),Green Avare (W),Avare (W),Local,30-04-2025,6000,11000,11000
Tamil Nadu,Cuddalore,Viruthachalam(Uzhavar Sandhai ),Snakeguard,Snakeguard,Local,30-04-2025,3000,3000,3000
Tamil Nadu,Cuddalore,Viruthachalam(Uzhavar Sandhai ),Tomato,Deshi,Local,30-04-2025,2000,2000,2000
Tamil Nadu,Dharmapuri,AJattihalli(Uzhavar Sandhai ),Beans,Beans (Whole),Local,30-04-2025,6000,6400,6400
Tamil Nadu,Dharmapuri,AJattihalli(Uzhavar Sandhai ),Bhindi(Ladies Finger),Bhindi,Local,30-04-2025,1200,1400,1400
Tamil Nadu,Dharmapuri,AJattihalli(Uzhavar Sandhai ),Colacasia,Colacasia,Local,30-04-2025,7000,7400,7400
Tamil Nadu,Dharmapuri,AJattihalli(Uzhavar Sandhai ),Cucumbar(Kheera),Cucumbar,Local,30-04-2025,2600,2800,2800
Tamil Nadu,Dharmapuri,AJattihalli(Uzhavar Sandhai ),Raddish,Raddish,Local,30-04-2025,800,1000,1000
Tamil Nadu,Dharmapuri,Dharmapuri(Uzhavar Sandhai ),Amla(Nelli Kai),Amla,Local,30-04-2025,7500,8000,8000
Tamil Nadu,Dharmapuri,Dharmapuri(Uzhavar Sandhai ),Banana - Green,Banana - Green,Local,30-04-2025,2600,2800,2800
Tamil Nadu,Dharmapuri,Dharmapuri(Uzhavar Sandhai ),Beans,Beans (Whole),Local,30-04-2025,6000,6400,6400
Tamil Nadu,Dharmapuri,Dharmapuri(Uzhavar Sandhai ),Bitter gourd,Bitter Gourd,Local,30-04-2025,3000,3200,3200
Tamil Nadu,Dharmapuri,Dharmapuri(Uzhavar Sandhai ),Chikoos(Sapota),Sapota,Local,30-04-2025,3200,3400,3400
Tamil Nadu,Dharmapuri,Dharmapuri(Uzhavar Sandhai ),Cucumbar(Kheera),Cucumbar,Local,30-04-2025,2600,2800,2800
Tamil Nadu,Dharmapuri,Dharmapuri(Uzhavar Sandhai ),Green Avare (W),Avare (W),Local,30-04-2025,3600,4000,4000
Tamil Nadu,Dharmapuri,Dharmapuri(Uzhavar Sandhai ),Green Chilli,Green Chilly,Local,30-04-2025,2800,3000,3000
Tamil Nadu,Dharmapuri,Dharmapuri(Uzhavar Sandhai ),Green Peas,Green Peas,Local,30-04-2025,14000,14800,14800
Tamil Nadu,Dharmapuri,Dharmapuri(Uzhavar Sandhai ),Mint(Pudina),Mint(Pudina),Local,30-04-2025,4500,5000,5000
Tamil Nadu,Dharmapuri,Dharmapuri(Uzhavar Sandhai ),Snakeguard,Snakeguard,Local,30-04-2025,1200,1400,1400
Tamil Nadu,Dharmapuri,Dharmapuri(Uzhavar Sandhai ),Tamarind Fruit,Tamarind Fruit,Local,30-04-2025,11800,12600,12600
Tamil Nadu,Dharmapuri,Palacode(Uzhavar Sandhai ),Cucumbar(Kheera),Cucumbar,Local,30-04-2025,2700,3000,3000
Tamil Nadu,Dharmapuri,Palacode(Uzhavar Sandhai ),Knool Khol,Knool Khol,Local,30-04-2025,4500,5000,5000
Tamil Nadu,Dharmapuri,Palacode(Uzhavar Sandhai ),Lemon,Lemon,Local,30-04-2025,13000,14000,14000
Tamil Nadu,Dharmapuri,Palacode(Uzhavar Sandhai ),Thondekai,Thondekai,Local,30-04-2025,5300,5800,5800
Tamil Nadu,Erode,Gobichettipalayam(Uzhavar Sandhai ),Amaranthus,Amaranthus,Local,30-04-2025,4400,4600,4600
Tamil Nadu,Erode,Gobichettipalayam(Uzhavar Sandhai ),Bottle gourd,Bottle Gourd,Local,30-04-2025,800,1000,1000
Tamil Nadu,Erode,Gobichettipalayam(Uzhavar Sandhai ),Cabbage,Cabbage,Local,30-04-2025,1000,1200,1200
Tamil Nadu,Erode,Gobichettipalayam(Uzhavar Sandhai ),Drumstick,Drumstick,Local,30-04-2025,3500,4000,4000
Tamil Nadu,Erode,Gobichettipalayam(Uzhavar Sandhai ),Guava,Guava Alahabad,Local,30-04-2025,4500,5000,5000
Tamil Nadu,Erode,Gobichettipalayam(Uzhavar Sandhai ),Papaya,Papaya,Local,30-04-2025,2200,2500,2500
Tamil Nadu,Erode,Gobichettipalayam(Uzhavar Sandhai ),Potato,(Red Nanital),Local,30-04-2025,3400,3600,3600
Tamil Nadu,Erode,Gobichettipalayam(Uzhavar Sandhai ),Tapioca,Tapioca,Local,30-04-2025,1500,2000,2000
Tamil Nadu,Erode,Periyar Nagar(Uzhavar Sandhai ),Ashgourd,Gouard,Local,30-04-2025,1600,1800,1800
Tamil Nadu,Erode,Periyar Nagar(Uzhavar Sandhai ),Bhindi(Ladies Finger),Bhindi,Local,30-04-2025,2000,2200,2200
Tamil Nadu,Erode,Periyar Nagar(Uzhavar Sandhai ),Bitter gourd,Bitter Gourd,Local,30-04-2025,4400,4600,4600
Tamil Nadu,Erode,Periyar Nagar(Uzhavar Sandhai ),Elephant Yam (Suran),Elephant Yam (Suran),Local,30-04-2025,3500,4000,4000
Tamil Nadu,Erode,Periyar Nagar(Uzhavar Sandhai ),Guava,Guava Alahabad,Local,30-04-2025,5000,5500,5500
Tamil Nadu,Erode,Periyar Nagar(Uzhavar Sandhai ),Ridgeguard(Tori),Ridgeguard(Tori),Local,30-04-2025,3400,3800,3800
Tamil Nadu,Erode,Perundurai(Uzhavar Sandhai ),Beans,Beans (Whole),Local,30-04-2025,6500,7000,7000
Tamil Nadu,Erode,Perundurai(Uzhavar Sandhai ),Brinjal,Round,Local,30-04-2025,2800,3000,3000
Tamil Nadu,Erode,Perundurai(Uzhavar Sandhai ),Cabbage,Cabbage,Local,30-04-2025,1200,1500,1500
Tamil Nadu,Erode,Perundurai(Uzhavar Sandhai ),Potato,(Red Nanital),Local,30-04-2025,3400,3600,3600
Tamil Nadu,Erode,Perundurai(Uzhavar Sandhai ),Ridgeguard(Tori),Ridgeguard(Tori),Local,30-04-2025,3400,3600,3600
Tamil Nadu,Erode,Perundurai(Uzhavar Sandhai ),Tomato,Deshi,Local,30-04-2025,1400,1600,1600
Tamil Nadu,Erode,Sampath Nagar(Uzhavar Sandhai ),Beans,Beans (Whole),Local,30-04-2025,8200,8600,8600
Tamil Nadu,Erode,Sampath Nagar(Uzhavar Sandhai ),Bhindi(Ladies Finger),Bhindi,Local,30-04-2025,2000,2200,2200
Tamil Nadu,Erode,Sampath Nagar(Uzhavar Sandhai ),Cabbage,Cabbage,Local,30-04-2025,1000,1400,1400
Tamil Nadu,Erode,Sampath Nagar(Uzhavar Sandhai ),Capsicum,Capsicum,Local,30-04-2025,4400,4800,4800
Tamil Nadu,Erode,Sampath Nagar(Uzhavar Sandhai ),Chow Chow,Chow Chow,Local,30-04-2025,1800,2000,2000
Tamil Nadu,Erode,Sampath Nagar(Uzhavar Sandhai ),Cowpea(Veg),Cowpea (Veg),Local,30-04-2025,2200,2600,2600
Tamil Nadu,Erode,Sampath Nagar(Uzhavar Sandhai ),Cucumbar(Kheera),Cucumbar,Local,30-04-2025,5000,6000,6000
Tamil Nadu,Erode,Sampath Nagar(Uzhavar Sandhai ),Grapes,Annabesahai,Local,30-04-2025,8500,11500,11500
Tamil Nadu,Erode,Sampath Nagar(Uzhavar Sandhai ),Green Chilli,Green Chilly,Local,30-04-2025,2000,2400,2400
Tamil Nadu,Erode,Sampath Nagar(Uzhavar Sandhai ),Guava,Guava Alahabad,Local,30-04-2025,5000,5500,5500
Tamil Nadu,Erode,Sampath Nagar(Uzhavar Sandhai ),Jack Fruit,Jack Fruit,Local,30-04-2025,2000,2500,2500
Tamil Nadu,Erode,Sampath Nagar(Uzhavar Sandhai ),Mango (Raw-Ripe),Mango - Raw-Ripe,Local,30-04-2025,1800,2000,2000
Tamil Nadu,Erode,Sampath Nagar(Uzhavar Sandhai ),Pomegranate,Pomogranate,Local,30-04-2025,20000,21000,21000
Tamil Nadu,Erode,Sathiyamagalam(Uzhavar Sandhai ),Bitter gourd,Bitter Gourd,Local,30-04-2025,3500,4000,4000
Tamil Nadu,Erode,Sathiyamagalam(Uzhavar Sandhai ),Bottle gourd,Bottle Gourd,Local,30-04-2025,1000,1600,1600
Tamil Nadu,Erode,Sathiyamagalam(Uzhavar Sandhai ),Cabbage,Cabbage,Local,30-04-2025,1500,2000,2000
Tamil Nadu,Erode,Sathiyamagalam(Uzhavar Sandhai ),Carrot,Pusakesar,Local,30-04-2025,4000,4400,4400
Tamil Nadu,Erode,Sathiyamagalam(Uzhavar Sandhai ),Chikoos(Sapota),Sapota,Local,30-04-2025,4500,5000,5000
Tamil Nadu,Erode,Sathiyamagalam(Uzhavar Sandhai ),Papaya,Papaya,Local,30-04-2025,1000,1500,1500
Tamil Nadu,Erode,Sathiyamagalam(Uzhavar Sandhai ),Raddish,Raddish,Local,30-04-2025,2000,2400,2400
Tamil Nadu,Erode,Thalavadi(Uzhavar Sandhai ),Green Chilli,Green Chilly,Local,30-04-2025,2000,2600,2600
Tamil Nadu,Erode,Thalavadi(Uzhavar Sandhai ),Mint(Pudina),Mint(Pudina),Local,30-04-2025,3500,4000,4000
Tamil Nadu,Kallakuruchi,Kallakurichi(Uzhavar Sandhai ),Amla(Nelli Kai),Amla,Local,30-04-2025,8000,8000,8000
Tamil Nadu,Kallakuruchi,Kallakurichi(Uzhavar Sandhai ),Brinjal,Round,Local,30-04-2025,3000,4000,4000
Tamil Nadu,Kallakuruchi,Kallakurichi(Uzhavar Sandhai ),Cauliflower,Ranchi,Local,30-04-2025,3000,3000,3000
Tamil Nadu,Kallakuruchi,Kallakurichi(Uzhavar Sandhai ),Cluster beans,Cluster Beans,Local,30-04-2025,4000,4000,4000
Tamil Nadu,Kallakuruchi,Kallakurichi(Uzhavar Sandhai ),Coriander(Leaves),I Sort,Local,30-04-2025,5000,5000,5000
Tamil Nadu,Kallakuruchi,Kallakurichi(Uzhavar Sandhai ),Drumstick,Drumstick,Local,30-04-2025,4000,4000,4000
Tamil Nadu,Kallakuruchi,Kallakurichi(Uzhavar Sandhai ),Elephant Yam (Suran),Elephant Yam (Suran),Local,30-04-2025,6000,6000,6000
Tamil Nadu,Kallakuruchi,Kallakurichi(Uzhavar Sandhai ),Ginger(Green),Green Ginger,Local,30-04-2025,6000,6000,6000
Tamil Nadu,Kallakuruchi,Kallakurichi(Uzhavar Sandhai ),Green Peas,Green Peas,Local,30-04-2025,7000,7000,7000
Tamil Nadu,Kallakuruchi,Kallakurichi(Uzhavar Sandhai ),Guava,Guava Alahabad,Local,30-04-2025,6000,6000,6000
Tamil Nadu,Kallakuruchi,Kallakurichi(Uzhavar Sandhai ),Maize,Deshi Red,Local,30-04-2025,3000,3000,3000
Tamil Nadu,Kallakuruchi,Kallakurichi(Uzhavar Sandhai ),Papaya,Papaya,Local,30-04-2025,3000,3000,3000
Tamil Nadu,Kallakuruchi,Kallakurichi(Uzhavar Sandhai ),Ridgeguard(Tori),Ridgeguard(Tori),Local,30-04-2025,4000,4000,4000
Tamil Nadu,Kallakuruchi,Kallakurichi(Uzhavar Sandhai ),Tapioca,Tapioca,Local,30-04-2025,3000,3000,3000
Tamil Nadu,Kallakuruchi,Kallakurichi(Uzhavar Sandhai ),Thondekai,Thondekai,Local,30-04-2025,5000,5000,5000
Tamil Nadu,Kallakuruchi,Sankarapuram(Uzhavar Sandhai ),Bitter gourd,Bitter Gourd,Local,30-04-2025,4000,5000,5000
Tamil Nadu,Kallakuruchi,Sankarapuram(Uzhavar Sandhai ),Coconut,Coconut,Local,30-04-2025,2500,3000,3000
Tamil Nadu,Kallakuruchi,Sankarapuram(Uzhavar Sandhai ),Cucumbar(Kheera),Cucumbar,Local,30-04-2025,6000,6000,6000
Tamil Nadu,Kallakuruchi,Sankarapuram(Uzhavar Sandhai ),Ginger(Green),Green Ginger,Local,30-04-2025,6000,6000,6000
Tamil Nadu,Kallakuruchi,Sankarapuram(Uzhavar Sandhai ),Potato,(Red Nanital),Local,30-04-2025,3500,3500,3500
Tamil Nadu,Kallakuruchi,Sankarapuram(Uzhavar Sandhai ),Ridgeguard(Tori),Ridgeguard(Tori),Local,30-04-2025,4000,4000,4000
Tamil Nadu,Kallakuruchi,Sankarapuram(Uzhavar Sandhai ),Tender Coconut,Tender Coconut,Local,30-04-2025,2500,3000,3000
Tamil Nadu,Kallakuruchi,Sankarapuram(Uzhavar Sandhai ),Tomato,Deshi,Local,30-04-2025,1500,1500,1500
Tamil Nadu,Kancheepuram,Kundrathur(Uzhavar Sandhai ),Bhindi(Ladies Finger),Bhindi,Local,30-04-2025,1000,2000,2000
Tamil Nadu,Kancheepuram,Kundrathur(Uzhavar Sandhai ),Green Chilli,Green Chilly,Local,30-04-2025,2500,3000,3000
Tamil Nadu,Kancheepuram,Kundrathur(Uzhavar Sandhai ),Potato,(Red Nanital),Local,30-04-2025,2500,3000,3000
Tamil Nadu,Karur,Kulithalai(Uzhavar Sandhai ),Amaranthus,Amaranthus,Local,30-04-2025,2000,3000,3000
Tamil Nadu,Karur,Kulithalai(Uzhavar Sandhai ),Betal Leaves,Mysore,Local,30-04-2025,8000,10000,10000
Tamil Nadu,Karur,Kulithalai(Uzhavar Sandhai ),Bottle gourd,Bottle Gourd,Local,30-04-2025,1000,1500,1500
Tamil Nadu,Karur,Kulithalai(Uzhavar Sandhai ),Cluster beans,Cluster Beans,Local,30-04-2025,2800,3200,3200
Tamil Nadu,Karur,Kulithalai(Uzhavar Sandhai ),Cowpea(Veg),Cowpea (Veg),Local,30-04-2025,2500,3000,3000
Tamil Nadu,Karur,Kulithalai(Uzhavar Sandhai ),Drumstick,Drumstick,Local,30-04-2025,2500,3000,3000
Tamil Nadu,Karur,Kulithalai(Uzhavar Sandhai ),Mango,Safeda,Local,30-04-2025,10000,12000,12000
Tamil Nadu,Karur,Kulithalai(Uzhavar Sandhai ),Mango (Raw-Ripe),Mango - Raw-Ripe,Local,30-04-2025,2500,3000,3000
Tamil Nadu,Karur,Kulithalai(Uzhavar Sandhai ),Mashrooms,Mashrooms,Local,30-04-2025,3000,4000,4000
Tamil Nadu,Karur,Kulithalai(Uzhavar Sandhai ),Mint(Pudina),Mint(Pudina),Local,30-04-2025,3000,4000,4000
Tamil Nadu,Karur,Kulithalai(Uzhavar Sandhai ),Pumpkin,Pumpkin,Local,30-04-2025,1600,2000,2000
Tamil Nadu,Karur,Kulithalai(Uzhavar Sandhai ),Snakeguard,Snakeguard,Local,30-04-2025,2000,2400,2400
Tamil Nadu,Karur,Kulithalai(Uzhavar Sandhai ),Turnip,Turnip,Local,30-04-2025,3000,4000,4000
Tamil Nadu,Karur,Pallapatti (Uzhavar Sandhai ),Ashgourd,Gouard,Local,30-04-2025,1800,2000,2000
Tamil Nadu,Karur,Pallapatti (Uzhavar Sandhai ),Green Avare (W),Avare (W),Local,30-04-2025,7000,8000,8000
Tamil Nadu,Karur,Pallapatti (Uzhavar Sandhai ),Green Chilli,Green Chilly,Local,30-04-2025,3200,3500,3500
Tamil Nadu,Karur,Pallapatti (Uzhavar Sandhai ),Lemon,Lemon,Local,30-04-2025,9000,10000,10000
Tamil Nadu,Karur,Velayuthampalayam(Uzhavar Sandhai ),Amaranthus,Amaranthus,Local,30-04-2025,2400,3000,3000
Tamil Nadu,Karur,Velayuthampalayam(Uzhavar Sandhai ),Ashgourd,Gouard,Local,30-04-2025,1600,2000,2000
Tamil Nadu,Karur,Velayuthampalayam(Uzhavar Sandhai ),Banana - Green,Banana - Green,Local,30-04-2025,3200,4000,4000
Tamil Nadu,Karur,Velayuthampalayam(Uzhavar Sandhai ),Bhindi(Ladies Finger),Bhindi,Local,30-04-2025,2800,3500,3500
Tamil Nadu,Karur,Velayuthampalayam(Uzhavar Sandhai ),Carrot,Pusakesar,Local,30-04-2025,3200,4000,4000
Tamil Nadu,Karur,Velayuthampalayam(Uzhavar Sandhai ),Cluster beans,Cluster Beans,Local,30-04-2025,2800,3500,3500
Tamil Nadu,Karur,Velayuthampalayam(Uzhavar Sandhai ),Lemon,Lemon,Local,30-04-2025,10000,11000,11000
Tamil Nadu,Karur,Velayuthampalayam(Uzhavar Sandhai ),Onion Green,Onion Green,Local,30-04-2025,3200,4000,4000
Tamil Nadu,Karur,Velayuthampalayam(Uzhavar Sandhai ),Tomato,Deshi,Local,30-04-2025,1000,1500,1500
Tamil Nadu,Krishnagiri,Avallapalli(Uzhavar Sandhai ),Bottle gourd,Bottle Gourd,Local,30-04-2025,800,1000,1000
Tamil Nadu,Krishnagiri,Avallapalli(Uzhavar Sandhai ),Cabbage,Cabbage,Local,30-04-2025,1000,1200,1200
Tamil Nadu,Krishnagiri,Avallapalli(Uzhavar Sandhai ),Colacasia,Colacasia,Local,30-04-2025,6000,7000,7000
Tamil Nadu,Krishnagiri,Avallapalli(Uzhavar Sandhai ),Cucumbar(Kheera),Cucumbar,Local,30-04-2025,1500,1800,1800
Tamil Nadu,Krishnagiri,Avallapalli(Uzhavar Sandhai ),Elephant Yam (Suran),Elephant Yam (Suran),Local,30-04-2025,6000,7000,7000
Tamil Nadu,Krishnagiri,Avallapalli(Uzhavar Sandhai ),Green Chilli,Green Chilly,Local,30-04-2025,4500,5000,5000
Tamil Nadu,Krishnagiri,Avallapalli(Uzhavar Sandhai ),Sweet Potato,Hosur Red,Local,30-04-2025,2500,3000,3000
Tamil Nadu,Krishnagiri,Avallapalli(Uzhavar Sandhai ),Tomato,Deshi,Local,30-04-2025,800,1200,1200
Tamil Nadu,Krishnagiri,Avallapalli(Uzhavar Sandhai ),Yam (Ratalu),Yam (Ratalu),Local,30-04-2025,6000,7000,7000
Tamil Nadu,Krishnagiri,Denkanikottai(Uzhavar Sandhai ),Beans,Beans (Whole),Local,30-04-2025,4000,5000,5000
Tamil Nadu,Krishnagiri,Denkanikottai(Uzhavar Sandhai ),Bitter gourd,Bitter Gourd,Local,30-04-2025,3000,3500,3500
Tamil Nadu,Krishnagiri,Denkanikottai(Uzhavar Sandhai ),Bottle gourd,Bottle Gourd,Local,30-04-2025,1000,1200,1200
Tamil Nadu,Krishnagiri,Denkanikottai(Uzhavar Sandhai ),Drumstick,Drumstick,Local,30-04-2025,3000,4000,4000
Tamil Nadu,Krishnagiri,Denkanikottai(Uzhavar Sandhai ),Onion Green,Onion Green,Local,30-04-2025,4000,5000,5000
Tamil Nadu,Krishnagiri,Denkanikottai(Uzhavar Sandhai ),Potato,(Red Nanital),Local,30-04-2025,2000,2800,2800
Tamil Nadu,Krishnagiri,Denkanikottai(Uzhavar Sandhai ),Snakeguard,Snakeguard,Local,30-04-2025,2000,2500,2500
Tamil Nadu,Krishnagiri,Denkanikottai(Uzhavar Sandhai ),Thondekai,Thondekai,Local,30-04-2025,2500,3000,3000
Tamil Nadu,Krishnagiri,Hosur(Uzhavar Sandhai ),Bottle gourd,Bottle Gourd,Local,30-04-2025,800,1000,1000
Tamil Nadu,Krishnagiri,Hosur(Uzhavar Sandhai ),Ridgeguard(Tori),Ridgeguard(Tori),Local,30-04-2025,2000,2500,2500
Tamil Nadu,Krishnagiri,Krishnagiri(Uzhavar Sandhai ),Banana,Besrai,Local,30-04-2025,6000,8500,8500
Tamil Nadu,Krishnagiri,Krishnagiri(Uzhavar Sandhai ),Brinjal,Round,Local,30-04-2025,1000,1400,1400
Tamil Nadu,Krishnagiri,Krishnagiri(Uzhavar Sandhai ),Cluster beans,Cluster Beans,Local,30-04-2025,2000,2400,2400
Tamil Nadu,Krishnagiri,Krishnagiri(Uzhavar Sandhai ),Coconut,Coconut,Local,30-04-2025,5000,6000,6000
Tamil Nadu,Krishnagiri,Krishnagiri(Uzhavar Sandhai ),Cowpea(Veg),Cowpea (Veg),Local,30-04-2025,3500,4000,4000
Tamil Nadu,Krishnagiri,Krishnagiri(Uzhavar Sandhai ),Garlic,Average,Local,30-04-2025,10000,12000,12000
Tamil Nadu,Krishnagiri,Krishnagiri(Uzhavar Sandhai ),Lemon,Lemon,Local,30-04-2025,11000,13000,13000
Tamil Nadu,Krishnagiri,Krishnagiri(Uzhavar Sandhai ),Mashrooms,Mashrooms,Local,30-04-2025,2000,3000,3000
Tamil Nadu,Krishnagiri,Krishnagiri(Uzhavar Sandhai ),Onion,Bellary,Local,30-04-2025,2000,2500,2500
Tamil Nadu,Krishnagiri,Krishnagiri(Uzhavar Sandhai ),Rose(Local),Rose (Local),Local,30-04-2025,20000,24000,24000
Tamil Nadu,Madurai,Chokkikulam(Uzhavar Sandhai ),Amaranthus,Amaranthus,Local,30-04-2025,3000,4000,4000
Tamil Nadu,Madurai,Chokkikulam(Uzhavar Sandhai ),Cluster beans,Cluster Beans,Local,30-04-2025,3000,3600,3600
Tamil Nadu,Madurai,Chokkikulam(Uzhavar Sandhai ),Green Avare (W),Avare (W),Local,30-04-2025,5000,6000,6000
Tamil Nadu,Madurai,Chokkikulam(Uzhavar Sandhai ),Green Peas,Green Peas,Local,30-04-2025,11000,12000,12000
Tamil Nadu,Madurai,Chokkikulam(Uzhavar Sandhai ),Groundnut,Big (With Shell),Local,30-04-2025,5000,6000,6000
Tamil Nadu,Madurai,Chokkikulam(Uzhavar Sandhai ),Orange,Darjeeling,Local,30-04-2025,12000,14000,14000
Tamil Nadu,Madurai,Chokkikulam(Uzhavar Sandhai ),Papaya,Papaya,Local,30-04-2025,3600,4000,4000
Tamil Nadu,Madurai,Chokkikulam(Uzhavar Sandhai ),Potato,(Red Nanital),Local,30-04-2025,3400,4000,4000
Tamil Nadu,Madurai,Chokkikulam(Uzhavar Sandhai ),Pumpkin,Pumpkin,Local,30-04-2025,1400,1600,1600
Tamil Nadu,Madurai,Chokkikulam(Uzhavar Sandhai ),Raddish,Raddish,Local,30-04-2025,2000,2400,2400
Tamil Nadu,Madurai,Chokkikulam(Uzhavar Sandhai ),Ridgeguard(Tori),Ridgeguard(Tori),Local,30-04-2025,3600,4400,4400
Tamil Nadu,Madurai,Chokkikulam(Uzhavar Sandhai ),Snakeguard,Snakeguard,Local,30-04-2025,3600,4400,4400
Tamil Nadu,Madurai,Chokkikulam(Uzhavar Sandhai ),Tapioca,Tapioca,Local,30-04-2025,3600,4000,4000
Tamil Nadu,Madurai,Chokkikulam(Uzhavar Sandhai ),Tomato,Deshi,Local,30-04-2025,1600,1800,1800
Tamil Nadu,Madurai,Chokkikulam(Uzhavar Sandhai ),Water Melon,Water Melon,Local,30-04-2025,1200,1400,1400
Tamil Nadu,Madurai,Melur(Uzhavar Sandhai ),Amla(Nelli Kai),Amla,Local,30-04-2025,6000,7000,7000
Tamil Nadu,Madurai,Melur(Uzhavar Sandhai ),Banana,Besrai,Local,30-04-2025,3000,4000,4000
Tamil Nadu,Madurai,Melur(Uzhavar Sandhai ),Brinjal,Round,Local,30-04-2025,3600,4000,4000
Tamil Nadu,Madurai,Melur(Uzhavar Sandhai ),Chikoos(Sapota),Sapota,Local,30-04-2025,5000,6000,6000
Tamil Nadu,Madurai,Melur(Uzhavar Sandhai ),Cluster beans,Cluster Beans,Local,30-04-2025,3000,3600,3600
Tamil Nadu,Madurai,Melur(Uzhavar Sandhai ),Coriander(Leaves),I Sort,Local,30-04-2025,6000,6600,6600
Tamil Nadu,Madurai,Melur(Uzhavar Sandhai ),Groundnut,Big (With Shell),Local,30-04-2025,5000,6000,6000
Tamil Nadu,Madurai,Melur(Uzhavar Sandhai ),Lime,Lime,Local,30-04-2025,3600,4000,4000
Tamil Nadu,Madurai,Melur(Uzhavar Sandhai ),Mango,Safeda,Local,30-04-2025,7000,8000,8000
Tamil Nadu,Madurai,Palanganatham(Uzhavar Sandhai ),Amla(Nelli Kai),Amla,Local,30-04-2025,6000,7000,7000
Tamil Nadu,Madurai,Palanganatham(Uzhavar Sandhai ),Beans,Beans (Whole),Local,30-04-2025,5000,6000,6000
Tamil Nadu,Madurai,Palanganatham(Uzhavar Sandhai ),Bitter gourd,Bitter Gourd,Local,30-04-2025,4000,5000,5000
Tamil Nadu,Madurai,Palanganatham(Uzhavar Sandhai ),Ginger(Green),Green Ginger,Local,30-04-2025,6000,7000,7000
Tamil Nadu,Madurai,Palanganatham(Uzhavar Sandhai ),Green Peas,Green Peas,Local,30-04-2025,10000,12000,12000
Tamil Nadu,Madurai,Palanganatham(Uzhavar Sandhai ),Lemon,Lemon,Local,30-04-2025,14000,15000,15000
Tamil Nadu,Madurai,Palanganatham(Uzhavar Sandhai ),Mango,Safeda,Local,30-04-2025,8000,10000,10000
Tamil Nadu,Madurai,Palanganatham(Uzhavar Sandhai ),Mint(Pudina),Mint(Pudina),Local,30-04-2025,2000,2500,2500
Tamil Nadu,Madurai,Palanganatham(Uzhavar Sandhai ),Mousambi(Sweet Lime),Mousambi,Local,30-04-2025,5000,6000,6000
Tamil Nadu,Madurai,Palanganatham(Uzhavar Sandhai ),Papaya,Papaya,Local,30-04-2025,3500,4000,4000
Tamil Nadu,Madurai,Palanganatham(Uzhavar Sandhai ),Pomegranate,Pomogranate,Local,30-04-2025,20000,22000,22000
Tamil Nadu,Madurai,Palanganatham(Uzhavar Sandhai ),Raddish,Raddish,Local,30-04-2025,2000,2400,2400
Tamil Nadu,Madurai,Palanganatham(Uzhavar Sandhai ),Tomato,Deshi,Local,30-04-2025,1600,1800,1800
Tamil Nadu,Madurai,Thirumangalam(Uzhavar Sandhai ),Bhindi(Ladies Finger),Bhindi,Local,30-04-2025,2000,2400,2400
Tamil Nadu,Madurai,Thirumangalam(Uzhavar Sandhai ),Brinjal,Round,Local,30-04-2025,3600,4000,4000
Tamil Nadu,Madurai,Thirumangalam(Uzhavar Sandhai ),Pumpkin,Pumpkin,Local,30-04-2025,1400,1600,1600
Tamil Nadu,Madurai,Thirumangalam(Uzhavar Sandhai ),Raddish,Raddish,Local,30-04-2025,2000,2400,2400
Tamil Nadu,Madurai,Thirumangalam(Uzhavar Sandhai ),Ridgeguard(Tori),Ridgeguard(Tori),Local,30-04-2025,4000,4400,4400
Tamil Nadu,Madurai,Usilampatty,Cluster beans,Cluster Beans,Local,30-04-2025,3000,3600,3600
Tamil Nadu,Madurai,Usilampatty,Coconut,Coconut,Local,30-04-2025,6000,6600,6600
Tamil Nadu,Madurai,Usilampatty,Coriander(Leaves),I Sort,Local,30-04-2025,6000,6600,6600
Tamil Nadu,Madurai,Usilampatty,Snakeguard,Snakeguard,Local,30-04-2025,4000,4400,4400
Tamil Nadu,Madurai,Usilampatty,Tapioca,Tapioca,Local,30-04-2025,3600,4000,4000
Tamil Nadu,Nagapattinam,Mayiladuthurai(Uzhavar Sandhai ),Bitter gourd,Bitter Gourd,Local,30-04-2025,3500,4000,4000
Tamil Nadu,Nagapattinam,Mayiladuthurai(Uzhavar Sandhai ),Bottle gourd,Bottle Gourd,Local,30-04-2025,2000,2500,2500
Tamil Nadu,Nagapattinam,Mayiladuthurai(Uzhavar Sandhai ),Drumstick,Drumstick,Local,30-04-2025,5000,5000,5000
Tamil Nadu,Nagapattinam,Mayiladuthurai(Uzhavar Sandhai ),Green Avare (W),Avare (W),Local,30-04-2025,7000,8000,8000
Tamil Nadu,Nagapattinam,Mayiladuthurai(Uzhavar Sandhai ),Onion,Bellary,Local,30-04-2025,2500,3000,3000
Tamil Nadu,Nagapattinam,Mayiladuthurai(Uzhavar Sandhai ),Raddish,Raddish,Local,30-04-2025,3000,3000,3000
Tamil Nadu,Nagapattinam,Nagapattinam(Uzhavar Sandhai ),Bottle gourd,Bottle Gourd,Local,30-04-2025,2000,2000,2000
Tamil Nadu,Nagapattinam,Nagapattinam(Uzhavar Sandhai ),Brinjal,Round,Local,30-04-2025,2400,4200,4200
Tamil Nadu,Nagapattinam,Nagapattinam(Uzhavar Sandhai ),Elephant Yam (Suran),Elephant Yam (Suran),Local,30-04-2025,4500,4500,4500
Tamil Nadu,Nagapattinam,Nagapattinam(Uzhavar Sandhai ),Garlic,Average,Local,30-04-2025,7500,7800,7800
Tamil Nadu,Nagapattinam,Nagapattinam(Uzhavar Sandhai ),Guava,Guava Alahabad,Local,30-04-2025,5000,6000,6000
Tamil Nadu,Nagapattinam,Nagapattinam(Uzhavar Sandhai ),Lemon,Lemon,Local,30-04-2025,5000,6000,6000
Tamil Nadu,Nagapattinam,Nagapattinam(Uzhavar Sandhai ),Potato,(Red Nanital),Local,30-04-2025,3500,4000,4000
Tamil Nadu,Nagapattinam,Nagapattinam(Uzhavar Sandhai ),Raddish,Raddish,Local,30-04-2025,3000,3000,3000
Tamil Nadu,Nagapattinam,Nagapattinam(Uzhavar Sandhai ),Ridgeguard(Tori),Ridgeguard(Tori),Local,30-04-2025,3500,4000,4000
Tamil Nadu,Nagapattinam,Nagapattinam(Uzhavar Sandhai ),Tamarind Fruit,Tamarind Fruit,Local,30-04-2025,13000,14000,14000
Tamil Nadu,Nagercoil (Kannyiakumari),Myladi(Uzhavar Sandhai ),Bhindi(Ladies Finger),Bhindi,Local,30-04-2025,4500,5000,5000
Tamil Nadu,Nagercoil (Kannyiakumari),Myladi(Uzhavar Sandhai ),Coconut,Coconut,Local,30-04-2025,6200,6400,6400
Tamil Nadu,Nagercoil (Kannyiakumari),Myladi(Uzhavar Sandhai ),Onion,Bellary,Local,30-04-2025,2800,3000,3000
Tamil Nadu,Nagercoil (Kannyiakumari),Myladi(Uzhavar Sandhai ),Tamarind Fruit,Tamarind Fruit,Local,30-04-2025,11000,12000,12000
Tamil Nadu,Nagercoil (Kannyiakumari),Myladi(Uzhavar Sandhai ),Tapioca,Tapioca,Local,30-04-2025,3800,4000,4000
Tamil Nadu,Nagercoil (Kannyiakumari),Vadaseri,Cluster beans,Cluster Beans,Local,30-04-2025,3500,4000,4000
Tamil Nadu,Nagercoil (Kannyiakumari),Vadaseri,Coconut,Coconut,Local,30-04-2025,6200,6400,6400
Tamil Nadu,Nagercoil (Kannyiakumari),Vadaseri,Coriander(Leaves),I Sort,Local,30-04-2025,7500,8500,8500
Tamil Nadu,Nagercoil (Kannyiakumari),Vadaseri,Cucumbar(Kheera),Cucumbar,Local,30-04-2025,2500,3000,3000
Tamil Nadu,Nagercoil (Kannyiakumari),Vadaseri,Green Avare (W),Avare (W),Local,30-04-2025,3000,3500,3500
Tamil Nadu,Nagercoil (Kannyiakumari),Vadaseri,Onion,Bellary,Local,30-04-2025,2500,3000,3000
Tamil Nadu,Nagercoil (Kannyiakumari),Vadaseri,Potato,(Red Nanital),Local,30-04-2025,3500,4000,4000
Tamil Nadu,Nagercoil (Kannyiakumari),Vadaseri,Tender Coconut,Tender Coconut,Local,30-04-2025,4000,4500,4500
Tamil Nadu,Namakkal,Kumarapalayam(Uzhavar Sandhai ),Bottle gourd,Bottle Gourd,Local,30-04-2025,1000,1200,1200
Tamil Nadu,Namakkal,Kumarapalayam(Uzhavar Sandhai ),Chikoos(Sapota),Sapota,Local,30-04-2025,3500,4000,4000
Tamil Nadu,Namakkal,Kumarapalayam(Uzhavar Sandhai ),Green Avare (W),Avare (W),Local,30-04-2025,6000,6500,6500
Tamil Nadu,Namakkal,Kumarapalayam(Uzhavar Sandhai ),Guava,Guava Alahabad,Local,30-04-2025,4500,5000,5000
Tamil Nadu,Namakkal,Kumarapalayam(Uzhavar Sandhai ),Lemon,Lemon,Local,30-04-2025,7000,8000,8000
Tamil Nadu,Namakkal,Kumarapalayam(Uzhavar Sandhai ),Lime,Lime,Local,30-04-2025,2500,3000,3000
Tamil Nadu,Namakkal,Kumarapalayam(Uzhavar Sandhai ),Potato,(Red Nanital),Local,30-04-2025,3000,3500,3500
Tamil Nadu,Namakkal,Kumarapalayam(Uzhavar Sandhai ),Raddish,Raddish,Local,30-04-2025,2000,2500,2500
Tamil Nadu,Namakkal,Kumarapalayam(Uzhavar Sandhai ),Snakeguard,Snakeguard,Local,30-04-2025,3000,3500,3500
Tamil Nadu,Namakkal,Mohanur(Uzhavar Sandhai ),Amaranthus,Amaranthus,Local,30-04-2025,3200,4000,4000
Tamil Nadu,Namakkal,Mohanur(Uzhavar Sandhai ),Banana - Green,Banana - Green,Local,30-04-2025,3200,3600,3600
Tamil Nadu,Namakkal,Mohanur(Uzhavar Sandhai ),Coriander(Leaves),I Sort,Local,30-04-2025,3500,4000,4000
Tamil Nadu,Namakkal,Mohanur(Uzhavar Sandhai ),Cucumbar(Kheera),Cucumbar,Local,30-04-2025,7000,7400,7400
Tamil Nadu,Namakkal,Mohanur(Uzhavar Sandhai ),Pumpkin,Pumpkin,Local,30-04-2025,1400,1800,1800
Tamil Nadu,Namakkal,Mohanur(Uzhavar Sandhai ),Snakeguard,Snakeguard,Local,30-04-2025,5200,5600,5600
Tamil Nadu,Namakkal,Mohanur(Uzhavar Sandhai ),Water Melon,Water Melon,Local,30-04-2025,1200,1400,1400
Tamil Nadu,Namakkal,Namakkal(Uzhavar Sandhai ),Amaranthus,Amaranthus,Local,30-04-2025,2500,3000,3000
Tamil Nadu,Namakkal,Namakkal(Uzhavar Sandhai ),Banana - Green,Banana - Green,Local,30-04-2025,3000,3500,3500
Tamil Nadu,Namakkal,Namakkal(Uzhavar Sandhai ),Betal Leaves,Mysore,Local,30-04-2025,10000,11000,11000
Tamil Nadu,Namakkal,Namakkal(Uzhavar Sandhai ),Bottle gourd,Bottle Gourd,Local,30-04-2025,800,1200,1200
Tamil Nadu,Namakkal,Namakkal(Uzhavar Sandhai ),Chikoos(Sapota),Sapota,Local,30-04-2025,3000,3500,3500
Tamil Nadu,Namakkal,Namakkal(Uzhavar Sandhai ),Cluster beans,Cluster Beans,Local,30-04-2025,2500,3000,3000
Tamil Nadu,Namakkal,Namakkal(Uzhavar Sandhai ),Drumstick,Drumstick,Local,30-04-2025,3000,3500,3500
Tamil Nadu,Namakkal,Namakkal(Uzhavar Sandhai ),Elephant Yam (Suran),Elephant Yam (Suran),Local,30-04-2025,4500,5000,5000
Tamil Nadu,Namakkal,Namakkal(Uzhavar Sandhai ),Karbuja(Musk Melon),Karbhuja,Local,30-04-2025,2000,2400,2400
Tamil Nadu,Namakkal,Namakkal(Uzhavar Sandhai ),Lemon,Lemon,Local,30-04-2025,8000,8500,8500
Tamil Nadu,Namakkal,Namakkal(Uzhavar Sandhai ),Mango (Raw-Ripe),Mango - Raw-Ripe,Local,30-04-2025,2500,3000,3000
Tamil Nadu,Namakkal,Namakkal(Uzhavar Sandhai ),Mashrooms,Mashrooms,Local,30-04-2025,4500,5000,5000
Tamil Nadu,Namakkal,Namakkal(Uzhavar Sandhai ),Onion,Bellary,Local,30-04-2025,2000,2500,2500
Tamil Nadu,Namakkal,Namakkal(Uzhavar Sandhai ),Potato,(Red Nanital),Local,30-04-2025,2500,3000,3000
Tamil Nadu,Namakkal,Namakkal(Uzhavar Sandhai ),Pumpkin,Pumpkin,Local,30-04-2025,800,1000,1000
Tamil Nadu,Namakkal,Namakkal(Uzhavar Sandhai ),Sweet Potato,Hosur Red,Local,30-04-2025,5000,5800,5800
Tamil Nadu,Namakkal,Namakkal(Uzhavar Sandhai ),Thondekai,Thondekai,Local,30-04-2025,2000,2500,2500
Tamil Nadu,Namakkal,Paramathivelur(Uzhavar Sandhai ),Drumstick,Drumstick,Local,30-04-2025,3000,3500,3500
Tamil Nadu,Namakkal,Paramathivelur(Uzhavar Sandhai ),Ginger(Green),Green Ginger,Local,30-04-2025,5400,6000,6000
Tamil Nadu,Namakkal,Paramathivelur(Uzhavar Sandhai ),Green Avare (W),Avare (W),Local,30-04-2025,7000,8000,8000
Tamil Nadu,Namakkal,Paramathivelur(Uzhavar Sandhai ),Green Chilli,Green Chilly,Local,30-04-2025,3500,4000,4000
Tamil Nadu,Namakkal,Paramathivelur(Uzhavar Sandhai ),Potato,(Red Nanital),Local,30-04-2025,3000,3500,3500
Tamil Nadu,Namakkal,Paramathivelur(Uzhavar Sandhai ),Ridgeguard(Tori),Ridgeguard(Tori),Local,30-04-2025,5400,6000,6000
Tamil Nadu,Namakkal,Paramathivelur(Uzhavar Sandhai ),Tapioca,Tapioca,Local,30-04-2025,2200,2500,2500
Tamil Nadu,Namakkal,Rasipuram(Uzhavar Sandhai ),Amaranthus,Amaranthus,Local,30-04-2025,2400,3000,3000
Tamil Nadu,Namakkal,Rasipuram(Uzhavar Sandhai ),Cauliflower,Ranchi,Local,30-04-2025,1200,2000,2000
Tamil Nadu,Namakkal,Rasipuram(Uzhavar Sandhai ),Chikoos(Sapota),Sapota,Local,30-04-2025,3500,4000,4000
Tamil Nadu,Namakkal,Rasipuram(Uzhavar Sandhai ),Chili Red,Bold,Local,30-04-2025,15000,18000,18000
Tamil Nadu,Namakkal,Rasipuram(Uzhavar Sandhai ),Mango (Raw-Ripe),Mango - Raw-Ripe,Local,30-04-2025,4000,5000,5000
Tamil Nadu,Namakkal,Rasipuram(Uzhavar Sandhai ),Papaya,Papaya,Local,30-04-2025,2500,3000,3000
Tamil Nadu,Namakkal,Rasipuram(Uzhavar Sandhai ),Potato,(Red Nanital),Local,30-04-2025,3000,3500,3500
Tamil Nadu,Namakkal,Rasipuram(Uzhavar Sandhai ),Pumpkin,Pumpkin,Local,30-04-2025,2000,2500,2500
Tamil Nadu,Namakkal,Rasipuram(Uzhavar Sandhai ),Water Melon,Water Melon,Local,30-04-2025,1500,2000,2000
Tamil Nadu,Namakkal,Tiruchengode,Beans,Beans (Whole),Local,30-04-2025,7000,8000,8000
Tamil Nadu,Namakkal,Tiruchengode,Beetroot,Beetroot,Local,30-04-2025,4000,5500,5500
Tamil Nadu,Namakkal,Tiruchengode,Bottle gourd,Bottle Gourd,Local,30-04-2025,500,1000,1000
Tamil Nadu,Namakkal,Tiruchengode,Cluster beans,Cluster Beans,Local,30-04-2025,3500,4000,4000
Tamil Nadu,Namakkal,Tiruchengode,Ginger(Green),Green Ginger,Local,30-04-2025,5000,6000,6000
Tamil Nadu,Namakkal,Tiruchengode,Guava,Guava Alahabad,Local,30-04-2025,6000,7000,7000
Tamil Nadu,Namakkal,Tiruchengode,Potato,(Red Nanital),Local,30-04-2025,3000,3500,3500
Tamil Nadu,Namakkal,Tiruchengode,Tapioca,Tapioca,Local,30-04-2025,2500,3000,3000
Tamil Nadu,Namakkal,Tiruchengode,Thondekai,Thondekai,Local,30-04-2025,4000,5000,5000
Tamil Nadu,Namakkal,Tiruchengode,Yam (Ratalu),Yam (Ratalu),Local,30-04-2025,6000,7000,7000
Tamil Nadu,Perambalur,Perambalur(Uzhavar Sandhai ),Brinjal,Round,Local,30-04-2025,2000,2000,2000
Tamil Nadu,Perambalur,Perambalur(Uzhavar Sandhai ),Cabbage,Cabbage,Local,30-04-2025,1800,1800,1800
Tamil Nadu,Perambalur,Perambalur(Uzhavar Sandhai ),Carrot,Pusakesar,Local,30-04-2025,4000,4000,4000
Tamil Nadu,Perambalur,Perambalur(Uzhavar Sandhai ),Cauliflower,Ranchi,Local,30-04-2025,4000,4000,4000
Tamil Nadu,Perambalur,Perambalur(Uzhavar Sandhai ),Chow Chow,Chow Chow,Local,30-04-2025,2200,2200,2200
Tamil Nadu,Perambalur,Perambalur(Uzhavar Sandhai ),Coconut,Coconut,Local,30-04-2025,4500,5000,5000
Tamil Nadu,Perambalur,Perambalur(Uzhavar Sandhai ),Ginger(Green),Green Ginger,Local,30-04-2025,6000,6000,6000
Tamil Nadu,Perambalur,Perambalur(Uzhavar Sandhai ),Grapes,Annabesahai,Local,30-04-2025,10000,13000,13000
Tamil Nadu,Perambalur,Perambalur(Uzhavar Sandhai ),Groundnut,Big (With Shell),Local,30-04-2025,8000,8000,8000
Tamil Nadu,Perambalur,Perambalur(Uzhavar Sandhai ),Lemon,Lemon,Local,30-04-2025,8000,8000,8000
Tamil Nadu,Perambalur,Perambalur(Uzhavar Sandhai ),Tender Coconut,Tender Coconut,Local,30-04-2025,3500,4000,4000
Tamil Nadu,Pudukkottai,Alangudi(Uzhavar Sandhai ),Green Chilli,Green Chilly,Local,30-04-2025,2000,2500,2500
Tamil Nadu,Pudukkottai,Alangudi(Uzhavar Sandhai ),Lemon,Lemon,Local,30-04-2025,9000,10000,10000
Tamil Nadu,Pudukkottai,Alangudi(Uzhavar Sandhai ),Onion,Bellary,Local,30-04-2025,3000,3500,3500
Tamil Nadu,Pudukkottai,Aranthangi(Uzhavar Sandhai ),Brinjal,Round,Local,30-04-2025,2500,3000,3000
Tamil Nadu,Pudukkottai,Aranthangi(Uzhavar Sandhai ),Green Chilli,Green Chilly,Local,30-04-2025,2000,2500,2500
Tamil Nadu,Pudukkottai,Aranthangi(Uzhavar Sandhai ),Ridgeguard(Tori),Ridgeguard(Tori),Local,30-04-2025,3000,3500,3500
Tamil Nadu,Pudukkottai,Aranthangi(Uzhavar Sandhai ),Snakeguard,Snakeguard,Local,30-04-2025,2000,2500,2500
Tamil Nadu,Pudukkottai,Gandarvakottai(Uzhavar Sandhai ),Banana,Besrai,Local,30-04-2025,3500,4000,4000
Tamil Nadu,Pudukkottai,Gandarvakottai(Uzhavar Sandhai ),Banana - Green,Banana - Green,Local,30-04-2025,2500,3000,3000
Tamil Nadu,Pudukkottai,Gandarvakottai(Uzhavar Sandhai ),Bhindi(Ladies Finger),Bhindi,Local,30-04-2025,1800,2000,2000
Tamil Nadu,Pudukkottai,Gandarvakottai(Uzhavar Sandhai ),Onion,Bellary,Local,30-04-2025,2600,3000,3000
Tamil Nadu,Pudukkottai,Gandarvakottai(Uzhavar Sandhai ),Pumpkin,Pumpkin,Local,30-04-2025,800,1000,1000
Tamil Nadu,Pudukkottai,Karambakkudi(Uzhavar Sandhai ),Amaranthus,Amaranthus,Local,30-04-2025,1500,2000,2000
Tamil Nadu,Pudukkottai,Karambakkudi(Uzhavar Sandhai ),Banana,Besrai,Local,30-04-2025,4000,5000,5000
Tamil Nadu,Pudukkottai,Karambakkudi(Uzhavar Sandhai ),Green Chilli,Green Chilly,Local,30-04-2025,1500,2000,2000
Tamil Nadu,Pudukkottai,Karambakkudi(Uzhavar Sandhai ),Pumpkin,Pumpkin,Local,30-04-2025,1000,1000,1000
Tamil Nadu,Pudukkottai,Viralimalai(Uzhavar Sandhai ),Mango (Raw-Ripe),Mango - Raw-Ripe,Local,30-04-2025,2500,3000,3000
Tamil Nadu,Pudukkottai,Viralimalai(Uzhavar Sandhai ),Mint(Pudina),Mint(Pudina),Local,30-04-2025,3000,3500,3500
Tamil Nadu,Pudukkottai,Viralimalai(Uzhavar Sandhai ),Papaya,Papaya,Local,30-04-2025,3000,3500,3500
Tamil Nadu,Ramanathapuram,Paramakudi(Uzhavar Sandhai ),Bhindi(Ladies Finger),Bhindi,Local,30-04-2025,3500,4000,4000
Tamil Nadu,Ramanathapuram,Paramakudi(Uzhavar Sandhai ),Carrot,Pusakesar,Local,30-04-2025,4500,5000,5000
Tamil Nadu,Ramanathapuram,Paramakudi(Uzhavar Sandhai ),Coriander(Leaves),I Sort,Local,30-04-2025,5000,6000,6000
Tamil Nadu,Ramanathapuram,Paramakudi(Uzhavar Sandhai ),Green Chilli,Green Chilly,Local,30-04-2025,4000,5000,5000
Tamil Nadu,Ramanathapuram,Paramakudi(Uzhavar Sandhai ),Knool Khol,Knool Khol,Local,30-04-2025,4000,4500,4500
Tamil Nadu,Ramanathapuram,Paramakudi(Uzhavar Sandhai ),Lemon,Lemon,Local,30-04-2025,8000,9000,9000
Tamil Nadu,Ramanathapuram,Paramakudi(Uzhavar Sandhai ),Mint(Pudina),Mint(Pudina),Local,30-04-2025,5000,5500,5500
Tamil Nadu,Ramanathapuram,Paramakudi(Uzhavar Sandhai ),Onion,Bellary,Local,30-04-2025,3500,4000,4000
Tamil Nadu,Ramanathapuram,Paramakudi(Uzhavar Sandhai ),Onion Green,Onion Green,Local,30-04-2025,4000,4500,4500
Tamil Nadu,Ramanathapuram,Paramakudi(Uzhavar Sandhai ),Raddish,Raddish,Local,30-04-2025,2500,3000,3000
Tamil Nadu,Ramanathapuram,Paramakudi(Uzhavar Sandhai ),Yam (Ratalu),Yam (Ratalu),Local,30-04-2025,8000,9000,9000
Tamil Nadu,Salem,Ammapet(Uzhavar Sandhai ),Banana,Besrai,Local,30-04-2025,4000,8000,8000
Tamil Nadu,Salem,Ammapet(Uzhavar Sandhai ),Banana - Green,Banana - Green,Local,30-04-2025,1600,2000,2000
Tamil Nadu,Salem,Ammapet(Uzhavar Sandhai ),Cabbage,Cabbage,Local,30-04-2025,1600,2000,2000
Tamil Nadu,Salem,Ammapet(Uzhavar Sandhai ),Capsicum,Capsicum,Local,30-04-2025,5500,6000,6000
Tamil Nadu,Salem,Ammapet(Uzhavar Sandhai ),Carrot,Pusakesar,Local,30-04-2025,4500,5000,5000
Tamil Nadu,Salem,Ammapet(Uzhavar Sandhai ),Chow Chow,Chow Chow,Local,30-04-2025,3000,3200,3200
Tamil Nadu,Salem,Ammapet(Uzhavar Sandhai ),Coconut,Coconut,Local,30-04-2025,6000,7000,7000
Tamil Nadu,Salem,Ammapet(Uzhavar Sandhai ),Coriander(Leaves),I Sort,Local,30-04-2025,3200,3600,3600
Tamil Nadu,Salem,Ammapet(Uzhavar Sandhai ),Cowpea(Veg),Cowpea (Veg),Local,30-04-2025,4500,5000,5000
Tamil Nadu,Salem,Ammapet(Uzhavar Sandhai ),Drumstick,Drumstick,Local,30-04-2025,4000,5000,5000
Tamil Nadu,Salem,Ammapet(Uzhavar Sandhai ),Green Chilli,Green Chilly,Local,30-04-2025,2800,3000,3000
Tamil Nadu,Salem,Ammapet(Uzhavar Sandhai ),Green Peas,Green Peas,Local,30-04-2025,14000,15000,15000
Tamil Nadu,Salem,Ammapet(Uzhavar Sandhai ),Groundnut,Big (With Shell),Local,30-04-2025,5500,6000,6000
Tamil Nadu,Salem,Ammapet(Uzhavar Sandhai ),Maize,Deshi Red,Local,30-04-2025,1800,2000,2000
Tamil Nadu,Salem,Ammapet(Uzhavar Sandhai ),Mango (Raw-Ripe),Mango - Raw-Ripe,Local,30-04-2025,2500,3000,3000
Tamil Nadu,Salem,Ammapet(Uzhavar Sandhai ),Potato,(Red Nanital),Local,30-04-2025,3200,3600,3600
Tamil Nadu,Salem,Ammapet(Uzhavar Sandhai ),Water Melon,Water Melon,Local,30-04-2025,1200,1500,1500
Tamil Nadu,Salem,Athur(Uzhavar Sandhai ),Amaranthus,Amaranthus,Local,30-04-2025,1800,2000,2000
Tamil Nadu,Salem,Athur(Uzhavar Sandhai ),Amla(Nelli Kai),Amla,Local,30-04-2025,6000,7000,7000
Tamil Nadu,Salem,Athur(Uzhavar Sandhai ),Ashgourd,Gouard,Local,30-04-2025,1000,1200,1200
Tamil Nadu,Salem,Athur(Uzhavar Sandhai ),Beans,Beans (Whole),Local,30-04-2025,3500,4000,4000
Tamil Nadu,Salem,Athur(Uzhavar Sandhai ),Bhindi(Ladies Finger),Bhindi,Local,30-04-2025,1800,2000,2000
Tamil Nadu,Salem,Athur(Uzhavar Sandhai ),Cabbage,Cabbage,Local,30-04-2025,1500,2000,2000
Tamil Nadu,Salem,Athur(Uzhavar Sandhai ),Capsicum,Capsicum,Local,30-04-2025,5800,6000,6000
Tamil Nadu,Salem,Athur(Uzhavar Sandhai ),Cluster beans,Cluster Beans,Local,30-04-2025,2000,2500,2500
Tamil Nadu,Salem,Athur(Uzhavar Sandhai ),Garlic,Average,Local,30-04-2025,10000,12000,12000
Tamil Nadu,Salem,Athur(Uzhavar Sandhai ),Ginger(Green),Green Ginger,Local,30-04-2025,5000,5400,5400
Tamil Nadu,Salem,Athur(Uzhavar Sandhai ),Guava,Guava Alahabad,Local,30-04-2025,4000,5000,5000
Tamil Nadu,Salem,Athur(Uzhavar Sandhai ),Kakada,Kakada,Local,30-04-2025,24000,25000,25000
Tamil Nadu,Salem,Athur(Uzhavar Sandhai ),Lime,Lime,Local,30-04-2025,2500,3000,3000
Tamil Nadu,Salem,Athur(Uzhavar Sandhai ),Mint(Pudina),Mint(Pudina),Local,30-04-2025,2500,3000,3000
Tamil Nadu,Salem,Athur(Uzhavar Sandhai ),Potato,(Red Nanital),Local,30-04-2025,3500,4500,4500
Tamil Nadu,Salem,Athur(Uzhavar Sandhai ),Raddish,Raddish,Local,30-04-2025,1500,1800,1800
Tamil Nadu,Salem,Athur(Uzhavar Sandhai ),Tamarind Fruit,Tamarind Fruit,Local,30-04-2025,14000,15000,15000
Tamil Nadu,Salem,Athur(Uzhavar Sandhai ),Tapioca,Tapioca,Local,30-04-2025,1500,2000,2000
Tamil Nadu,Salem,Attayampatti(Uzhavar Sandhai ),Green Avare (W),Avare (W),Local,30-04-2025,5600,6000,6000
Tamil Nadu,Salem,Attayampatti(Uzhavar Sandhai ),Mango (Raw-Ripe),Mango - Raw-Ripe,Local,30-04-2025,2500,3000,3000
Tamil Nadu,Salem,Attayampatti(Uzhavar Sandhai ),Mint(Pudina),Mint(Pudina),Local,30-04-2025,2000,2500,2500
Tamil Nadu,Salem,Attayampatti(Uzhavar Sandhai ),Onion Green,Onion Green,Local,30-04-2025,3600,3800,3800
Tamil Nadu,Salem,Attayampatti(Uzhavar Sandhai ),Snakeguard,Snakeguard,Local,30-04-2025,2000,2400,2400
Tamil Nadu,Salem,Edapadi (Uzhavar Sandhai ),Bitter gourd,Bitter Gourd,Local,30-04-2025,3500,4000,4000
Tamil Nadu,Salem,Elampillai(Uzhavar Sandhai ),Banana,Besrai,Local,30-04-2025,4000,8000,8000
Tamil Nadu,Salem,Elampillai(Uzhavar Sandhai ),Beetroot,Beetroot,Local,30-04-2025,3000,6000,6000
Tamil Nadu,Salem,Elampillai(Uzhavar Sandhai ),Bhindi(Ladies Finger),Bhindi,Local,30-04-2025,1800,2000,2000
Tamil Nadu,Salem,Elampillai(Uzhavar Sandhai ),Carrot,Pusakesar,Local,30-04-2025,5000,5400,5400
Tamil Nadu,Salem,Elampillai(Uzhavar Sandhai ),Drumstick,Drumstick,Local,30-04-2025,4000,5000,5000
Tamil Nadu,Salem,Elampillai(Uzhavar Sandhai ),Mango,Safeda,Local,30-04-2025,6000,10000,10000
Tamil Nadu,Salem,Elampillai(Uzhavar Sandhai ),Mint(Pudina),Mint(Pudina),Local,30-04-2025,2500,3000,3000
Tamil Nadu,Salem,Elampillai(Uzhavar Sandhai ),Potato,(Red Nanital),Local,30-04-2025,3000,3600,3600
Tamil Nadu,Salem,Elampillai(Uzhavar Sandhai ),Pumpkin,Pumpkin,Local,30-04-2025,1200,1400,1400
Tamil Nadu,Salem,Elampillai(Uzhavar Sandhai ),Tapioca,Tapioca,Local,30-04-2025,3000,3000,3000
Tamil Nadu,Salem,Elampillai(Uzhavar Sandhai ),Tomato,Deshi,Local,30-04-2025,1000,1300,1300
Tamil Nadu,Salem,Hasthampatti(Uzhavar Sandhai ),Beans,Beans (Whole),Local,30-04-2025,7000,10000,10000
Tamil Nadu,Salem,Hasthampatti(Uzhavar Sandhai ),Bitter gourd,Bitter Gourd,Local,30-04-2025,3800,4000,4000
Tamil Nadu,Salem,Hasthampatti(Uzhavar Sandhai ),Brinjal,Round,Local,30-04-2025,1400,1600,1600
Tamil Nadu,Salem,Hasthampatti(Uzhavar Sandhai ),Cabbage,Cabbage,Local,30-04-2025,2400,3000,3000
Tamil Nadu,Salem,Hasthampatti(Uzhavar Sandhai ),Capsicum,Capsicum,Local,30-04-2025,6000,6400,6400
Tamil Nadu,Salem,Hasthampatti(Uzhavar Sandhai ),Cauliflower,Ranchi,Local,30-04-2025,2000,2500,2500
Tamil Nadu,Salem,Hasthampatti(Uzhavar Sandhai ),Cluster beans,Cluster Beans,Local,30-04-2025,3000,3000,3000
Tamil Nadu,Salem,Hasthampatti(Uzhavar Sandhai ),Coriander(Leaves),I Sort,Local,30-04-2025,4500,4800,4800
Tamil Nadu,Salem,Hasthampatti(Uzhavar Sandhai ),Tamarind Fruit,Tamarind Fruit,Local,30-04-2025,12000,15000,15000
Tamil Nadu,Salem,Jalagandapuram(Uzhavar Sandhai ),Cabbage,Cabbage,Local,30-04-2025,2500,3000,3000
Tamil Nadu,Salem,Jalagandapuram(Uzhavar Sandhai ),Coriander(Leaves),I Sort,Local,30-04-2025,2000,2500,2500
Tamil Nadu,Salem,Jalagandapuram(Uzhavar Sandhai ),Jasmine,Jasmine,Local,30-04-2025,28000,30000,30000
Tamil Nadu,Salem,Jalagandapuram(Uzhavar Sandhai ),Lime,Lime,Local,30-04-2025,2800,3000,3000
Tamil Nadu,Salem,Jalagandapuram(Uzhavar Sandhai ),Onion Green,Onion Green,Local,30-04-2025,3500,3800,3800
Tamil Nadu,Salem,Jalagandapuram(Uzhavar Sandhai ),Papaya,Papaya,Local,30-04-2025,2500,3000,3000
Tamil Nadu,Salem,Jalagandapuram(Uzhavar Sandhai ),Ridgeguard(Tori),Ridgeguard(Tori),Local,30-04-2025,3600,4000,4000
Tamil Nadu,Salem,Mettur(Uzhavar Sandhai ),Beans,Beans (Whole),Local,30-04-2025,8000,8500,8500
Tamil Nadu,Salem,Mettur(Uzhavar Sandhai ),Bitter gourd,Bitter Gourd,Local,30-04-2025,3600,4000,4000
Tamil Nadu,Salem,Mettur(Uzhavar Sandhai ),Capsicum,Capsicum,Local,30-04-2025,6000,6000,6000
Tamil Nadu,Salem,Mettur(Uzhavar Sandhai ),Carrot,Pusakesar,Local,30-04-2025,5000,5000,5000
Tamil Nadu,Salem,Mettur(Uzhavar Sandhai ),Green Chilli,Green Chilly,Local,30-04-2025,2500,3000,3000
Tamil Nadu,Salem,Mettur(Uzhavar Sandhai ),Karbuja(Musk Melon),Karbhuja,Local,30-04-2025,2000,2500,2500
Tamil Nadu,Salem,Mettur(Uzhavar Sandhai ),Mango,Safeda,Local,30-04-2025,8000,12000,12000
Tamil Nadu,Salem,Mettur(Uzhavar Sandhai ),Mint(Pudina),Mint(Pudina),Local,30-04-2025,2500,2500,2500
Tamil Nadu,Salem,Mettur(Uzhavar Sandhai ),Onion,Bellary,Local,30-04-2025,2500,3000,3000
Tamil Nadu,Salem,Sooramangalam(Uzhavar Sandhai ),Cluster beans,Cluster Beans,Local,30-04-2025,2800,3000,3000
Tamil Nadu,Salem,Sooramangalam(Uzhavar Sandhai ),Drumstick,Drumstick,Local,30-04-2025,4000,5000,5000
Tamil Nadu,Salem,Sooramangalam(Uzhavar Sandhai ),Green Chilli,Green Chilly,Local,30-04-2025,3000,3000,3000
Tamil Nadu,Salem,Sooramangalam(Uzhavar Sandhai ),Mashrooms,Mashrooms,Local,30-04-2025,2000,2500,2500
Tamil Nadu,Salem,Sooramangalam(Uzhavar Sandhai ),Ridgeguard(Tori),Ridgeguard(Tori),Local,30-04-2025,3800,4000,4000
Tamil Nadu,Salem,Thammampatti (Uzhavar Sandhai ),Beans,Beans (Whole),Local,30-04-2025,5600,6000,6000
Tamil Nadu,Salem,Thammampatti (Uzhavar Sandhai ),Cabbage,Cabbage,Local,30-04-2025,1500,2000,2000
Tamil Nadu,Salem,Thammampatti (Uzhavar Sandhai ),Chow Chow,Chow Chow,Local,30-04-2025,2600,3000,3000
Tamil Nadu,Salem,Thammampatti (Uzhavar Sandhai ),Coconut,Coconut,Local,30-04-2025,5500,6000,6000
Tamil Nadu,Salem,Thammampatti (Uzhavar Sandhai ),Coriander(Leaves),I Sort,Local,30-04-2025,2500,3000,3000
Tamil Nadu,Salem,Thammampatti (Uzhavar Sandhai ),Green Chilli,Green Chilly,Local,30-04-2025,3200,3400,3400
Tamil Nadu,Salem,Thammampatti (Uzhavar Sandhai ),Knool Khol,Knool Khol,Local,30-04-2025,5600,6000,6000
Tamil Nadu,Salem,Thammampatti (Uzhavar Sandhai ),Onion,Bellary,Local,30-04-2025,2500,3000,3000
Tamil Nadu,Salem,Thammampatti (Uzhavar Sandhai ),Snakeguard,Snakeguard,Local,30-04-2025,1600,2000,2000
Tamil Nadu,Salem,Thathakapatti(Uzhavar Sandhai ),Ashgourd,Gouard,Local,30-04-2025,1200,1400,1400
Tamil Nadu,Salem,Thathakapatti(Uzhavar Sandhai ),Beans,Beans (Whole),Local,30-04-2025,7000,10000,10000
Tamil Nadu,Salem,Thathakapatti(Uzhavar Sandhai ),Bottle gourd,Bottle Gourd,Local,30-04-2025,1400,1800,1800
Tamil Nadu,Salem,Thathakapatti(Uzhavar Sandhai ),Brinjal,Round,Local,30-04-2025,1200,1600,1600
Tamil Nadu,Salem,Thathakapatti(Uzhavar Sandhai ),Carrot,Pusakesar,Local,30-04-2025,4600,5000,5000
Tamil Nadu,Salem,Thathakapatti(Uzhavar Sandhai ),Chow Chow,Chow Chow,Local,30-04-2025,2600,3000,3000
Tamil Nadu,Salem,Thathakapatti(Uzhavar Sandhai ),Cluster beans,Cluster Beans,Local,30-04-2025,2600,3000,3000
Tamil Nadu,Salem,Thathakapatti(Uzhavar Sandhai ),Coriander(Leaves),I Sort,Local,30-04-2025,3500,4000,4000
Tamil Nadu,Salem,Thathakapatti(Uzhavar Sandhai ),Groundnut,Big (With Shell),Local,30-04-2025,6000,7000,7000
Tamil Nadu,Salem,Thathakapatti(Uzhavar Sandhai ),Lemon,Lemon,Local,30-04-2025,7000,8000,8000
Tamil Nadu,Salem,Thathakapatti(Uzhavar Sandhai ),Maize,Deshi Red,Local,30-04-2025,1500,2000,2000
Tamil Nadu,Salem,Thathakapatti(Uzhavar Sandhai ),Marigold(Calcutta),Marigold(Calcutta),Local,30-04-2025,15000,20000,20000
Tamil Nadu,Salem,Thathakapatti(Uzhavar Sandhai ),Mashrooms,Mashrooms,Local,30-04-2025,2500,3000,3000
Tamil Nadu,Salem,Thathakapatti(Uzhavar Sandhai ),Mint(Pudina),Mint(Pudina),Local,30-04-2025,2000,2500,2500
Tamil Nadu,Salem,Thathakapatti(Uzhavar Sandhai ),Mousambi(Sweet Lime),Mousambi,Local,30-04-2025,3500,4000,4000
Tamil Nadu,Salem,Thathakapatti(Uzhavar Sandhai ),Papaya,Papaya,Local,30-04-2025,3500,4000,4000
Tamil Nadu,Salem,Thathakapatti(Uzhavar Sandhai ),Ridgeguard(Tori),Ridgeguard(Tori),Local,30-04-2025,3500,4000,4000
Tamil Nadu,Sivaganga,Karaikudi(Uzhavar Sandhai ),Amaranthus,Amaranthus,Local,30-04-2025,3500,4000,4000
Tamil Nadu,Sivaganga,Karaikudi(Uzhavar Sandhai ),Drumstick,Drumstick,Local,30-04-2025,3500,6500,6500
Tamil Nadu,Sivaganga,Karaikudi(Uzhavar Sandhai ),Elephant Yam (Suran),Elephant Yam (Suran),Local,30-04-2025,6500,7500,7500
Tamil Nadu,Sivaganga,Karaikudi(Uzhavar Sandhai ),Knool Khol,Knool Khol,Local,30-04-2025,4500,5500,5500
Tamil Nadu,Sivaganga,Karaikudi(Uzhavar Sandhai ),Onion Green,Onion Green,Local,30-04-2025,4000,5000,5000
Tamil Nadu,Sivaganga,Karaikudi(Uzhavar Sandhai ),Potato,(Red Nanital),Local,30-04-2025,3600,4000,4000
Tamil Nadu,Sivaganga,Karaikudi(Uzhavar Sandhai ),Raddish,Raddish,Local,30-04-2025,2400,2800,2800
Tamil Nadu,Sivaganga,Singampunari(Uzhavar Sandhai ),Ashgourd,Gouard,Local,30-04-2025,1500,1800,1800
Tamil Nadu,Sivaganga,Singampunari(Uzhavar Sandhai ),Banana - Green,Banana - Green,Local,30-04-2025,2500,2500,2500
Tamil Nadu,Sivaganga,Singampunari(Uzhavar Sandhai ),Bitter gourd,Bitter Gourd,Local,30-04-2025,4000,4500,4500
Tamil Nadu,Sivaganga,Singampunari(Uzhavar Sandhai ),Coconut,Coconut,Local,30-04-2025,6800,7000,7000
Tamil Nadu,Sivaganga,Singampunari(Uzhavar Sandhai ),Ginger(Green),Green Ginger,Local,30-04-2025,6200,7000,7000
Tamil Nadu,Sivaganga,Singampunari(Uzhavar Sandhai ),Onion,Bellary,Local,30-04-2025,3000,3200,3200
Tamil Nadu,Sivaganga,Singampunari(Uzhavar Sandhai ),Onion Green,Onion Green,Local,30-04-2025,4500,5000,5000
Tamil Nadu,Sivaganga,Singampunari(Uzhavar Sandhai ),Raddish,Raddish,Local,30-04-2025,2500,2500,2500
Tamil Nadu,Sivaganga,Singampunari(Uzhavar Sandhai ),Ridgeguard(Tori),Ridgeguard(Tori),Local,30-04-2025,4000,4500,4500
Tamil Nadu,Sivaganga,Singampunari(Uzhavar Sandhai ),Water Melon,Water Melon,Local,30-04-2025,2000,2500,2500
Tamil Nadu,Sivaganga,Sivagangai (Uzhavar Sandhai ),Ashgourd,Gouard,Local,30-04-2025,1600,1800,1800
Tamil Nadu,Sivaganga,Sivagangai (Uzhavar Sandhai ),Beans,Beans (Whole),Local,30-04-2025,4600,5200,5200
Tamil Nadu,Sivaganga,Sivagangai (Uzhavar Sandhai ),Brinjal,Round,Local,30-04-2025,3800,4200,4200
Tamil Nadu,Sivaganga,Sivagangai (Uzhavar Sandhai ),Guava,Guava Alahabad,Local,30-04-2025,8200,9200,9200
Tamil Nadu,Sivaganga,Sivagangai (Uzhavar Sandhai ),Lime,Lime,Local,30-04-2025,15000,16000,16000
Tamil Nadu,Sivaganga,Sivagangai (Uzhavar Sandhai ),Onion Green,Onion Green,Local,30-04-2025,4200,4600,4600
Tamil Nadu,Sivaganga,Sivagangai (Uzhavar Sandhai ),Tomato,Deshi,Local,30-04-2025,1800,2000,2000
Tamil Nadu,Sivaganga,Tirupatthur(Uzhavar Sandhai ),Ashgourd,Gouard,Local,30-04-2025,1800,2000,2000
Tamil Nadu,Sivaganga,Tirupatthur(Uzhavar Sandhai ),Beetroot,Beetroot,Local,30-04-2025,2800,3800,3800
Tamil Nadu,Sivaganga,Tirupatthur(Uzhavar Sandhai ),Chow Chow,Chow Chow,Local,30-04-2025,2000,2200,2200
Tamil Nadu,Sivaganga,Tirupatthur(Uzhavar Sandhai ),Coriander(Leaves),I Sort,Local,30-04-2025,6500,7000,7000
Tamil Nadu,Sivaganga,Tirupatthur(Uzhavar Sandhai ),Green Avare (W),Avare (W),Local,30-04-2025,5400,6400,6400
Tamil Nadu,Sivaganga,Tirupatthur(Uzhavar Sandhai ),Snakeguard,Snakeguard,Local,30-04-2025,4000,4800,4800
Tamil Nadu,Thanjavur,Papanasam(Uzhavar Sandhai ),Banana,Besrai,Local,30-04-2025,4000,6000,6000
Tamil Nadu,Thanjavur,Papanasam(Uzhavar Sandhai ),Banana - Green,Banana - Green,Local,30-04-2025,4000,4000,4000
Tamil Nadu,Thanjavur,Papanasam(Uzhavar Sandhai ),Beans,Beans (Whole),Local,30-04-2025,7000,7000,7000
Tamil Nadu,Thanjavur,Papanasam(Uzhavar Sandhai ),Cabbage,Cabbage,Local,30-04-2025,2000,2000,2000
Tamil Nadu,Thanjavur,Papanasam(Uzhavar Sandhai ),Colacasia,Colacasia,Local,30-04-2025,8000,8000,8000
Tamil Nadu,Thanjavur,Papanasam(Uzhavar Sandhai ),Jack Fruit,Jack Fruit,Local,30-04-2025,3500,3500,3500
Tamil Nadu,Thanjavur,Pattukottai(Uzhavar Sandhai ),Amaranthus,Amaranthus,Local,30-04-2025,2000,2000,2000
Tamil Nadu,Thanjavur,Pattukottai(Uzhavar Sandhai ),Ashgourd,Gouard,Local,30-04-2025,2200,2200,2200
Tamil Nadu,Thanjavur,Pattukottai(Uzhavar Sandhai ),Cluster beans,Cluster Beans,Local,30-04-2025,4000,4000,4000
Tamil Nadu,Thanjavur,Pattukottai(Uzhavar Sandhai ),Coriander(Leaves),I Sort,Local,30-04-2025,3500,3500,3500
Tamil Nadu,Thanjavur,Pattukottai(Uzhavar Sandhai ),Green Chilli,Green Chilly,Local,30-04-2025,3400,3400,3400
Tamil Nadu,Thanjavur,Pattukottai(Uzhavar Sandhai ),Mango (Raw-Ripe),Mango - Raw-Ripe,Local,30-04-2025,3000,4000,4000
Tamil Nadu,Thanjavur,Pattukottai(Uzhavar Sandhai ),Snakeguard,Snakeguard,Local,30-04-2025,3400,3400,3400
Tamil Nadu,Thanjavur,Thanjavur(Uzhavar Sandhai ),Amaranthus,Amaranthus,Local,30-04-2025,2000,2000,2000
Tamil Nadu,Thanjavur,Thanjavur(Uzhavar Sandhai ),Ashgourd,Gouard,Local,30-04-2025,1600,1600,1600
Tamil Nadu,Thanjavur,Thanjavur(Uzhavar Sandhai ),Beetroot,Beetroot,Local,30-04-2025,2400,2400,2400
Tamil Nadu,Thanjavur,Thanjavur(Uzhavar Sandhai ),Bitter gourd,Bitter Gourd,Local,30-04-2025,2400,3400,3400
Tamil Nadu,Thanjavur,Thanjavur(Uzhavar Sandhai ),Cluster beans,Cluster Beans,Local,30-04-2025,3000,3000,3000
Tamil Nadu,Thanjavur,Thanjavur(Uzhavar Sandhai ),Coconut,Coconut,Local,30-04-2025,6000,6000,6000
Tamil Nadu,Thanjavur,Thanjavur(Uzhavar Sandhai ),Grapes,Annabesahai,Local,30-04-2025,10000,10000,10000
Tamil Nadu,Thanjavur,Thanjavur(Uzhavar Sandhai ),Guava,Guava Alahabad,Local,30-04-2025,10000,10000,10000
Tamil Nadu,Thanjavur,Thanjavur(Uzhavar Sandhai ),Mango (Raw-Ripe),Mango - Raw-Ripe,Local,30-04-2025,3000,3000,3000
Tamil Nadu,Thanjavur,Thanjavur(Uzhavar Sandhai ),Marigold(Calcutta),Marigold(Calcutta),Local,30-04-2025,24000,24000,24000
Tamil Nadu,Thanjavur,Thanjavur(Uzhavar Sandhai ),Pineapple,Pine Apple,Local,30-04-2025,8000,8000,8000
Tamil Nadu,Thanjavur,Thanjavur(Uzhavar Sandhai ),Pomegranate,Pomogranate,Local,30-04-2025,20000,20000,20000
Tamil Nadu,Thanjavur,Thanjavur(Uzhavar Sandhai ),Tomato,Deshi,Local,30-04-2025,1600,1600,1600
Tamil Nadu,The Nilgiris,Gudalur(Uzhavar Sandhai ),Bitter gourd,Bitter Gourd,Local,30-04-2025,3500,4000,4000
Tamil Nadu,The Nilgiris,Gudalur(Uzhavar Sandhai ),Brinjal,Round,Local,30-04-2025,3000,3500,3500
Tamil Nadu,The Nilgiris,Gudalur(Uzhavar Sandhai ),Ginger(Green),Green Ginger,Local,30-04-2025,4500,5000,5000
Tamil Nadu,The Nilgiris,Gudalur(Uzhavar Sandhai ),Green Avare (W),Avare (W),Local,30-04-2025,5500,6000,6000
Tamil Nadu,The Nilgiris,Gudalur(Uzhavar Sandhai ),Mango (Raw-Ripe),Mango - Raw-Ripe,Local,30-04-2025,2500,3000,3000
Tamil Nadu,The Nilgiris,Gudalur(Uzhavar Sandhai ),Potato,(Red Nanital),Local,30-04-2025,3500,4000,4000
Tamil Nadu,The Nilgiris,Gudalur(Uzhavar Sandhai ),Snakeguard,Snakeguard,Local,30-04-2025,2500,3000,3000
Tamil Nadu,The Nilgiris,Gudalur(Uzhavar Sandhai ),Tapioca,Tapioca,Local,30-04-2025,3000,3500,3500
Tamil Nadu,The Nilgiris,Udhagamandalam(Uzhavar Sandhai ),Amaranthus,Amaranthus,Local,30-04-2025,5000,6000,6000
Tamil Nadu,The Nilgiris,Udhagamandalam(Uzhavar Sandhai ),Capsicum,Capsicum,Local,30-04-2025,5000,6000,6000
Tamil Nadu,The Nilgiris,Udhagamandalam(Uzhavar Sandhai ),Cauliflower,Ranchi,Local,30-04-2025,3000,3500,3500
Tamil Nadu,The Nilgiris,Udhagamandalam(Uzhavar Sandhai ),Chow Chow,Chow Chow,Local,30-04-2025,2000,2500,2500
Tamil Nadu,The Nilgiris,Udhagamandalam(Uzhavar Sandhai ),Elephant Yam (Suran),Elephant Yam (Suran),Local,30-04-2025,6000,7000,7000
Tamil Nadu,The Nilgiris,Udhagamandalam(Uzhavar Sandhai ),Garlic,Average,Local,30-04-2025,7000,8000,8000
Tamil Nadu,The Nilgiris,Udhagamandalam(Uzhavar Sandhai ),Green Avare (W),Avare (W),Local,30-04-2025,5000,6000,6000
Tamil Nadu,The Nilgiris,Udhagamandalam(Uzhavar Sandhai ),Mousambi(Sweet Lime),Mousambi,Local,30-04-2025,7000,8000,8000
Tamil Nadu,The Nilgiris,Udhagamandalam(Uzhavar Sandhai ),Orange,Darjeeling,Local,30-04-2025,8000,11000,11000
Tamil Nadu,The Nilgiris,Udhagamandalam(Uzhavar Sandhai ),Pumpkin,Pumpkin,Local,30-04-2025,1500,1800,1800
Tamil Nadu,The Nilgiris,Udhagamandalam(Uzhavar Sandhai ),Turnip,Turnip,Local,30-04-2025,2000,2500,2500
Tamil Nadu,Theni,Bodinayakanur(Uzhavar Sandhai ),Bhindi(Ladies Finger),Bhindi,Local,30-04-2025,1600,2000,2000
Tamil Nadu,Theni,Bodinayakanur(Uzhavar Sandhai ),Brinjal,Round,Local,30-04-2025,1700,2000,2000
Tamil Nadu,Theni,Bodinayakanur(Uzhavar Sandhai ),Coriander(Leaves),I Sort,Local,30-04-2025,5000,5000,5000
Tamil Nadu,Theni,Bodinayakanur(Uzhavar Sandhai ),Drumstick,Drumstick,Local,30-04-2025,3500,4000,4000
Tamil Nadu,Theni,Bodinayakanur(Uzhavar Sandhai ),Onion,Bellary,Local,30-04-2025,2300,2600,2600
Tamil Nadu,Theni,Bodinayakanur(Uzhavar Sandhai ),Potato,(Red Nanital),Local,30-04-2025,3400,3700,3700
Tamil Nadu,Theni,Chinnamanur(Uzhavar Sandhai ),Banana - Green,Banana - Green,Local,30-04-2025,2400,2400,2400
Tamil Nadu,Theni,Chinnamanur(Uzhavar Sandhai ),Bitter gourd,Bitter Gourd,Local,30-04-2025,4200,4200,4200
Tamil Nadu,Theni,Chinnamanur(Uzhavar Sandhai ),Brinjal,Round,Local,30-04-2025,2000,2000,2000
Tamil Nadu,Theni,Chinnamanur(Uzhavar Sandhai ),Carrot,Pusakesar,Local,30-04-2025,3000,3000,3000
Tamil Nadu,Theni,Chinnamanur(Uzhavar Sandhai ),Coriander(Leaves),I Sort,Local,30-04-2025,5000,5000,5000
Tamil Nadu,Theni,Chinnamanur(Uzhavar Sandhai ),Garlic,Average,Local,30-04-2025,8000,22000,22000
Tamil Nadu,Theni,Chinnamanur(Uzhavar Sandhai ),Snakeguard,Snakeguard,Local,30-04-2025,2400,2400,2400
Tamil Nadu,Theni,Devaram(Uzhavar Sandhai ),Banana,Besrai,Local,30-04-2025,4000,4000,4000
Tamil Nadu,Theni,Devaram(Uzhavar Sandhai ),Bhindi(Ladies Finger),Bhindi,Local,30-04-2025,2500,2500,2500
Tamil Nadu,Theni,Devaram(Uzhavar Sandhai ),Cabbage,Cabbage,Local,30-04-2025,1500,1500,1500
Tamil Nadu,Theni,Devaram(Uzhavar Sandhai ),Coriander(Leaves),I Sort,Local,30-04-2025,5000,5000,5000
Tamil Nadu,Theni,Devaram(Uzhavar Sandhai ),Knool Khol,Knool Khol,Local,30-04-2025,3000,3000,3000
Tamil Nadu,Theni,Kambam(Uzhavar Sandhai ),Beetroot,Beetroot,Local,30-04-2025,1500,2000,2000
Tamil Nadu,Theni,Kambam(Uzhavar Sandhai ),Cabbage,Cabbage,Local,30-04-2025,1500,1500,1500
Tamil Nadu,Theni,Kambam(Uzhavar Sandhai ),Cauliflower,Ranchi,Local,30-04-2025,1200,2000,2000
Tamil Nadu,Theni,Kambam(Uzhavar Sandhai ),Green Chilli,Green Chilly,Local,30-04-2025,2600,3000,3000
Tamil Nadu,Theni,Kambam(Uzhavar Sandhai ),Knool Khol,Knool Khol,Local,30-04-2025,3000,3000,3000
Tamil Nadu,Theni,Kambam(Uzhavar Sandhai ),Mango,Safeda,Local,30-04-2025,5000,10000,10000
Tamil Nadu,Theni,Kambam(Uzhavar Sandhai ),Onion,Bellary,Local,30-04-2025,2400,2400,2400
Tamil Nadu,Theni,Kambam(Uzhavar Sandhai ),Onion Green,Onion Green,Local,30-04-2025,2800,3200,3200
Tamil Nadu,Theni,Kambam(Uzhavar Sandhai ),Raddish,Raddish,Local,30-04-2025,1800,1800,1800
Tamil Nadu,Theni,Kambam(Uzhavar Sandhai ),Thondekai,Thondekai,Local,30-04-2025,1200,1200,1200
Tamil Nadu,Theni,Periyakulam(Uzhavar Sandhai ),Coconut,Coconut,Local,30-04-2025,5800,5800,5800
Tamil Nadu,Theni,Periyakulam(Uzhavar Sandhai ),Knool Khol,Knool Khol,Local,30-04-2025,3200,3400,3400
Tamil Nadu,Theni,Periyakulam(Uzhavar Sandhai ),Pumpkin,Pumpkin,Local,30-04-2025,1200,1400,1400
Tamil Nadu,Theni,Theni(Uzhavar Sandhai ),Banana,Besrai,Local,30-04-2025,4000,6000,6000
Tamil Nadu,Theni,Theni(Uzhavar Sandhai ),Drumstick,Drumstick,Local,30-04-2025,1000,3800,3800
Tamil Nadu,Theni,Theni(Uzhavar Sandhai ),Knool Khol,Knool Khol,Local,30-04-2025,3400,3400,3400
Tamil Nadu,Theni,Theni(Uzhavar Sandhai ),Mango,Safeda,Local,30-04-2025,4000,10000,10000
Tamil Nadu,Theni,Theni(Uzhavar Sandhai ),Mint(Pudina),Mint(Pudina),Local,30-04-2025,3000,3000,3000
Tamil Nadu,Theni,Theni(Uzhavar Sandhai ),Sweet Potato,Hosur Red,Local,30-04-2025,3500,3500,3500
Tamil Nadu,Thiruchirappalli,Lalgudi(Uzhavar Sandhai ),Beans,Beans (Whole),Local,30-04-2025,8000,8000,8000
Tamil Nadu,Thiruchirappalli,Lalgudi(Uzhavar Sandhai ),Bitter gourd,Bitter Gourd,Local,30-04-2025,4000,4000,4000
Tamil Nadu,Thiruchirappalli,Lalgudi(Uzhavar Sandhai ),Cowpea(Veg),Cowpea (Veg),Local,30-04-2025,3000,3000,3000
Tamil Nadu,Thiruchirappalli,Lalgudi(Uzhavar Sandhai ),Guava,Guava Alahabad,Local,30-04-2025,5000,5000,5000
Tamil Nadu,Thiruchirappalli,Lalgudi(Uzhavar Sandhai ),Potato,(Red Nanital),Local,30-04-2025,3600,3600,3600
Tamil Nadu,Thiruchirappalli,Manachanallur(Uzhavar Sandhai ),Amaranthus,Amaranthus,Local,30-04-2025,2000,2000,2000
Tamil Nadu,Thiruchirappalli,Manachanallur(Uzhavar Sandhai ),Beetroot,Beetroot,Local,30-04-2025,2600,2600,2600
Tamil Nadu,Thiruchirappalli,Manachanallur(Uzhavar Sandhai ),Bitter gourd,Bitter Gourd,Local,30-04-2025,3600,3600,3600
Tamil Nadu,Thiruchirappalli,Manachanallur(Uzhavar Sandhai ),Cluster beans,Cluster Beans,Local,30-04-2025,3000,3000,3000
Tamil Nadu,Thiruchirappalli,Manachanallur(Uzhavar Sandhai ),Cowpea(Veg),Cowpea (Veg),Local,30-04-2025,3000,3000,3000
Tamil Nadu,Thiruchirappalli,Manachanallur(Uzhavar Sandhai ),Green Avare (W),Avare (W),Local,30-04-2025,4600,4600,4600
Tamil Nadu,Thiruchirappalli,Manachanallur(Uzhavar Sandhai ),Potato,(Red Nanital),Local,30-04-2025,3000,3000,3000
Tamil Nadu,Thiruchirappalli,Manapparai(Uzhavar Sandhai ),Banana - Green,Banana - Green,Local,30-04-2025,3000,3000,3000
Tamil Nadu,Thiruchirappalli,Manapparai(Uzhavar Sandhai ),Carrot,Pusakesar,Local,30-04-2025,4000,4000,4000
Tamil Nadu,Thiruchirappalli,Manapparai(Uzhavar Sandhai ),Grapes,Annabesahai,Local,30-04-2025,7000,7000,7000
Tamil Nadu,Thiruchirappalli,Manapparai(Uzhavar Sandhai ),Green Peas,Green Peas,Local,30-04-2025,10000,10000,10000
Tamil Nadu,Thiruchirappalli,Manapparai(Uzhavar Sandhai ),Knool Khol,Knool Khol,Local,30-04-2025,4000,4000,4000
Tamil Nadu,Thiruchirappalli,Manapparai(Uzhavar Sandhai ),Lemon,Lemon,Local,30-04-2025,13000,13000,13000
Tamil Nadu,Thiruchirappalli,Manapparai(Uzhavar Sandhai ),Onion,Bellary,Local,30-04-2025,2600,3000,3000
Tamil Nadu,Thiruchirappalli,Musiri(Uzhavar Sandhai ),Cabbage,Cabbage,Local,30-04-2025,1000,1800,1800
Tamil Nadu,Thiruchirappalli,Musiri(Uzhavar Sandhai ),Mango (Raw-Ripe),Mango - Raw-Ripe,Local,30-04-2025,2500,3000,3000
Tamil Nadu,Thiruchirappalli,Musiri(Uzhavar Sandhai ),Raddish,Raddish,Local,30-04-2025,2000,2600,2600
Tamil Nadu,Thiruchirappalli,Musiri(Uzhavar Sandhai ),Snakeguard,Snakeguard,Local,30-04-2025,2500,3000,3000
Tamil Nadu,Thiruchirappalli,Musiri(Uzhavar Sandhai ),Sweet Potato,Hosur Red,Local,30-04-2025,3000,3500,3500
Tamil Nadu,Thiruchirappalli,Thuraiyur,Amaranthus,Amaranthus,Local,30-04-2025,1000,1500,1500
Tamil Nadu,Thiruchirappalli,Thuraiyur,Banana - Green,Banana - Green,Local,30-04-2025,2000,2500,2500
Tamil Nadu,Thiruchirappalli,Thuraiyur,Beans,Beans (Whole),Local,30-04-2025,5600,7600,7600
Tamil Nadu,Thiruchirappalli,Thuraiyur,Bitter gourd,Bitter Gourd,Local,30-04-2025,3000,3600,3600
Tamil Nadu,Thiruchirappalli,Thuraiyur,Coriander(Leaves),I Sort,Local,30-04-2025,3500,3500,3500
Tamil Nadu,Thiruchirappalli,Thuraiyur,Elephant Yam (Suran),Elephant Yam (Suran),Local,30-04-2025,6000,6000,6000
Tamil Nadu,Thiruchirappalli,Thuraiyur,Green Chilli,Green Chilly,Local,30-04-2025,2600,2600,2600
Tamil Nadu,Thiruchirappalli,Thuraiyur,Papaya,Papaya,Local,30-04-2025,3000,3000,3000
Tamil Nadu,Thiruchirappalli,Thuraiyur,Ridgeguard(Tori),Ridgeguard(Tori),Local,30-04-2025,3000,3600,3600
Tamil Nadu,Thiruchirappalli,Thuraiyur,Tapioca,Tapioca,Local,30-04-2025,3000,3000,3000
Tamil Nadu,Thiruchirappalli,Thuraiyur,Tomato,Deshi,Local,30-04-2025,1800,1800,1800
Tamil Nadu,Thirunelveli,Ambasamudram(Uzhavar Sandhai ),Onion Green,Onion Green,Local,30-04-2025,3300,3800,3800
Tamil Nadu,Thirunelveli,Melapalayam(Uzhavar Sandhai ),Ashgourd,Gouard,Local,30-04-2025,800,1000,1000
Tamil Nadu,Thirunelveli,Melapalayam(Uzhavar Sandhai ),Bhindi(Ladies Finger),Bhindi,Local,30-04-2025,2000,2200,2200
Tamil Nadu,Thirunelveli,Melapalayam(Uzhavar Sandhai ),Elephant Yam (Suran),Elephant Yam (Suran),Local,30-04-2025,4000,5000,5000
Tamil Nadu,Thirunelveli,Melapalayam(Uzhavar Sandhai ),Onion,Bellary,Local,30-04-2025,2000,2300,2300
Tamil Nadu,Thirunelveli,Melapalayam(Uzhavar Sandhai ),Onion Green,Onion Green,Local,30-04-2025,3200,4000,4000
Tamil Nadu,Thirunelveli,Melapalayam(Uzhavar Sandhai ),Tomato,Deshi,Local,30-04-2025,1800,2000,2000
Tamil Nadu,Thirunelveli,Palayamkottai(Uzhavar Sandhai ),Ashgourd,Gouard,Local,30-04-2025,800,1000,1000
Tamil Nadu,Thirunelveli,Palayamkottai(Uzhavar Sandhai ),Beetroot,Beetroot,Local,30-04-2025,2000,3000,3000
Tamil Nadu,Thirunelveli,Palayamkottai(Uzhavar Sandhai ),Bitter gourd,Bitter Gourd,Local,30-04-2025,3500,8000,8000
Tamil Nadu,Thirunelveli,Palayamkottai(Uzhavar Sandhai ),Brinjal,Round,Local,30-04-2025,2000,4000,4000
Tamil Nadu,Thirunelveli,Palayamkottai(Uzhavar Sandhai ),Cauliflower,Ranchi,Local,30-04-2025,4200,4400,4400
Tamil Nadu,Thirunelveli,Palayamkottai(Uzhavar Sandhai ),Chikoos(Sapota),Sapota,Local,30-04-2025,4000,5000,5000
Tamil Nadu,Thirunelveli,Palayamkottai(Uzhavar Sandhai ),Cluster beans,Cluster Beans,Local,30-04-2025,1800,2000,2000
Tamil Nadu,Thirunelveli,Palayamkottai(Uzhavar Sandhai ),Ginger(Green),Green Ginger,Local,30-04-2025,3600,3800,3800
Tamil Nadu,Thirunelveli,Palayamkottai(Uzhavar Sandhai ),Green Chilli,Green Chilly,Local,30-04-2025,1800,2200,2200
Tamil Nadu,Thirunelveli,Palayamkottai(Uzhavar Sandhai ),Guava,Guava Alahabad,Local,30-04-2025,6000,8000,8000
Tamil Nadu,Thirunelveli,Palayamkottai(Uzhavar Sandhai ),Mint(Pudina),Mint(Pudina),Local,30-04-2025,3800,4000,4000
Tamil Nadu,Thirunelveli,Palayamkottai(Uzhavar Sandhai ),Pumpkin,Pumpkin,Local,30-04-2025,800,1000,1000
Tamil Nadu,Thirunelveli,Palayamkottai(Uzhavar Sandhai ),Tomato,Deshi,Local,30-04-2025,1800,2000,2000
Tamil Nadu,Thirunelveli,Palayamkottai(Uzhavar Sandhai ),Water Melon,Water Melon,Local,30-04-2025,1500,2000,2000
Tamil Nadu,Thirupathur,Natrampalli(Uzhavar Sandhai ),Amaranthus,Amaranthus,Local,30-04-2025,1500,2000,2000
Tamil Nadu,Thirupathur,Natrampalli(Uzhavar Sandhai ),Banana - Green,Banana - Green,Local,30-04-2025,1500,2000,2000
Tamil Nadu,Thirupathur,Natrampalli(Uzhavar Sandhai ),Beetroot,Beetroot,Local,30-04-2025,2000,3000,3000
Tamil Nadu,Thirupathur,Natrampalli(Uzhavar Sandhai ),Coconut,Coconut,Local,30-04-2025,2000,3000,3000
Tamil Nadu,Thirupathur,Natrampalli(Uzhavar Sandhai ),Cucumbar(Kheera),Cucumbar,Local,30-04-2025,2000,2000,2000
Tamil Nadu,Thirupathur,Natrampalli(Uzhavar Sandhai ),Green Chilli,Green Chilly,Local,30-04-2025,4000,5000,5000
Tamil Nadu,Thirupathur,Natrampalli(Uzhavar Sandhai ),Mango (Raw-Ripe),Mango - Raw-Ripe,Local,30-04-2025,2500,3000,3000
Tamil Nadu,Thirupathur,Natrampalli(Uzhavar Sandhai ),Raddish,Raddish,Local,30-04-2025,1500,2000,2000
Tamil Nadu,Thirupathur,Natrampalli(Uzhavar Sandhai ),Tomato,Deshi,Local,30-04-2025,1000,1200,1200
Tamil Nadu,Thirupathur,Vaniyampadi(Uzhavar Sandhai ),Betal Leaves,Mysore,Local,30-04-2025,5000,5000,5000
Tamil Nadu,Thirupathur,Vaniyampadi(Uzhavar Sandhai ),Bottle gourd,Bottle Gourd,Local,30-04-2025,1000,1000,1000
Tamil Nadu,Thirupathur,Vaniyampadi(Uzhavar Sandhai ),Cabbage,Cabbage,Local,30-04-2025,2000,2000,2000
Tamil Nadu,Thirupathur,Vaniyampadi(Uzhavar Sandhai ),Carrot,Pusakesar,Local,30-04-2025,3000,3000,3000
Tamil Nadu,Thirupathur,Vaniyampadi(Uzhavar Sandhai ),Guava,Guava Alahabad,Local,30-04-2025,5000,5000,5000
Tamil Nadu,Thirupathur,Vaniyampadi(Uzhavar Sandhai ),Mint(Pudina),Mint(Pudina),Local,30-04-2025,2000,2000,2000
Tamil Nadu,Thirupathur,Vaniyampadi(Uzhavar Sandhai ),Tomato,Deshi,Local,30-04-2025,500,800,800
Tamil Nadu,Thirupur,Dharapuram(Uzhavar Sandhai ),Carrot,Pusakesar,Local,30-04-2025,3500,3800,3800
Tamil Nadu,Thirupur,Dharapuram(Uzhavar Sandhai ),Chow Chow,Chow Chow,Local,30-04-2025,2000,2500,2500
Tamil Nadu,Thirupur,Dharapuram(Uzhavar Sandhai ),Coconut,Coconut,Local,30-04-2025,6000,6200,6200
Tamil Nadu,Thirupur,Dharapuram(Uzhavar Sandhai ),Mint(Pudina),Mint(Pudina),Local,30-04-2025,4500,5000,5000
Tamil Nadu,Thirupur,Dharapuram(Uzhavar Sandhai ),Papaya,Papaya,Local,30-04-2025,2000,2500,2500
Tamil Nadu,Thirupur,Dharapuram(Uzhavar Sandhai ),Ridgeguard(Tori),Ridgeguard(Tori),Local,30-04-2025,4000,5000,5000
Tamil Nadu,Thirupur,Dharapuram(Uzhavar Sandhai ),Water Melon,Water Melon,Local,30-04-2025,1000,1200,1200
Tamil Nadu,Thirupur,Kangayam(Uzhavar Sandhai ),Banana,Besrai,Local,30-04-2025,3100,3500,3500
Tamil Nadu,Thirupur,Kangayam(Uzhavar Sandhai ),Cauliflower,Ranchi,Local,30-04-2025,2100,2500,2500
Tamil Nadu,Thirupur,Kangayam(Uzhavar Sandhai ),Coconut,Coconut,Local,30-04-2025,5500,6000,6000
Tamil Nadu,Thirupur,Kangayam(Uzhavar Sandhai ),Onion,Bellary,Local,30-04-2025,2700,3000,3000
Tamil Nadu,Thirupur,Palladam(Uzhavar Sandhai ),Bitter gourd,Bitter Gourd,Local,30-04-2025,5000,6000,6000
Tamil Nadu,Thirupur,Palladam(Uzhavar Sandhai ),Cowpea(Veg),Cowpea (Veg),Local,30-04-2025,2500,3000,3000
Tamil Nadu,Thirupur,Palladam(Uzhavar Sandhai ),Raddish,Raddish,Local,30-04-2025,2000,2500,2500
Tamil Nadu,Thirupur,Palladam(Uzhavar Sandhai ),Tapioca,Tapioca,Local,30-04-2025,2500,3000,3000
Tamil Nadu,Thirupur,Palladam(Uzhavar Sandhai ),Tomato,Deshi,Local,30-04-2025,1000,1500,1500
Tamil Nadu,Thirupur,Tiruppur (South) (Uzhavar Sandhai ),Banana - Green,Banana - Green,Local,30-04-2025,2000,2800,2800
Tamil Nadu,Thirupur,Tiruppur (South) (Uzhavar Sandhai ),Beetroot,Beetroot,Local,30-04-2025,4000,5000,5000
Tamil Nadu,Thirupur,Tiruppur (South) (Uzhavar Sandhai ),Bhindi(Ladies Finger),Bhindi,Local,30-04-2025,3000,3500,3500
Tamil Nadu,Thirupur,Tiruppur (South) (Uzhavar Sandhai ),Green Chilli,Green Chilly,Local,30-04-2025,2000,2500,2500
Tamil Nadu,Thirupur,Tiruppur (South) (Uzhavar Sandhai ),Mango (Raw-Ripe),Mango - Raw-Ripe,Local,30-04-2025,3000,4000,4000
Tamil Nadu,Thirupur,Tiruppur (South) (Uzhavar Sandhai ),Papaya,Papaya,Local,30-04-2025,2500,3000,3000
Tamil Nadu,Thiruvannamalai,Arani(Uzhavar Sandhai ),Amaranthus,Amaranthus,Local,30-04-2025,2500,3000,3000
Tamil Nadu,Thiruvannamalai,Arani(Uzhavar Sandhai ),Brinjal,Round,Local,30-04-2025,2500,3000,3000
Tamil Nadu,Thiruvannamalai,Arani(Uzhavar Sandhai ),Green Avare (W),Avare (W),Local,30-04-2025,4000,4800,4800
Tamil Nadu,Thiruvannamalai,Arani(Uzhavar Sandhai ),Mango,Safeda,Local,30-04-2025,8000,10000,10000
Tamil Nadu,Thiruvannamalai,Arani(Uzhavar Sandhai ),Mint(Pudina),Mint(Pudina),Local,30-04-2025,2500,3000,3000
Tamil Nadu,Thiruvannamalai,Arani(Uzhavar Sandhai ),Onion Green,Onion Green,Local,30-04-2025,4000,5000,5000
Tamil Nadu,Thiruvannamalai,Arani(Uzhavar Sandhai ),Papaya,Papaya,Local,30-04-2025,2500,3000,3000
Tamil Nadu,Thiruvannamalai,Arani(Uzhavar Sandhai ),Tapioca,Tapioca,Local,30-04-2025,2000,2500,2500
Tamil Nadu,Thiruvannamalai,Arani(Uzhavar Sandhai ),Tomato,Deshi,Local,30-04-2025,1200,1500,1500
Tamil Nadu,Thiruvannamalai,Chengam(Uzhavar Sandhai ),Bottle gourd,Bottle Gourd,Local,30-04-2025,1000,1200,1200
Tamil Nadu,Thiruvannamalai,Chengam(Uzhavar Sandhai ),Cluster beans,Cluster Beans,Local,30-04-2025,3600,4000,4000
Tamil Nadu,Thiruvannamalai,Chengam(Uzhavar Sandhai ),Guava,Guava Alahabad,Local,30-04-2025,4500,5000,5000
Tamil Nadu,Thiruvannamalai,Chengam(Uzhavar Sandhai ),Mango (Raw-Ripe),Mango - Raw-Ripe,Local,30-04-2025,3600,4000,4000
Tamil Nadu,Thiruvannamalai,Chengam(Uzhavar Sandhai ),Onion,Bellary,Local,30-04-2025,2500,3000,3000
Tamil Nadu,Thiruvannamalai,Chengam(Uzhavar Sandhai ),Potato,(Red Nanital),Local,30-04-2025,2500,3000,3000
Tamil Nadu,Thiruvannamalai,Chengam(Uzhavar Sandhai ),Raddish,Raddish,Local,30-04-2025,1600,2000,2000
Tamil Nadu,Thiruvannamalai,Cheyyar(Uzhavar Sandhai ),Amaranthus,Amaranthus,Local,30-04-2025,2500,3000,3000
Tamil Nadu,Thiruvannamalai,Cheyyar(Uzhavar Sandhai ),Banana,Besrai,Local,30-04-2025,4000,5000,5000
Tamil Nadu,Thiruvannamalai,Cheyyar(Uzhavar Sandhai ),Bhindi(Ladies Finger),Bhindi,Local,30-04-2025,1500,2000,2000
Tamil Nadu,Thiruvannamalai,Cheyyar(Uzhavar Sandhai ),Drumstick,Drumstick,Local,30-04-2025,2500,3000,3000
Tamil Nadu,Thiruvannamalai,Cheyyar(Uzhavar Sandhai ),Mint(Pudina),Mint(Pudina),Local,30-04-2025,2500,3000,3000
Tamil Nadu,Thiruvannamalai,Cheyyar(Uzhavar Sandhai ),Onion,Bellary,Local,30-04-2025,2000,2500,2500
Tamil Nadu,Thiruvannamalai,Cheyyar(Uzhavar Sandhai ),Pumpkin,Pumpkin,Local,30-04-2025,2000,2500,2500
Tamil Nadu,Thiruvannamalai,Cheyyar(Uzhavar Sandhai ),Ridgeguard(Tori),Ridgeguard(Tori),Local,30-04-2025,2500,3000,3000
Tamil Nadu,Thiruvannamalai,Cheyyar(Uzhavar Sandhai ),Snakeguard,Snakeguard,Local,30-04-2025,1500,2000,2000
Tamil Nadu,Thiruvannamalai,Keelpennathur(Uzhavar Sandhai ),Beetroot,Beetroot,Local,30-04-2025,1500,1800,1800
Tamil Nadu,Thiruvannamalai,Keelpennathur(Uzhavar Sandhai ),Capsicum,Capsicum,Local,30-04-2025,3500,4000,4000
Tamil Nadu,Thiruvannamalai,Keelpennathur(Uzhavar Sandhai ),Colacasia,Colacasia,Local,30-04-2025,4000,5000,5000
Tamil Nadu,Thiruvannamalai,Keelpennathur(Uzhavar Sandhai ),Mint(Pudina),Mint(Pudina),Local,30-04-2025,3500,4000,4000
Tamil Nadu,Thiruvannamalai,Keelpennathur(Uzhavar Sandhai ),Ridgeguard(Tori),Ridgeguard(Tori),Local,30-04-2025,4000,4500,4500
Tamil Nadu,Thiruvannamalai,Polur(Uzhavar Sandhai ),Bhindi(Ladies Finger),Bhindi,Local,30-04-2025,1600,2000,2000
Tamil Nadu,Thiruvannamalai,Polur(Uzhavar Sandhai ),Cauliflower,Ranchi,Local,30-04-2025,1600,2000,2000
Tamil Nadu,Thiruvannamalai,Polur(Uzhavar Sandhai ),Cucumbar(Kheera),Cucumbar,Local,30-04-2025,1600,2000,2000
Tamil Nadu,Thiruvannamalai,Polur(Uzhavar Sandhai ),Drumstick,Drumstick,Local,30-04-2025,2500,3000,3000
Tamil Nadu,Thiruvannamalai,Polur(Uzhavar Sandhai ),Green Chilli,Green Chilly,Local,30-04-2025,2500,3000,3000
Tamil Nadu,Thiruvannamalai,Polur(Uzhavar Sandhai ),Groundnut,Big (With Shell),Local,30-04-2025,4200,5000,5000
Tamil Nadu,Thiruvannamalai,Polur(Uzhavar Sandhai ),Mint(Pudina),Mint(Pudina),Local,30-04-2025,1600,2000,2000
Tamil Nadu,Thiruvannamalai,Polur(Uzhavar Sandhai ),Papaya,Papaya,Local,30-04-2025,2500,3000,3000
Tamil Nadu,Thiruvannamalai,Polur(Uzhavar Sandhai ),Thondekai,Thondekai,Local,30-04-2025,3300,4000,4000
Tamil Nadu,Thiruvannamalai,Tamarainagar(Uzhavar Sandhai ),Cucumbar(Kheera),Cucumbar,Local,30-04-2025,2400,3000,3000
Tamil Nadu,Thiruvannamalai,Tamarainagar(Uzhavar Sandhai ),Groundnut,Big (With Shell),Local,30-04-2025,6000,7000,7000
Tamil Nadu,Thiruvannamalai,Tamarainagar(Uzhavar Sandhai ),Lemon,Lemon,Local,30-04-2025,12000,14000,14000
Tamil Nadu,Thiruvannamalai,Tamarainagar(Uzhavar Sandhai ),Maize,Deshi Red,Local,30-04-2025,2000,2500,2500
Tamil Nadu,Thiruvannamalai,Tamarainagar(Uzhavar Sandhai ),Raddish,Raddish,Local,30-04-2025,1600,2000,2000
Tamil Nadu,Thiruvannamalai,Tamarainagar(Uzhavar Sandhai ),Rose(Local),Rose (Local),Local,30-04-2025,18000,20000,20000
Tamil Nadu,Thiruvannamalai,Tamarainagar(Uzhavar Sandhai ),Sweet Potato,Hosur Red,Local,30-04-2025,2000,2500,2500
Tamil Nadu,Thiruvannamalai,Tiruvannamalai(Uzhavar Sandhai ),Colacasia,Colacasia,Local,30-04-2025,4000,4800,4800
Tamil Nadu,Thiruvannamalai,Tiruvannamalai(Uzhavar Sandhai ),Coriander(Leaves),I Sort,Local,30-04-2025,5000,6000,6000
Tamil Nadu,Thiruvannamalai,Tiruvannamalai(Uzhavar Sandhai ),Elephant Yam (Suran),Elephant Yam (Suran),Local,30-04-2025,6000,8000,8000
Tamil Nadu,Thiruvannamalai,Tiruvannamalai(Uzhavar Sandhai ),Fig(Anjura/Anjeer),Anjura,Local,30-04-2025,6000,8000,8000
Tamil Nadu,Thiruvannamalai,Tiruvannamalai(Uzhavar Sandhai ),Green Avare (W),Avare (W),Local,30-04-2025,4800,5600,5600
Tamil Nadu,Thiruvannamalai,Tiruvannamalai(Uzhavar Sandhai ),Groundnut,Big (With Shell),Local,30-04-2025,6000,7000,7000
Tamil Nadu,Thiruvannamalai,Tiruvannamalai(Uzhavar Sandhai ),Jasmine,Jasmine,Local,30-04-2025,20000,25000,25000
Tamil Nadu,Thiruvannamalai,Tiruvannamalai(Uzhavar Sandhai ),Lemon,Lemon,Local,30-04-2025,10000,12000,12000
Tamil Nadu,Thiruvannamalai,Tiruvannamalai(Uzhavar Sandhai ),Orange,Darjeeling,Local,30-04-2025,8000,10000,10000
Tamil Nadu,Thiruvannamalai,Tiruvannamalai(Uzhavar Sandhai ),Papaya,Papaya,Local,30-04-2025,2500,3000,3000
Tamil Nadu,Thiruvannamalai,Tiruvannamalai(Uzhavar Sandhai ),Rose(Local),Rose (Local),Local,30-04-2025,12000,15000,15000
Tamil Nadu,Thiruvannamalai,Tiruvannamalai(Uzhavar Sandhai ),Thondekai,Thondekai,Local,30-04-2025,2400,3000,3000
Tamil Nadu,Thiruvannamalai,Tiruvannamalai(Uzhavar Sandhai ),Tomato,Deshi,Local,30-04-2025,1000,1500,1500
Tamil Nadu,Thiruvannamalai,Vandavasi(Uzhavar Sandhai ),Banana - Green,Banana - Green,Local,30-04-2025,1000,2000,2000
Tamil Nadu,Thiruvannamalai,Vandavasi(Uzhavar Sandhai ),Bitter gourd,Bitter Gourd,Local,30-04-2025,3000,3600,3600
Tamil Nadu,Thiruvannamalai,Vandavasi(Uzhavar Sandhai ),Brinjal,Round,Local,30-04-2025,2000,3000,3000
Tamil Nadu,Thiruvannamalai,Vandavasi(Uzhavar Sandhai ),Raddish,Raddish,Local,30-04-2025,1000,1500,1500
Tamil Nadu,Thiruvannamalai,Vandavasi(Uzhavar Sandhai ),Ridgeguard(Tori),Ridgeguard(Tori),Local,30-04-2025,2000,3000,3000
Tamil Nadu,Thiruvannamalai,Vandavasi(Uzhavar Sandhai ),Snakeguard,Snakeguard,Local,30-04-2025,1000,2000,2000
Tamil Nadu,Thiruvarur,Mannargudi II(Uzhavar Sandhai ),Ashgourd,Gouard,Local,30-04-2025,2000,2000,2000
Tamil Nadu,Thiruvarur,Mannargudi II(Uzhavar Sandhai ),Coconut,Coconut,Local,30-04-2025,6000,6000,6000
Tamil Nadu,Thiruvarur,Mannargudi II(Uzhavar Sandhai ),Mango (Raw-Ripe),Mango - Raw-Ripe,Local,30-04-2025,3000,3000,3000
Tamil Nadu,Thiruvarur,Mannargudi II(Uzhavar Sandhai ),Raddish,Raddish,Local,30-04-2025,2800,2800,2800
Tamil Nadu,Thiruvarur,Needamangalam(Uzhavar Sandhai ),Bhindi(Ladies Finger),Bhindi,Local,30-04-2025,2400,2400,2400
Tamil Nadu,Thiruvarur,Needamangalam(Uzhavar Sandhai ),Brinjal,Round,Local,30-04-2025,2400,2400,2400
Tamil Nadu,Thiruvarur,Needamangalam(Uzhavar Sandhai ),Snakeguard,Snakeguard,Local,30-04-2025,2400,2400,2400
Tamil Nadu,Tuticorin,Kovilpatti(Uzhavar Sandhai ),Beetroot,Beetroot,Local,30-04-2025,2000,2500,2500
Tamil Nadu,Tuticorin,Kovilpatti(Uzhavar Sandhai ),Capsicum,Capsicum,Local,30-04-2025,4500,5000,5000
Tamil Nadu,Tuticorin,Kovilpatti(Uzhavar Sandhai ),Carrot,Pusakesar,Local,30-04-2025,3500,4000,4000
Tamil Nadu,Tuticorin,Kovilpatti(Uzhavar Sandhai ),Coconut,Coconut,Local,30-04-2025,6500,7000,7000
Tamil Nadu,Tuticorin,Kovilpatti(Uzhavar Sandhai ),Drumstick,Drumstick,Local,30-04-2025,3500,4000,4000
Tamil Nadu,Tuticorin,Kovilpatti(Uzhavar Sandhai ),Onion Green,Onion Green,Local,30-04-2025,4500,5000,5000
Tamil Nadu,Tuticorin,Kovilpatti(Uzhavar Sandhai ),Snakeguard,Snakeguard,Local,30-04-2025,2500,3000,3000
Tamil Nadu,Tuticorin,Tuticorin(Uzhavar Sandhai ),Banana,Besrai,Local,30-04-2025,2500,3000,3000
Tamil Nadu,Tuticorin,Tuticorin(Uzhavar Sandhai ),Brinjal,Round,Local,30-04-2025,4500,5000,5000
Tamil Nadu,Tuticorin,Tuticorin(Uzhavar Sandhai ),Carrot,Pusakesar,Local,30-04-2025,3500,4000,4000
Tamil Nadu,Tuticorin,Tuticorin(Uzhavar Sandhai ),Chow Chow,Chow Chow,Local,30-04-2025,2000,2500,2500
Tamil Nadu,Tuticorin,Tuticorin(Uzhavar Sandhai ),Colacasia,Colacasia,Local,30-04-2025,5500,6000,6000
Tamil Nadu,Tuticorin,Tuticorin(Uzhavar Sandhai ),Cucumbar(Kheera),Cucumbar,Local,30-04-2025,2500,3000,3000
Tamil Nadu,Tuticorin,Tuticorin(Uzhavar Sandhai ),Drumstick,Drumstick,Local,30-04-2025,2500,3000,3000
Tamil Nadu,Tuticorin,Tuticorin(Uzhavar Sandhai ),Elephant Yam (Suran),Elephant Yam (Suran),Local,30-04-2025,5500,6000,6000
Tamil Nadu,Tuticorin,Tuticorin(Uzhavar Sandhai ),Maize,Deshi Red,Local,30-04-2025,2500,3000,3000
Tamil Nadu,Tuticorin,Tuticorin(Uzhavar Sandhai ),Tapioca,Tapioca,Local,30-04-2025,3500,4000,4000
Tamil Nadu,Vellore,Gudiyatham(Uzhavar Sandhai ),Beans,Beans (Whole),Local,30-04-2025,4500,4500,4500
Tamil Nadu,Vellore,Gudiyatham(Uzhavar Sandhai ),Carrot,Pusakesar,Local,30-04-2025,3000,3000,3000
Tamil Nadu,Vellore,Gudiyatham(Uzhavar Sandhai ),Chow Chow,Chow Chow,Local,30-04-2025,3600,3600,3600
Tamil Nadu,Vellore,Gudiyatham(Uzhavar Sandhai ),Ginger(Green),Green Ginger,Local,30-04-2025,6000,6000,6000
Tamil Nadu,Vellore,Gudiyatham(Uzhavar Sandhai ),Mashrooms,Mashrooms,Local,30-04-2025,2400,2400,2400
Tamil Nadu,Vellore,Gudiyatham(Uzhavar Sandhai ),Potato,(Red Nanital),Local,30-04-2025,3600,3600,3600
Tamil Nadu,Vellore,Gudiyatham(Uzhavar Sandhai ),Pumpkin,Pumpkin,Local,30-04-2025,1800,1800,1800
Tamil Nadu,Vellore,Gudiyatham(Uzhavar Sandhai ),Rose(Local),Rose (Local),Local,30-04-2025,12000,12000,12000
Tamil Nadu,Vellore,Gudiyatham(Uzhavar Sandhai ),Snakeguard,Snakeguard,Local,30-04-2025,2400,2400,2400
Tamil Nadu,Vellore,Gudiyatham(Uzhavar Sandhai ),Sweet Potato,Hosur Red,Local,30-04-2025,3000,3000,3000
Tamil Nadu,Vellore,Gudiyatham(Uzhavar Sandhai ),Tomato,Deshi,Local,30-04-2025,1200,1400,1400
Tamil Nadu,Vellore,Kahithapattarai(Uzhavar Sandhai ),Beetroot,Beetroot,Local,30-04-2025,2000,2000,2000
Tamil Nadu,Vellore,Kahithapattarai(Uzhavar Sandhai ),Bhindi(Ladies Finger),Bhindi,Local,30-04-2025,1500,1500,1500
Tamil Nadu,Vellore,Kahithapattarai(Uzhavar Sandhai ),Brinjal,Round,Local,30-04-2025,1500,3000,3000
Tamil Nadu,Vellore,Kahithapattarai(Uzhavar Sandhai ),Cauliflower,Ranchi,Local,30-04-2025,2000,2500,2500
Tamil Nadu,Vellore,Kahithapattarai(Uzhavar Sandhai ),Chikoos(Sapota),Sapota,Local,30-04-2025,3000,3000,3000
Tamil Nadu,Vellore,Kahithapattarai(Uzhavar Sandhai ),Colacasia,Colacasia,Local,30-04-2025,4500,4500,4500
Tamil Nadu,Vellore,Kahithapattarai(Uzhavar Sandhai ),Cucumbar(Kheera),Cucumbar,Local,30-04-2025,2000,2000,2000
Tamil Nadu,Vellore,Kahithapattarai(Uzhavar Sandhai ),Drumstick,Drumstick,Local,30-04-2025,3500,3500,3500
Tamil Nadu,Vellore,Kahithapattarai(Uzhavar Sandhai ),Garlic,Average,Local,30-04-2025,11000,11000,11000
Tamil Nadu,Vellore,Kahithapattarai(Uzhavar Sandhai ),Jasmine,Jasmine,Local,30-04-2025,40000,40000,40000
Tamil Nadu,Vellore,Kahithapattarai(Uzhavar Sandhai ),Lemon,Lemon,Local,30-04-2025,10000,12000,12000
Tamil Nadu,Vellore,Kahithapattarai(Uzhavar Sandhai ),Mango,Safeda,Local,30-04-2025,6000,8000,8000
Tamil Nadu,Vellore,Kahithapattarai(Uzhavar Sandhai ),Marigold(Calcutta),Marigold(Calcutta),Local,30-04-2025,11000,11000,11000
Tamil Nadu,Vellore,Kahithapattarai(Uzhavar Sandhai ),Papaya,Papaya,Local,30-04-2025,3000,3500,3500
Tamil Nadu,Vellore,Kahithapattarai(Uzhavar Sandhai ),Sweet Potato,Hosur Red,Local,30-04-2025,3000,3000,3000
Tamil Nadu,Vellore,Kahithapattarai(Uzhavar Sandhai ),Tomato,Deshi,Local,30-04-2025,1500,1500,1500
Tamil Nadu,Vellore,Thirupathur,Brinjal,Round,Local,30-04-2025,2000,2000,2000
Tamil Nadu,Vellore,Thirupathur,Chikoos(Sapota),Sapota,Local,30-04-2025,4000,4000,4000
Tamil Nadu,Vellore,Thirupathur,Cucumbar(Kheera),Cucumbar,Local,30-04-2025,3000,3000,3000
Tamil Nadu,Vellore,Thirupathur,Green Chilli,Green Chilly,Local,30-04-2025,4000,4000,4000
Tamil Nadu,Vellore,Thirupathur,Lemon,Lemon,Local,30-04-2025,8000,8000,8000
Tamil Nadu,Vellore,Thirupathur,Snakeguard,Snakeguard,Local,30-04-2025,1500,1500,1500
Tamil Nadu,Vellore,Thirupathur,Water Melon,Water Melon,Local,30-04-2025,1000,1500,1500
Tamil Nadu,Villupuram,Gingee(Uzhavar Sandhai ),Banana,Besrai,Local,30-04-2025,5000,5000,5000
Tamil Nadu,Villupuram,Gingee(Uzhavar Sandhai ),Bhindi(Ladies Finger),Bhindi,Local,30-04-2025,2500,2500,2500
Tamil Nadu,Villupuram,Gingee(Uzhavar Sandhai ),Bitter gourd,Bitter Gourd,Local,30-04-2025,3500,3500,3500
Tamil Nadu,Villupuram,Gingee(Uzhavar Sandhai ),Cabbage,Cabbage,Local,30-04-2025,2000,2000,2000
Tamil Nadu,Villupuram,Gingee(Uzhavar Sandhai ),Chow Chow,Chow Chow,Local,30-04-2025,3500,3500,3500
Tamil Nadu,Villupuram,Gingee(Uzhavar Sandhai ),Coriander(Leaves),I Sort,Local,30-04-2025,4000,4000,4000
Tamil Nadu,Villupuram,Gingee(Uzhavar Sandhai ),Knool Khol,Knool Khol,Local,30-04-2025,4000,4000,4000
Tamil Nadu,Villupuram,Gingee(Uzhavar Sandhai ),Mint(Pudina),Mint(Pudina),Local,30-04-2025,2000,2000,2000
Tamil Nadu,Villupuram,Gingee(Uzhavar Sandhai ),Raddish,Raddish,Local,30-04-2025,2500,2500,2500
Tamil Nadu,Villupuram,Ulundurpettai,Amaranthus,Amaranthus,Local,30-04-2025,4000,4000,4000
Tamil Nadu,Villupuram,Ulundurpettai,Bhindi(Ladies Finger),Bhindi,Local,30-04-2025,3000,3000,3000
Tamil Nadu,Villupuram,Ulundurpettai,Bitter gourd,Bitter Gourd,Local,30-04-2025,5000,5000,5000
Tamil Nadu,Villupuram,Ulundurpettai,Green Avare (W),Avare (W),Local,30-04-2025,6000,6000,6000
Tamil Nadu,Villupuram,Ulundurpettai,Lemon,Lemon,Local,30-04-2025,9000,9000,9000
Tamil Nadu,Villupuram,Ulundurpettai,Onion,Bellary,Local,30-04-2025,3000,3500,3500
Tamil Nadu,Villupuram,Ulundurpettai,Onion Green,Onion Green,Local,30-04-2025,2000,2500,2500
Tamil Nadu,Villupuram,Ulundurpettai,Potato,(Red Nanital),Local,30-04-2025,3500,4000,4000
Tamil Nadu,Villupuram,Ulundurpettai,Water Melon,Water Melon,Local,30-04-2025,1500,1500,1500
Tamil Nadu,Virudhunagar,Aruppukottai(Uzhavar Sandhai ),Amaranthus,Amaranthus,Local,30-04-2025,3000,3500,3500
Tamil Nadu,Virudhunagar,Aruppukottai(Uzhavar Sandhai ),Bhindi(Ladies Finger),Bhindi,Local,30-04-2025,2500,3000,3000
Tamil Nadu,Virudhunagar,Aruppukottai(Uzhavar Sandhai ),Brinjal,Round,Local,30-04-2025,3500,4000,4000
Tamil Nadu,Virudhunagar,Aruppukottai(Uzhavar Sandhai ),Colacasia,Colacasia,Local,30-04-2025,9500,10000,10000
Tamil Nadu,Virudhunagar,Aruppukottai(Uzhavar Sandhai ),Coriander(Leaves),I Sort,Local,30-04-2025,3500,4000,4000
Tamil Nadu,Virudhunagar,Aruppukottai(Uzhavar Sandhai ),Potato,(Red Nanital),Local,30-04-2025,2500,3000,3000
Tamil Nadu,Virudhunagar,Aruppukottai(Uzhavar Sandhai ),Tender Coconut,Tender Coconut,Local,30-04-2025,3500,4000,4000
Tamil Nadu,Virudhunagar,Kariyapatti(Uzhavar Sandhai ),Ashgourd,Gouard,Local,30-04-2025,2000,2500,2500
Tamil Nadu,Virudhunagar,Kariyapatti(Uzhavar Sandhai ),Cabbage,Cabbage,Local,30-04-2025,2000,2500,2500
Tamil Nadu,Virudhunagar,Kariyapatti(Uzhavar Sandhai ),Green Chilli,Green Chilly,Local,30-04-2025,3500,4000,4000
Tamil Nadu,Virudhunagar,Kariyapatti(Uzhavar Sandhai ),Onion,Bellary,Local,30-04-2025,2500,3000,3000
Tamil Nadu,Virudhunagar,Rajapalayam(Uzhavar Sandhai ),Beans,Beans (Whole),Local,30-04-2025,8000,9000,9000
Tamil Nadu,Virudhunagar,Rajapalayam(Uzhavar Sandhai ),Beetroot,Beetroot,Local,30-04-2025,2000,2500,2500
Tamil Nadu,Virudhunagar,Rajapalayam(Uzhavar Sandhai ),Coconut,Coconut,Local,30-04-2025,5700,6200,6200
Tamil Nadu,Virudhunagar,Rajapalayam(Uzhavar Sandhai ),Coriander(Leaves),I Sort,Local,30-04-2025,6000,7000,7000
Tamil Nadu,Virudhunagar,Rajapalayam(Uzhavar Sandhai ),Ginger(Green),Green Ginger,Local,30-04-2025,4500,5000,5000
Tamil Nadu,Virudhunagar,Rajapalayam(Uzhavar Sandhai ),Green Avare (W),Avare (W),Local,30-04-2025,7000,8000,8000
Tamil Nadu,Virudhunagar,Rajapalayam(Uzhavar Sandhai ),Pumpkin,Pumpkin,Local,30-04-2025,1500,2000,2000
Tamil Nadu,Virudhunagar,Rajapalayam(Uzhavar Sandhai ),Raddish,Raddish,Local,30-04-2025,2700,3200,3200
Tamil Nadu,Virudhunagar,Rajapalayam(Uzhavar Sandhai ),Ridgeguard(Tori),Ridgeguard(Tori),Local,30-04-2025,4500,5000,5000
Tamil Nadu,Virudhunagar,Sathur(Uzhavar Sandhai ),Amaranthus,Amaranthus,Local,30-04-2025,2500,3000,3000
Tamil Nadu,Virudhunagar,Sathur(Uzhavar Sandhai ),Banana - Green,Banana - Green,Local,30-04-2025,3000,3500,3500
Tamil Nadu,Virudhunagar,Sathur(Uzhavar Sandhai ),Brinjal,Round,Local,30-04-2025,3000,3500,3500
Tamil Nadu,Virudhunagar,Sathur(Uzhavar Sandhai ),Ginger(Green),Green Ginger,Local,30-04-2025,5000,6000,6000
Tamil Nadu,Virudhunagar,Sathur(Uzhavar Sandhai ),Onion Green,Onion Green,Local,30-04-2025,4000,4500,4500
Tamil Nadu,Virudhunagar,Sathur(Uzhavar Sandhai ),Snakeguard,Snakeguard,Local,30-04-2025,2000,2500,2500
Tamil Nadu,Virudhunagar,Sivakasi(Uzhavar Sandhai ),Banana - Green,Banana - Green,Local,30-04-2025,3400,3500,3500
Tamil Nadu,Virudhunagar,Sivakasi(Uzhavar Sandhai ),Beetroot,Beetroot,Local,30-04-2025,1800,2000,2000
Tamil Nadu,Virudhunagar,Sivakasi(Uzhavar Sandhai ),Brinjal,Round,Local,30-04-2025,3800,4000,4000
Tamil Nadu,Virudhunagar,Sivakasi(Uzhavar Sandhai ),Chow Chow,Chow Chow,Local,30-04-2025,1800,2000,2000
Tamil Nadu,Virudhunagar,Sivakasi(Uzhavar Sandhai ),Green Chilli,Green Chilly,Local,30-04-2025,2400,2500,2500
Tamil Nadu,Virudhunagar,Sivakasi(Uzhavar Sandhai ),Mint(Pudina),Mint(Pudina),Local,30-04-2025,2800,3000,3000
Tamil Nadu,Virudhunagar,Sivakasi(Uzhavar Sandhai ),Snakeguard,Snakeguard,Local,30-04-2025,1800,2000,2000
Tamil Nadu,Virudhunagar,Srivilliputhur(Uzhavar Sandhai ),Banana,Besrai,Local,30-04-2025,3500,4000,4000
Tamil Nadu,Virudhunagar,Srivilliputhur(Uzhavar Sandhai ),Banana - Green,Banana - Green,Local,30-04-2025,2700,3000,3000
Tamil Nadu,Virudhunagar,Srivilliputhur(Uzhavar Sandhai ),Bhindi(Ladies Finger),Bhindi,Local,30-04-2025,1300,1500,1500
Tamil Nadu,Virudhunagar,Srivilliputhur(Uzhavar Sandhai ),Cluster beans,Cluster Beans,Local,30-04-2025,2700,3000,3000
Tamil Nadu,Virudhunagar,Srivilliputhur(Uzhavar Sandhai ),Coriander(Leaves),I Sort,Local,30-04-2025,6500,7000,7000
Tamil Nadu,Virudhunagar,Srivilliputhur(Uzhavar Sandhai ),Papaya,Papaya,Local,30-04-2025,3300,3600,3600
Tamil Nadu,Virudhunagar,Srivilliputhur(Uzhavar Sandhai ),Potato,(Red Nanital),Local,30-04-2025,3200,3500,3500
Tamil Nadu,Virudhunagar,Virudhunagar(Uzhavar Sandhai ),Bitter gourd,Bitter Gourd,Local,30-04-2025,4000,4500,4500
Tamil Nadu,Virudhunagar,Virudhunagar(Uzhavar Sandhai ),Cabbage,Cabbage,Local,30-04-2025,2000,2500,2500
Tamil Nadu,Virudhunagar,Virudhunagar(Uzhavar Sandhai ),Chikoos(Sapota),Sapota,Local,30-04-2025,3500,4000,4000
Tamil Nadu,Virudhunagar,Virudhunagar(Uzhavar Sandhai ),Coconut,Coconut,Local,30-04-2025,6000,6500,6500
Tamil Nadu,Virudhunagar,Virudhunagar(Uzhavar Sandhai ),Coriander(Leaves),I Sort,Local,30-04-2025,6000,6500,6500
Tamil Nadu,Virudhunagar,Virudhunagar(Uzhavar Sandhai ),Ginger(Green),Green Ginger,Local,30-04-2025,5000,5500,5500
Tamil Nadu,Virudhunagar,Virudhunagar(Uzhavar Sandhai ),Lemon,Lemon,Local,30-04-2025,10000,11000,11000
Tripura,North Tripura,Dasda,Rice,Masuri,FAQ,30-04-2025,3300,3500,3400
Uttar Pradesh,Bulandshahar,Gulavati,Bitter gourd,Bitter Gourd,FAQ,30-04-2025,1400,1600,1500
Uttar Pradesh,Hathras,Shadabad,Onion,Red,FAQ,30-04-2025,1700,1800,1750
Uttar Pradesh,Mau(Maunathbhanjan),Kopaganj,Banana,Medium,Medium,30-04-2025,1000,1200,1100
Uttar Pradesh,Mau(Maunathbhanjan),Kopaganj,Onion,Red,FAQ,30-04-2025,1200,1400,1300
Uttar Pradesh,Mau(Maunathbhanjan),Kopaganj,Potato,Desi,FAQ,30-04-2025,700,900,800
Uttar Pradesh,Prayagraj,Jasra,Brinjal,Round/Long,FAQ,30-04-2025,1000,1150,1080
Uttar Pradesh,Shamli,Kairana,Green Chilli,Green Chilly,FAQ,30-04-2025,2600,2700,2650
Uttar Pradesh,Shamli,Kairana,Lemon,Lemon,FAQ,30-04-2025,3900,4000,3950
Uttrakhand,Haridwar,Roorkee,Banana,Other,Large,30-04-2025,800,1200,1000
Uttrakhand,Haridwar,Roorkee,Bitter gourd,Other,FAQ,30-04-2025,500,700,600
Uttrakhand,Haridwar,Roorkee,Bottle gourd,Other,FAQ,30-04-2025,500,700,600
Andhra Pradesh,East Godavari,Jaggampet,Paddy(Dhan)(Common),Common,FAQ,30-04-2025,2300,2350,2320
Gujarat,Amreli,Damnagar,Bhindi(Ladies Finger),Bhindi,FAQ,30-04-2025,1850,3050,2500
Gujarat,Amreli,Damnagar,Cauliflower,Cauliflower,FAQ,30-04-2025,850,1550,1200
Haryana,Gurgaon,Gurgaon,Apple,Other,Large,30-04-2025,5000,10000,7500
Haryana,Gurgaon,Gurgaon,Mango,Other,Large,30-04-2025,3000,5000,4000
Haryana,Gurgaon,Gurgaon,Pomegranate,Other,Large,30-04-2025,5000,10000,7500
Himachal Pradesh,Kangra,Kangra(Jaisinghpur),Beetroot,Beetroot,FAQ,30-04-2025,3800,4000,3900
Himachal Pradesh,Kangra,Kangra(Jaisinghpur),Colacasia,Colacasia,FAQ,30-04-2025,5200,5800,5500
Himachal Pradesh,Kangra,Kangra(Jaisinghpur),Mango,Safeda,Medium,30-04-2025,7500,8500,8000
Himachal Pradesh,Kangra,Kangra(Jaisinghpur),Mousambi(Sweet Lime),Mousambi,Medium,30-04-2025,5200,5400,5300
Himachal Pradesh,Kangra,Kangra(Jaisinghpur),Potato,Potato,FAQ,30-04-2025,1100,1200,1150
Himachal Pradesh,Kangra,Kangra(Jaisinghpur),Tomato,Tomato,FAQ,30-04-2025,2100,2300,2200
Himachal Pradesh,Kangra,Kangra(Jaisinghpur),Water Melon,Other,Medium,30-04-2025,1600,2000,1800
Himachal Pradesh,Kangra,Palampur,Beetroot,Beetroot,FAQ,30-04-2025,3500,4000,3700
Himachal Pradesh,Kangra,Palampur,Cabbage,Cabbage,FAQ,30-04-2025,1000,1100,1050
Himachal Pradesh,Kangra,Palampur,Carrot,Carrot,FAQ,30-04-2025,1500,1800,1600
Himachal Pradesh,Kangra,Palampur,Green Chilli,Green Chilly,FAQ,30-04-2025,4000,5000,4500
Himachal Pradesh,Kangra,Palampur,Mango,Totapuri,Medium,30-04-2025,6000,6500,6200
Himachal Pradesh,Kangra,Palampur,Mashrooms,Other,FAQ,30-04-2025,12000,15000,13500
Himachal Pradesh,Kangra,Palampur,Raddish,Raddish,FAQ,30-04-2025,2000,2500,2200
Himachal Pradesh,Kangra,Palampur,Water Melon,Other,Medium,30-04-2025,1500,1800,1600
Kerala,Alappuzha,Harippad,Bitter gourd,Other,FAQ,30-04-2025,4000,4500,4000
Kerala,Alappuzha,Harippad,Brinjal,Other,FAQ,30-04-2025,3000,3500,3000
Kerala,Alappuzha,Harippad,Cauliflower,Other,FAQ,30-04-2025,4000,4500,4000
Kerala,Alappuzha,Harippad,Colacasia,Other,FAQ,30-04-2025,8000,8700,8000
Kerala,Alappuzha,Harippad,Drumstick,Other,FAQ,30-04-2025,4000,4500,4000
Kerala,Alappuzha,Harippad,Mango,Other,Medium,30-04-2025,5000,5500,5000
Kerala,Kottayam,Avarma  VFPCK,Cowpea(Veg),Cowpea (Veg),FAQ,30-04-2025,5500,5500,5500
Kerala,Kottayam,Pampady,Bitter gourd,Bitter Gourd,FAQ,30-04-2025,7500,8500,8000
Kerala,Kottayam,Pampady,Cabbage,Other,FAQ,30-04-2025,1900,3500,3000
Kerala,Kottayam,Pampady,Elephant Yam (Suran),Other,FAQ,30-04-2025,6500,7500,7000
Kerala,Kottayam,Pampady,Tapioca,Tapioca,FAQ,30-04-2025,3000,3500,3200
Kerala,Pathanamthitta,Erath  VFPCK,Banana,Palayamthodan,Large,30-04-2025,800,1300,1100
Kerala,Pathanamthitta,Kalanjoor  VFPCK,Banana,Poovan,Large,30-04-2025,4300,5000,4800
Kerala,Pathanamthitta,Mezhuveli  VFPCK,Banana,Nendra Bale,Large,30-04-2025,2000,8500,7000
Kerala,Wayanad,Kalpetta,Coffee,Other,FAQ,30-04-2025,26000,26100,26100
Kerala,Wayanad,Kalpetta,Ginger(Green),Green Ginger,FAQ,30-04-2025,2000,2100,2100
Kerala,Wayanad,Kalpetta,Rubber,Other,FAQ,30-04-2025,18000,18100,18100
Kerala,Wayanad,Kalpetta,Snakeguard,Other,FAQ,30-04-2025,2100,2200,2200
Madhya Pradesh,Chhindwara,Chaurai,Wheat,Mill Quality,FAQ,30-04-2025,2499,2500,2500
Maharashtra,Raigad,Murud,Rice,Other,Local,30-04-2025,2500,2700,2600
Odisha,Boudh,Boudh,Banana - Green,Banana - Green,FAQ,30-04-2025,3800,4200,4000
Odisha,Boudh,Boudh,Water Melon,Other,Large,30-04-2025,1500,2500,2000
Odisha,Boudh,Khunthabandha,Onion,Other,FAQ,30-04-2025,2000,2800,2500
Odisha,Boudh,Khunthabandha,Potato,Other,FAQ,30-04-2025,1500,2500,1800
Odisha,Boudh,Khunthabandha,Pumpkin,Other,FAQ,30-04-2025,800,1200,1000
Odisha,Jagatsinghpur,Rahama,Pumpkin,Other,FAQ,30-04-2025,2000,3000,2500
Odisha,Sundergarh,Panposh,Bhindi(Ladies Finger),Other,FAQ,30-04-2025,4000,4500,4200
Odisha,Sundergarh,Panposh,Cucumbar(Kheera),Other,FAQ,30-04-2025,3200,3600,3400
Odisha,Sundergarh,Panposh,Green Chilli,Other,FAQ,30-04-2025,4000,4400,4200
Odisha,Sundergarh,Panposh,Tomato,Other,Non-FAQ,30-04-2025,1400,1800,1600
Punjab,Amritsar,Rayya,Onion,Red,FAQ,30-04-2025,2200,2200,2200
Punjab,Ludhiana,Sahnewal,Garlic,Other,FAQ,30-04-2025,6500,6500,6500
Punjab,Ludhiana,Sahnewal,Onion,Onion,FAQ,30-04-2025,1800,1800,1800
Punjab,Ludhiana,Sahnewal,Round gourd,Round gourd,FAQ,30-04-2025,1100,1100,1100
Punjab,Ludhiana,Sahnewal,Sweet Pumpkin,Sweet Pumpkin,FAQ,30-04-2025,800,800,800
Tamil Nadu,Ariyalur,Ariyalur(Uzhavar Sandhai),Amaranthus,Amaranthus,Local,30-04-2025,3000,3400,3400
Tamil Nadu,Ariyalur,Ariyalur(Uzhavar Sandhai),Bhindi(Ladies Finger),Bhindi,Local,30-04-2025,3000,3000,3000
Tamil Nadu,Ariyalur,Ariyalur(Uzhavar Sandhai),Bottle gourd,Bottle Gourd,Local,30-04-2025,1600,1600,1600
Tamil Nadu,Ariyalur,Ariyalur(Uzhavar Sandhai),Chow Chow,Chow Chow,Local,30-04-2025,2400,2800,2800
Tamil Nadu,Ariyalur,Ariyalur(Uzhavar Sandhai),Coriander(Leaves),I Sort,Local,30-04-2025,3600,4200,4200
Tamil Nadu,Ariyalur,Ariyalur(Uzhavar Sandhai),Green Avare (W),Avare (W),Local,30-04-2025,6000,7000,7000
Tamil Nadu,Ariyalur,Ariyalur(Uzhavar Sandhai),Mango (Raw-Ripe),Mango - Raw-Ripe,Local,30-04-2025,3600,3600,3600
Tamil Nadu,Ariyalur,Ariyalur(Uzhavar Sandhai),Onion,Bellary,Local,30-04-2025,2800,3000,3000
Tamil Nadu,Ariyalur,Ariyalur(Uzhavar Sandhai),Onion Green,Onion Green,Local,30-04-2025,2800,3000,3000
Tamil Nadu,Ariyalur,Ariyalur(Uzhavar Sandhai),Potato,(Red Nanital),Local,30-04-2025,2800,3000,3000
Tamil Nadu,Ariyalur,Jeyankondam (Uzhavar Sandhai ),Beans,Beans (Whole),Local,30-04-2025,7000,7500,7500
Tamil Nadu,Ariyalur,Jeyankondam (Uzhavar Sandhai ),Beetroot,Beetroot,Local,30-04-2025,3000,4000,4000
Tamil Nadu,Ariyalur,Jeyankondam (Uzhavar Sandhai ),Bhindi(Ladies Finger),Bhindi,Local,30-04-2025,2500,3000,3000
Tamil Nadu,Ariyalur,Jeyankondam (Uzhavar Sandhai ),Bottle gourd,Bottle Gourd,Local,30-04-2025,2000,2000,2000
Tamil Nadu,Ariyalur,Jeyankondam (Uzhavar Sandhai ),Onion,Bellary,Local,30-04-2025,2500,3000,3000
Tamil Nadu,Ariyalur,Jeyankondam (Uzhavar Sandhai ),Tomato,Deshi,Local,30-04-2025,1000,1500,1500
Tamil Nadu,Chengalpattu,Chengalpet(Uzhavar Sandhai ),Betal Leaves,Mysore,Local,30-04-2025,4000,5500,5500
Tamil Nadu,Chengalpattu,Chengalpet(Uzhavar Sandhai ),Chow Chow,Chow Chow,Local,30-04-2025,1000,1500,1500
Tamil Nadu,Chengalpattu,Madhuranthagam(Uzhavar Sandhai ),Banana,Besrai,Local,30-04-2025,3500,4000,4000
Tamil Nadu,Chengalpattu,Madhuranthagam(Uzhavar Sandhai ),Bottle gourd,Bottle Gourd,Local,30-04-2025,1500,2000,2000
Tamil Nadu,Chengalpattu,Madhuranthagam(Uzhavar Sandhai ),Chow Chow,Chow Chow,Local,30-04-2025,1500,2000,2000
Tamil Nadu,Chengalpattu,Madhuranthagam(Uzhavar Sandhai ),Cluster beans,Cluster Beans,Local,30-04-2025,3500,4000,4000
Tamil Nadu,Chengalpattu,Madhuranthagam(Uzhavar Sandhai ),Potato,(Red Nanital),Local,30-04-2025,3000,3500,3500
Tamil Nadu,Chengalpattu,Medavakkam(Uzhavar Sandhai ),Bitter gourd,Bitter Gourd,Local,30-04-2025,4000,4500,4500
Tamil Nadu,Chengalpattu,Medavakkam(Uzhavar Sandhai ),Bottle gourd,Bottle Gourd,Local,30-04-2025,3200,3500,3500
Tamil Nadu,Chengalpattu,Medavakkam(Uzhavar Sandhai ),Coriander(Leaves),I Sort,Local,30-04-2025,2800,3200,3200
Tamil Nadu,Chengalpattu,Medavakkam(Uzhavar Sandhai ),Ridgeguard(Tori),Ridgeguard(Tori),Local,30-04-2025,3500,4000,4000
Tamil Nadu,Chengalpattu,Pallavaram(Uzhavar Sandhai ),Brinjal,Round,Local,30-04-2025,3000,4000,4000
Tamil Nadu,Chengalpattu,Pallavaram(Uzhavar Sandhai ),Cluster beans,Cluster Beans,Local,30-04-2025,5000,6000,6000
Tamil Nadu,Chengalpattu,Pallavaram(Uzhavar Sandhai ),Colacasia,Colacasia,Local,30-04-2025,5000,6000,6000
Tamil Nadu,Chengalpattu,Pallavaram(Uzhavar Sandhai ),Garlic,Average,Local,30-04-2025,10000,16000,16000
Tamil Nadu,Chengalpattu,Pallavaram(Uzhavar Sandhai ),Ginger(Green),Green Ginger,Local,30-04-2025,4000,5000,5000
Tamil Nadu,Chengalpattu,Pallavaram(Uzhavar Sandhai ),Guava,Guava Alahabad,Local,30-04-2025,5000,6000,6000
Tamil Nadu,Chengalpattu,Pallavaram(Uzhavar Sandhai ),Maize,Deshi Red,Local,30-04-2025,3000,3500,3500
Tamil Nadu,Chengalpattu,Pallavaram(Uzhavar Sandhai ),Raddish,Raddish,Local,30-04-2025,2500,3500,3500
Tamil Nadu,Chengalpattu,Pallavaram(Uzhavar Sandhai ),Snakeguard,Snakeguard,Local,30-04-2025,2500,3000,3000
Tamil Nadu,Chengalpattu,Thirukalukundram(Uzhavar Sandhai ),Ashgourd,Gouard,Local,30-04-2025,2500,3000,3000
Tamil Nadu,Coimbatore,Mettupalayam(Uzhavar Sandhai ),Beetroot,Beetroot,Local,30-04-2025,4500,5000,5000
Tamil Nadu,Coimbatore,Mettupalayam(Uzhavar Sandhai ),Brinjal,Round,Local,30-04-2025,2000,2400,2400
Tamil Nadu,Coimbatore,Mettupalayam(Uzhavar Sandhai ),Carrot,Pusakesar,Local,30-04-2025,3000,3400,3400
Tamil Nadu,Coimbatore,Mettupalayam(Uzhavar Sandhai ),Garlic,Average,Local,30-04-2025,9000,10000,10000
Tamil Nadu,Coimbatore,Mettupalayam(Uzhavar Sandhai ),Green Chilli,Green Chilly,Local,30-04-2025,2000,2500,2500
Tamil Nadu,Coimbatore,Mettupalayam(Uzhavar Sandhai ),Green Peas,Green Peas,Local,30-04-2025,13000,14000,14000
Tamil Nadu,Coimbatore,Mettupalayam(Uzhavar Sandhai ),Sweet Potato,Hosur Red,Local,30-04-2025,3600,4000,4000
Tamil Nadu,Coimbatore,Pollachi(Uzhavar Sandhai ),Brinjal,Round,Local,30-04-2025,1500,2000,2000
Tamil Nadu,Coimbatore,Pollachi(Uzhavar Sandhai ),Chikoos(Sapota),Sapota,Local,30-04-2025,4000,5000,5000
Tamil Nadu,Coimbatore,Pollachi(Uzhavar Sandhai ),Ginger(Green),Green Ginger,Local,30-04-2025,4000,4800,4800
Tamil Nadu,Coimbatore,Pollachi(Uzhavar Sandhai ),Green Chilli,Green Chilly,Local,30-04-2025,3000,3500,3500
Tamil Nadu,Coimbatore,Pollachi(Uzhavar Sandhai ),Mango (Raw-Ripe),Mango - Raw-Ripe,Local,30-04-2025,3500,4000,4000
Tamil Nadu,Coimbatore,Pollachi(Uzhavar Sandhai ),Onion,Bellary,Local,30-04-2025,2000,2400,2400
Tamil Nadu,Coimbatore,Pollachi(Uzhavar Sandhai ),Raddish,Raddish,Local,30-04-2025,2000,2400,2400
Tamil Nadu,Coimbatore,Pollachi(Uzhavar Sandhai ),Ridgeguard(Tori),Ridgeguard(Tori),Local,30-04-2025,4000,4500,4500
Tamil Nadu,Coimbatore,Pollachi(Uzhavar Sandhai ),Thondekai,Thondekai,Local,30-04-2025,3000,3500,3500
Tamil Nadu,Coimbatore,Pollachi(Uzhavar Sandhai ),Tomato,Deshi,Local,30-04-2025,1400,1600,1600
Tamil Nadu,Coimbatore,Pollachi(Uzhavar Sandhai ),Yam (Ratalu),Yam (Ratalu),Local,30-04-2025,7000,8000,8000
Tamil Nadu,Coimbatore,RSPuram(Uzhavar Sandhai ),Banana - Green,Banana - Green,Local,30-04-2025,3000,3800,3800
Tamil Nadu,Coimbatore,RSPuram(Uzhavar Sandhai ),Chikoos(Sapota),Sapota,Local,30-04-2025,4000,4500,4500
Tamil Nadu,Coimbatore,RSPuram(Uzhavar Sandhai ),Cluster beans,Cluster Beans,Local,30-04-2025,2200,3000,3000
Tamil Nadu,Coimbatore,RSPuram(Uzhavar Sandhai ),Coconut,Coconut,Local,30-04-2025,5600,6000,6000
Tamil Nadu,Coimbatore,RSPuram(Uzhavar Sandhai ),Elephant Yam (Suran),Elephant Yam (Suran),Local,30-04-2025,5000,5600,5600
Tamil Nadu,Coimbatore,RSPuram(Uzhavar Sandhai ),Garlic,Average,Local,30-04-2025,10000,13500,13500
Tamil Nadu,Coimbatore,RSPuram(Uzhavar Sandhai ),Green Avare (W),Avare (W),Local,30-04-2025,6600,7500,7500
Tamil Nadu,Coimbatore,RSPuram(Uzhavar Sandhai ),Jack Fruit,Jack Fruit,Local,30-04-2025,4000,4500,4500
Tamil Nadu,Coimbatore,RSPuram(Uzhavar Sandhai ),Mango,Safeda,Local,30-04-2025,8000,16000,16000
Tamil Nadu,Coimbatore,RSPuram(Uzhavar Sandhai ),Mashrooms,Mashrooms,Local,30-04-2025,3200,3600,3600
Tamil Nadu,Coimbatore,RSPuram(Uzhavar Sandhai ),Mousambi(Sweet Lime),Mousambi,Local,30-04-2025,4000,6000,6000
Tamil Nadu,Coimbatore,RSPuram(Uzhavar Sandhai ),Onion,Bellary,Local,30-04-2025,1800,2100,2100
Tamil Nadu,Coimbatore,RSPuram(Uzhavar Sandhai ),Papaya,Papaya,Local,30-04-2025,2200,2600,2600
Tamil Nadu,Coimbatore,RSPuram(Uzhavar Sandhai ),Sweet Potato,Hosur Red,Local,30-04-2025,3000,3500,3500
Tamil Nadu,Coimbatore,Singanallur(Uzhavar Sandhai ),Amaranthus,Amaranthus,Local,30-04-2025,1500,3000,3000
Tamil Nadu,Coimbatore,Singanallur(Uzhavar Sandhai ),Amla(Nelli Kai),Amla,Local,30-04-2025,6500,7000,7000
Tamil Nadu,Coimbatore,Singanallur(Uzhavar Sandhai ),Beans,Beans (Whole),Local,30-04-2025,7000,7500,7500
Tamil Nadu,Coimbatore,Singanallur(Uzhavar Sandhai ),Bitter gourd,Bitter Gourd,Local,30-04-2025,4000,4500,4500
Tamil Nadu,Coimbatore,Singanallur(Uzhavar Sandhai ),Bottle gourd,Bottle Gourd,Local,30-04-2025,1000,1500,1500
Tamil Nadu,Coimbatore,Singanallur(Uzhavar Sandhai ),Cauliflower,Ranchi,Local,30-04-2025,3500,3800,3800
Tamil Nadu,Coimbatore,Singanallur(Uzhavar Sandhai ),Chikoos(Sapota),Sapota,Local,30-04-2025,4000,4500,4500
Tamil Nadu,Coimbatore,Singanallur(Uzhavar Sandhai ),Coriander(Leaves),I Sort,Local,30-04-2025,5500,6000,6000
Tamil Nadu,Coimbatore,Singanallur(Uzhavar Sandhai ),Green Avare (W),Avare (W),Local,30-04-2025,7000,7500,7500
Tamil Nadu,Coimbatore,Singanallur(Uzhavar Sandhai ),Guava,Guava Alahabad,Local,30-04-2025,4500,5000,5000
Tamil Nadu,Coimbatore,Singanallur(Uzhavar Sandhai ),Karbuja(Musk Melon),Karbhuja,Local,30-04-2025,3500,4000,4000
Tamil Nadu,Coimbatore,Singanallur(Uzhavar Sandhai ),Mango,Safeda,Local,30-04-2025,8000,14000,14000
Tamil Nadu,Coimbatore,Singanallur(Uzhavar Sandhai ),Raddish,Raddish,Local,30-04-2025,2000,2500,2500
Tamil Nadu,Coimbatore,Singanallur(Uzhavar Sandhai ),Tomato,Deshi,Local,30-04-2025,1600,1800,1800
Tamil Nadu,Coimbatore,Singanallur(Uzhavar Sandhai ),Yam (Ratalu),Yam (Ratalu),Local,30-04-2025,8500,9000,9000
Tamil Nadu,Coimbatore,Sulur(Uzhavar Sandhai ),Banana - Green,Banana - Green,Local,30-04-2025,3400,3800,3800
Tamil Nadu,Coimbatore,Sulur(Uzhavar Sandhai ),Bitter gourd,Bitter Gourd,Local,30-04-2025,4000,4500,4500
Tamil Nadu,Coimbatore,Sulur(Uzhavar Sandhai ),Bottle gourd,Bottle Gourd,Local,30-04-2025,1200,1500,1500
Tamil Nadu,Coimbatore,Sulur(Uzhavar Sandhai ),Coconut,Coconut,Local,30-04-2025,5800,6000,6000
Tamil Nadu,Coimbatore,Udumalpet,Banana,Besrai,Local,30-04-2025,4500,7500,7500
Tamil Nadu,Coimbatore,Udumalpet,Cabbage,Cabbage,Local,30-04-2025,2000,2400,2400
Tamil Nadu,Coimbatore,Udumalpet,Cucumbar(Kheera),Cucumbar,Local,30-04-2025,4000,7000,7000
Tamil Nadu,Coimbatore,Udumalpet,Green Chilli,Green Chilly,Local,30-04-2025,3000,3600,3600
Tamil Nadu,Coimbatore,Udumalpet,Maize,Deshi Red,Local,30-04-2025,3000,3500,3500
Tamil Nadu,Coimbatore,Udumalpet,Potato,(Red Nanital),Local,30-04-2025,4200,4800,4800
Tamil Nadu,Coimbatore,Udumalpet,Thondekai,Thondekai,Local,30-04-2025,2600,3000,3000
Tamil Nadu,Coimbatore,Vadavalli(Uzhavar Sandhai ),Ashgourd,Gouard,Local,30-04-2025,1200,1600,1600
Tamil Nadu,Coimbatore,Vadavalli(Uzhavar Sandhai ),Beetroot,Beetroot,Local,30-04-2025,4500,5000,5000
Tamil Nadu,Coimbatore,Vadavalli(Uzhavar Sandhai ),Bitter gourd,Bitter Gourd,Local,30-04-2025,4000,4500,4500
Tamil Nadu,Coimbatore,Vadavalli(Uzhavar Sandhai ),Cabbage,Cabbage,Local,30-04-2025,1400,1800,1800
Tamil Nadu,Coimbatore,Vadavalli(Uzhavar Sandhai ),Elephant Yam (Suran),Elephant Yam (Suran),Local,30-04-2025,5500,6000,6000
Tamil Nadu,Coimbatore,Vadavalli(Uzhavar Sandhai ),Maize,Deshi Red,Local,30-04-2025,2400,2800,2800
Tamil Nadu,Coimbatore,Vadavalli(Uzhavar Sandhai ),Mango (Raw-Ripe),Mango - Raw-Ripe,Local,30-04-2025,3000,3500,3500
Tamil Nadu,Cuddalore,Chidambaram(Uzhavar Sandhai ),Mango (Raw-Ripe),Mango - Raw-Ripe,Local,30-04-2025,3000,3000,3000
Tamil Nadu,Cuddalore,Chidambaram(Uzhavar Sandhai ),Onion,Bellary,Local,30-04-2025,2500,3000,3000
Tamil Nadu,Cuddalore,Chidambaram(Uzhavar Sandhai ),Tomato,Deshi,Local,30-04-2025,1600,2000,2000
Tamil Nadu,Cuddalore,Cuddalore(Uzhavar Sandhai ),Amla(Nelli Kai),Amla,Local,30-04-2025,7000,8000,8000
Tamil Nadu,Cuddalore,Cuddalore(Uzhavar Sandhai ),Bhindi(Ladies Finger),Bhindi,Local,30-04-2025,2500,2500,2500
Tamil Nadu,Cuddalore,Cuddalore(Uzhavar Sandhai ),Bottle gourd,Bottle Gourd,Local,30-04-2025,2000,2000,2000
Tamil Nadu,Cuddalore,Cuddalore(Uzhavar Sandhai ),Carrot,Pusakesar,Local,30-04-2025,2500,2500,2500
Tamil Nadu,Cuddalore,Cuddalore(Uzhavar Sandhai ),Cluster beans,Cluster Beans,Local,30-04-2025,4000,4000,4000
Tamil Nadu,Cuddalore,Cuddalore(Uzhavar Sandhai ),Colacasia,Colacasia,Local,30-04-2025,7000,7000,7000
Tamil Nadu,Cuddalore,Cuddalore(Uzhavar Sandhai ),Drumstick,Drumstick,Local,30-04-2025,4000,5000,5000
Tamil Nadu,Cuddalore,Cuddalore(Uzhavar Sandhai ),Guava,Guava Alahabad,Local,30-04-2025,4000,5000,5000
Tamil Nadu,Cuddalore,Cuddalore(Uzhavar Sandhai ),Knool Khol,Knool Khol,Local,30-04-2025,4000,4000,4000
Tamil Nadu,Cuddalore,Cuddalore(Uzhavar Sandhai ),Lemon,Lemon,Local,30-04-2025,8000,10000,10000
Tamil Nadu,Cuddalore,Cuddalore(Uzhavar Sandhai ),Mango (Raw-Ripe),Mango - Raw-Ripe,Local,30-04-2025,2500,3000,3000
Tamil Nadu,Cuddalore,Cuddalore(Uzhavar Sandhai ),Tomato,Deshi,Local,30-04-2025,1300,1300,1300
Tamil Nadu,Cuddalore,Viruthachalam(Uzhavar Sandhai ),Amla(Nelli Kai),Amla,Local,30-04-2025,7000,7000,7000
Tamil Nadu,Cuddalore,Viruthachalam(Uzhavar Sandhai ),Banana - Green,Banana - Green,Local,30-04-2025,2500,2500,2500
Tamil Nadu,Cuddalore,Viruthachalam(Uzhavar Sandhai ),Bitter gourd,Bitter Gourd,Local,30-04-2025,5000,5000,5000
Tamil Nadu,Cuddalore,Viruthachalam(Uzhavar Sandhai ),Brinjal,Round,Local,30-04-2025,2500,2500,2500
Tamil Nadu,Cuddalore,Viruthachalam(Uzhavar Sandhai ),Chow Chow,Chow Chow,Local,30-04-2025,2500,2500,2500
Tamil Nadu,Cuddalore,Viruthachalam(Uzhavar Sandhai ),Cluster beans,Cluster Beans,Local,30-04-2025,3000,3000,3000
Tamil Nadu,Cuddalore,Viruthachalam(Uzhavar Sandhai ),Onion,Bellary,Local,30-04-2025,2500,2500,2500
Tamil Nadu,Cuddalore,Viruthachalam(Uzhavar Sandhai ),Onion Green,Onion Green,Local,30-04-2025,5000,5000,5000
Tamil Nadu,Cuddalore,Viruthachalam(Uzhavar Sandhai ),Potato,(Red Nanital),Local,30-04-2025,4000,4000,4000
Tamil Nadu,Dharmapuri,AJattihalli(Uzhavar Sandhai ),Banana,Besrai,Local,30-04-2025,5800,6000,6000
Tamil Nadu,Dharmapuri,AJattihalli(Uzhavar Sandhai ),Brinjal,Round,Local,30-04-2025,1200,1400,1400
Tamil Nadu,Dharmapuri,AJattihalli(Uzhavar Sandhai ),Cluster beans,Cluster Beans,Local,30-04-2025,2000,2200,2200
Tamil Nadu,Dharmapuri,AJattihalli(Uzhavar Sandhai ),Coconut,Coconut,Local,30-04-2025,7000,7500,7500
Tamil Nadu,Dharmapuri,AJattihalli(Uzhavar Sandhai ),Coriander(Leaves),I Sort,Local,30-04-2025,6800,7000,7000
Tamil Nadu,Dharmapuri,AJattihalli(Uzhavar Sandhai ),Maize,Deshi Red,Local,30-04-2025,1800,2000,2000
Tamil Nadu,Dharmapuri,AJattihalli(Uzhavar Sandhai ),Onion,Bellary,Local,30-04-2025,2600,2800,2800
Tamil Nadu,Dharmapuri,AJattihalli(Uzhavar Sandhai ),Tender Coconut,Tender Coconut,Local,30-04-2025,2600,2800,2800
Tamil Nadu,Dharmapuri,AJattihalli(Uzhavar Sandhai ),Thondekai,Thondekai,Local,30-04-2025,4600,4800,4800
Tamil Nadu,Dharmapuri,AJattihalli(Uzhavar Sandhai ),Water Melon,Water Melon,Local,30-04-2025,1600,1800,1800
Tamil Nadu,Dharmapuri,Dharmapuri(Uzhavar Sandhai ),Bhindi(Ladies Finger),Bhindi,Local,30-04-2025,1100,1200,1200
Tamil Nadu,Dharmapuri,Dharmapuri(Uzhavar Sandhai ),Colacasia,Colacasia,Local,30-04-2025,7200,7400,7400
Tamil Nadu,Dharmapuri,Dharmapuri(Uzhavar Sandhai ),Coriander(Leaves),I Sort,Local,30-04-2025,6500,7000,7000
Tamil Nadu,Dharmapuri,Dharmapuri(Uzhavar Sandhai ),Yam (Ratalu),Yam (Ratalu),Local,30-04-2025,14000,14800,14800
Tamil Nadu,Dharmapuri,Palacode(Uzhavar Sandhai ),Banana - Green,Banana - Green,Local,30-04-2025,2700,3000,3000
Tamil Nadu,Dharmapuri,Palacode(Uzhavar Sandhai ),Beetroot,Beetroot,Local,30-04-2025,2200,2400,2400
Tamil Nadu,Dharmapuri,Palacode(Uzhavar Sandhai ),Bhindi(Ladies Finger),Bhindi,Local,30-04-2025,1100,1200,1200
Tamil Nadu,Dharmapuri,Palacode(Uzhavar Sandhai ),Bottle gourd,Bottle Gourd,Local,30-04-2025,500,600,600
Tamil Nadu,Dharmapuri,Palacode(Uzhavar Sandhai ),Capsicum,Capsicum,Local,30-04-2025,5500,6000,6000
Tamil Nadu,Dharmapuri,Palacode(Uzhavar Sandhai ),Chow Chow,Chow Chow,Local,30-04-2025,3600,4000,4000
Tamil Nadu,Dharmapuri,Palacode(Uzhavar Sandhai ),Cluster beans,Cluster Beans,Local,30-04-2025,1700,1800,1800
Tamil Nadu,Dharmapuri,Palacode(Uzhavar Sandhai ),Coriander(Leaves),I Sort,Local,30-04-2025,4500,5000,5000
Tamil Nadu,Dharmapuri,Palacode(Uzhavar Sandhai ),Garlic,Average,Local,30-04-2025,11000,12000,12000
Tamil Nadu,Dharmapuri,Palacode(Uzhavar Sandhai ),Green Chilli,Green Chilly,Local,30-04-2025,2700,3000,3000
Tamil Nadu,Dharmapuri,Palacode(Uzhavar Sandhai ),Pumpkin,Pumpkin,Local,30-04-2025,1300,1400,1400
Tamil Nadu,Dharmapuri,Palacode(Uzhavar Sandhai ),Ridgeguard(Tori),Ridgeguard(Tori),Local,30-04-2025,2200,2400,2400
Tamil Nadu,Dharmapuri,Palacode(Uzhavar Sandhai ),Snakeguard,Snakeguard,Local,30-04-2025,1500,1600,1600
Tamil Nadu,Dharmapuri,Palacode(Uzhavar Sandhai ),Tomato,Deshi,Local,30-04-2025,900,1000,1000
Tamil Nadu,Erode,Gobichettipalayam(Uzhavar Sandhai ),Banana,Besrai,Local,30-04-2025,2000,6000,6000
Tamil Nadu,Erode,Gobichettipalayam(Uzhavar Sandhai ),Beans,Beans (Whole),Local,30-04-2025,8000,8400,8400
Tamil Nadu,Erode,Gobichettipalayam(Uzhavar Sandhai ),Beetroot,Beetroot,Local,30-04-2025,5400,5600,5600
Tamil Nadu,Erode,Gobichettipalayam(Uzhavar Sandhai ),Coriander(Leaves),I Sort,Local,30-04-2025,5000,5400,5400
Tamil Nadu,Erode,Gobichettipalayam(Uzhavar Sandhai ),Ginger(Green),Green Ginger,Local,30-04-2025,5500,6000,6000
Tamil Nadu,Erode,Periyar Nagar(Uzhavar Sandhai ),Banana - Green,Banana - Green,Local,30-04-2025,3000,3500,3500
Tamil Nadu,Erode,Periyar Nagar(Uzhavar Sandhai ),Bottle gourd,Bottle Gourd,Local,30-04-2025,1000,1200,1200
Tamil Nadu,Erode,Periyar Nagar(Uzhavar Sandhai ),Cowpea(Veg),Cowpea (Veg),Local,30-04-2025,2200,2600,2600
Tamil Nadu,Erode,Periyar Nagar(Uzhavar Sandhai ),Green Chilli,Green Chilly,Local,30-04-2025,2000,2400,2400
Tamil Nadu,Erode,Periyar Nagar(Uzhavar Sandhai ),Kakada,Kakada,Local,30-04-2025,25000,30000,30000
Tamil Nadu,Erode,Periyar Nagar(Uzhavar Sandhai ),Lemon,Lemon,Local,30-04-2025,12000,13000,13000
Tamil Nadu,Erode,Periyar Nagar(Uzhavar Sandhai ),Mango (Raw-Ripe),Mango - Raw-Ripe,Local,30-04-2025,1800,2000,2000
Tamil Nadu,Erode,Periyar Nagar(Uzhavar Sandhai ),Snakeguard,Snakeguard,Local,30-04-2025,1800,2000,2000
Tamil Nadu,Erode,Perundurai(Uzhavar Sandhai ),Bhindi(Ladies Finger),Bhindi,Local,30-04-2025,2400,2600,2600
Tamil Nadu,Erode,Perundurai(Uzhavar Sandhai ),Bottle gourd,Bottle Gourd,Local,30-04-2025,800,1000,1000
Tamil Nadu,Erode,Perundurai(Uzhavar Sandhai ),Drumstick,Drumstick,Local,30-04-2025,3600,3800,3800
Tamil Nadu,Erode,Perundurai(Uzhavar Sandhai ),Green Avare (W),Avare (W),Local,30-04-2025,6200,6500,6500
Tamil Nadu,Erode,Perundurai(Uzhavar Sandhai ),Onion Green,Onion Green,Local,30-04-2025,3200,3500,3500
Tamil Nadu,Erode,Sampath Nagar(Uzhavar Sandhai ),Apple,American,Local,30-04-2025,24000,25000,25000
Tamil Nadu,Erode,Sampath Nagar(Uzhavar Sandhai ),Beetroot,Beetroot,Local,30-04-2025,5400,5800,5800
Tamil Nadu,Erode,Sampath Nagar(Uzhavar Sandhai ),Carrot,Pusakesar,Local,30-04-2025,3200,3600,3600
Tamil Nadu,Erode,Sampath Nagar(Uzhavar Sandhai ),Elephant Yam (Suran),Elephant Yam (Suran),Local,30-04-2025,3500,4000,4000
Tamil Nadu,Erode,Sampath Nagar(Uzhavar Sandhai ),Green Peas,Green Peas,Local,30-04-2025,12000,13000,13000
Tamil Nadu,Erode,Sampath Nagar(Uzhavar Sandhai ),Karbuja(Musk Melon),Karbhuja,Local,30-04-2025,1600,1800,1800
Tamil Nadu,Erode,Sampath Nagar(Uzhavar Sandhai ),Mint(Pudina),Mint(Pudina),Local,30-04-2025,3000,3500,3500
Tamil Nadu,Erode,Sampath Nagar(Uzhavar Sandhai ),Raddish,Raddish,Local,30-04-2025,1800,2000,2000
Tamil Nadu,Erode,Sathiyamagalam(Uzhavar Sandhai ),Ashgourd,Gouard,Local,30-04-2025,1000,1300,1300
Tamil Nadu,Erode,Sathiyamagalam(Uzhavar Sandhai ),Banana - Green,Banana - Green,Local,30-04-2025,3000,3500,3500
Tamil Nadu,Erode,Sathiyamagalam(Uzhavar Sandhai ),Beans,Beans (Whole),Local,30-04-2025,8000,8600,8600
Tamil Nadu,Erode,Sathiyamagalam(Uzhavar Sandhai ),Beetroot,Beetroot,Local,30-04-2025,3400,3800,3800
Tamil Nadu,Erode,Sathiyamagalam(Uzhavar Sandhai ),Bhindi(Ladies Finger),Bhindi,Local,30-04-2025,2600,3200,3200
Tamil Nadu,Erode,Sathiyamagalam(Uzhavar Sandhai ),Brinjal,Round,Local,30-04-2025,1500,2000,2000
Tamil Nadu,Erode,Sathiyamagalam(Uzhavar Sandhai ),Cowpea(Veg),Cowpea (Veg),Local,30-04-2025,1400,2000,2000
Tamil Nadu,Erode,Sathiyamagalam(Uzhavar Sandhai ),Drumstick,Drumstick,Local,30-04-2025,3400,3800,3800
Tamil Nadu,Erode,Sathiyamagalam(Uzhavar Sandhai ),Green Avare (W),Avare (W),Local,30-04-2025,5000,5400,5400
Tamil Nadu,Erode,Sathiyamagalam(Uzhavar Sandhai ),Green Chilli,Green Chilly,Local,30-04-2025,2500,3000,3000
Tamil Nadu,Erode,Sathiyamagalam(Uzhavar Sandhai ),Lemon,Lemon,Local,30-04-2025,9000,9500,9500
Tamil Nadu,Erode,Sathiyamagalam(Uzhavar Sandhai ),Maize,Deshi Red,Local,30-04-2025,1600,2200,2200
Tamil Nadu,Erode,Sathiyamagalam(Uzhavar Sandhai ),Mint(Pudina),Mint(Pudina),Local,30-04-2025,3500,4000,4000
Tamil Nadu,Erode,Sathiyamagalam(Uzhavar Sandhai ),Pumpkin,Pumpkin,Local,30-04-2025,800,1200,1200
Tamil Nadu,Erode,Sathiyamagalam(Uzhavar Sandhai ),Ridgeguard(Tori),Ridgeguard(Tori),Local,30-04-2025,3400,3800,3800
Tamil Nadu,Erode,Thalavadi(Uzhavar Sandhai ),Amaranthus,Amaranthus,Local,30-04-2025,3000,3600,3600
Tamil Nadu,Erode,Thalavadi(Uzhavar Sandhai ),Banana,Besrai,Local,30-04-2025,2800,5000,5000
Tamil Nadu,Erode,Thalavadi(Uzhavar Sandhai ),Banana - Green,Banana - Green,Local,30-04-2025,3000,3500,3500
Tamil Nadu,Erode,Thalavadi(Uzhavar Sandhai ),Beans,Beans (Whole),Local,30-04-2025,4500,5500,5500
Tamil Nadu,Erode,Thalavadi(Uzhavar Sandhai ),Beetroot,Beetroot,Local,30-04-2025,1400,1800,1800
Tamil Nadu,Erode,Thalavadi(Uzhavar Sandhai ),Bottle gourd,Bottle Gourd,Local,30-04-2025,600,800,800
Tamil Nadu,Erode,Thalavadi(Uzhavar Sandhai ),Drumstick,Drumstick,Local,30-04-2025,3000,3500,3500
Tamil Nadu,Erode,Thalavadi(Uzhavar Sandhai ),Guava,Guava Alahabad,Local,30-04-2025,5000,5500,5500
Tamil Nadu,Erode,Thalavadi(Uzhavar Sandhai ),Onion Green,Onion Green,Local,30-04-2025,3000,3500,3500
Tamil Nadu,Erode,Thalavadi(Uzhavar Sandhai ),Ridgeguard(Tori),Ridgeguard(Tori),Local,30-04-2025,2600,3000,3000
Tamil Nadu,Erode,Thalavadi(Uzhavar Sandhai ),Tomato,Deshi,Local,30-04-2025,1000,1400,1400
Tamil Nadu,Kallakuruchi,Kallakurichi(Uzhavar Sandhai ),Banana,Besrai,Local,30-04-2025,4000,8000,8000
Tamil Nadu,Kallakuruchi,Kallakurichi(Uzhavar Sandhai ),Beans,Beans (Whole),Local,30-04-2025,6000,6000,6000
Tamil Nadu,Kallakuruchi,Kallakurichi(Uzhavar Sandhai ),Bottle gourd,Bottle Gourd,Local,30-04-2025,3000,3000,3000
Tamil Nadu,Kallakuruchi,Kallakurichi(Uzhavar Sandhai ),Coconut,Coconut,Local,30-04-2025,3000,4000,4000
Tamil Nadu,Kallakuruchi,Kallakurichi(Uzhavar Sandhai ),Lemon,Lemon,Local,30-04-2025,9000,9000,9000
Tamil Nadu,Kallakuruchi,Kallakurichi(Uzhavar Sandhai ),Onion,Bellary,Local,30-04-2025,2000,2500,2500
Tamil Nadu,Kallakuruchi,Kallakurichi(Uzhavar Sandhai ),Onion Green,Onion Green,Local,30-04-2025,3500,3500,3500
Tamil Nadu,Kallakuruchi,Kallakurichi(Uzhavar Sandhai ),Water Melon,Water Melon,Local,30-04-2025,1500,1500,1500
Tamil Nadu,Kallakuruchi,Sankarapuram(Uzhavar Sandhai ),Ashgourd,Gouard,Local,30-04-2025,2000,2000,2000
Tamil Nadu,Kallakuruchi,Sankarapuram(Uzhavar Sandhai ),Bottle gourd,Bottle Gourd,Local,30-04-2025,3000,3000,3000
Tamil Nadu,Kallakuruchi,Sankarapuram(Uzhavar Sandhai ),Brinjal,Round,Local,30-04-2025,3000,4000,4000
Tamil Nadu,Kallakuruchi,Sankarapuram(Uzhavar Sandhai ),Green Chilli,Green Chilly,Local,30-04-2025,4000,5000,5000
Tamil Nadu,Kallakuruchi,Sankarapuram(Uzhavar Sandhai ),Tapioca,Tapioca,Local,30-04-2025,3000,3000,3000
Tamil Nadu,Kancheepuram,Kundrathur(Uzhavar Sandhai ),Onion Green,Onion Green,Local,30-04-2025,4000,5000,5000
Tamil Nadu,Karur,Kulithalai(Uzhavar Sandhai ),Carrot,Pusakesar,Local,30-04-2025,3000,3600,3600
Tamil Nadu,Karur,Kulithalai(Uzhavar Sandhai ),Coriander(Leaves),I Sort,Local,30-04-2025,2500,3000,3000
Tamil Nadu,Karur,Kulithalai(Uzhavar Sandhai ),Sweet Potato,Hosur Red,Local,30-04-2025,2500,3000,3000
Tamil Nadu,Karur,Pallapatti (Uzhavar Sandhai ),Chikoos(Sapota),Sapota,Local,30-04-2025,3500,4000,4000
Tamil Nadu,Karur,Pallapatti (Uzhavar Sandhai ),Guava,Guava Alahabad,Local,30-04-2025,4500,5000,5000
Tamil Nadu,Karur,Pallapatti (Uzhavar Sandhai ),Papaya,Papaya,Local,30-04-2025,2500,3000,3000
Tamil Nadu,Karur,Velayuthampalayam(Uzhavar Sandhai ),Coriander(Leaves),I Sort,Local,30-04-2025,4000,5000,5000
Tamil Nadu,Karur,Velayuthampalayam(Uzhavar Sandhai ),Green Avare (W),Avare (W),Local,30-04-2025,7000,8000,8000
Tamil Nadu,Krishnagiri,Avallapalli(Uzhavar Sandhai ),Capsicum,Capsicum,Local,30-04-2025,3000,3500,3500
Tamil Nadu,Krishnagiri,Avallapalli(Uzhavar Sandhai ),Carrot,Pusakesar,Local,30-04-2025,1500,2000,2000
Tamil Nadu,Krishnagiri,Avallapalli(Uzhavar Sandhai ),Cowpea(Veg),Cowpea (Veg),Local,30-04-2025,3500,4000,4000
Tamil Nadu,Krishnagiri,Avallapalli(Uzhavar Sandhai ),Ginger(Green),Green Ginger,Local,30-04-2025,4500,5000,5000
Tamil Nadu,Krishnagiri,Avallapalli(Uzhavar Sandhai ),Onion,Bellary,Local,30-04-2025,2000,2500,2500
Tamil Nadu,Krishnagiri,Avallapalli(Uzhavar Sandhai ),Raddish,Raddish,Local,30-04-2025,1000,1500,1500
Tamil Nadu,Krishnagiri,Avallapalli(Uzhavar Sandhai ),Snakeguard,Snakeguard,Local,30-04-2025,2000,2500,2500
Tamil Nadu,Krishnagiri,Avallapalli(Uzhavar Sandhai ),Tamarind Fruit,Tamarind Fruit,Local,30-04-2025,8000,10000,10000
Tamil Nadu,Krishnagiri,Avallapalli(Uzhavar Sandhai ),Tapioca,Tapioca,Local,30-04-2025,2500,3000,3000
Tamil Nadu,Krishnagiri,Denkanikottai(Uzhavar Sandhai ),Bhindi(Ladies Finger),Bhindi,Local,30-04-2025,1500,2000,2000
Tamil Nadu,Krishnagiri,Denkanikottai(Uzhavar Sandhai ),Cabbage,Cabbage,Local,30-04-2025,1000,1200,1200
Tamil Nadu,Krishnagiri,Denkanikottai(Uzhavar Sandhai ),Green Avare (W),Avare (W),Local,30-04-2025,5000,6000,6000
Tamil Nadu,Krishnagiri,Denkanikottai(Uzhavar Sandhai ),Onion,Bellary,Local,30-04-2025,2000,2500,2500
Tamil Nadu,Krishnagiri,Hosur(Uzhavar Sandhai ),Bhindi(Ladies Finger),Bhindi,Local,30-04-2025,1500,2000,2000
Tamil Nadu,Krishnagiri,Hosur(Uzhavar Sandhai ),Green Chilli,Green Chilly,Local,30-04-2025,4500,5000,5000
Tamil Nadu,Krishnagiri,Krishnagiri(Uzhavar Sandhai ),Banana - Green,Banana - Green,Local,30-04-2025,2500,3000,3000
Tamil Nadu,Krishnagiri,Krishnagiri(Uzhavar Sandhai ),Beans,Beans (Whole),Local,30-04-2025,3500,4000,4000
Tamil Nadu,Krishnagiri,Krishnagiri(Uzhavar Sandhai ),Bhindi(Ladies Finger),Bhindi,Local,30-04-2025,1000,1400,1400
Tamil Nadu,Krishnagiri,Krishnagiri(Uzhavar Sandhai ),Capsicum,Capsicum,Local,30-04-2025,3500,4500,4500
Tamil Nadu,Krishnagiri,Krishnagiri(Uzhavar Sandhai ),Coriander(Leaves),I Sort,Local,30-04-2025,4000,4500,4500
Tamil Nadu,Krishnagiri,Krishnagiri(Uzhavar Sandhai ),Groundnut,Big (With Shell),Local,30-04-2025,5500,6000,6000
Tamil Nadu,Krishnagiri,Krishnagiri(Uzhavar Sandhai ),Mango,Safeda,Local,30-04-2025,6000,12000,12000
Tamil Nadu,Krishnagiri,Krishnagiri(Uzhavar Sandhai ),Mint(Pudina),Mint(Pudina),Local,30-04-2025,2000,2400,2400
Tamil Nadu,Krishnagiri,Krishnagiri(Uzhavar Sandhai ),Ridgeguard(Tori),Ridgeguard(Tori),Local,30-04-2025,1200,1600,1600
Tamil Nadu,Krishnagiri,Krishnagiri(Uzhavar Sandhai ),Thondekai,Thondekai,Local,30-04-2025,3500,4000,4000
Tamil Nadu,Krishnagiri,Krishnagiri(Uzhavar Sandhai ),Tomato,Deshi,Local,30-04-2025,600,800,800
Tamil Nadu,Krishnagiri,Krishnagiri(Uzhavar Sandhai ),Water Melon,Water Melon,Local,30-04-2025,800,1000,1000
Tamil Nadu,Madurai,Chokkikulam(Uzhavar Sandhai ),Ashgourd,Gouard,Local,30-04-2025,1400,1600,1600
Tamil Nadu,Madurai,Chokkikulam(Uzhavar Sandhai ),Banana,Besrai,Local,30-04-2025,3000,4000,4000
Tamil Nadu,Madurai,Chokkikulam(Uzhavar Sandhai ),Brinjal,Round,Local,30-04-2025,3600,4000,4000
Tamil Nadu,Madurai,Chokkikulam(Uzhavar Sandhai ),Chikoos(Sapota),Sapota,Local,30-04-2025,5000,6000,6000
Tamil Nadu,Madurai,Chokkikulam(Uzhavar Sandhai ),Chow Chow,Chow Chow,Local,30-04-2025,1500,1800,1800
Tamil Nadu,Madurai,Chokkikulam(Uzhavar Sandhai ),Indian Beans (Seam),Indian Beans (Seam),Local,30-04-2025,8000,9000,9000
Tamil Nadu,Madurai,Chokkikulam(Uzhavar Sandhai ),Mango,Safeda,Local,30-04-2025,11000,12000,12000
Tamil Nadu,Madurai,Chokkikulam(Uzhavar Sandhai ),Mousambi(Sweet Lime),Mousambi,Local,30-04-2025,5000,6000,6000
Tamil Nadu,Madurai,Chokkikulam(Uzhavar Sandhai ),Onion Green,Onion Green,Local,30-04-2025,4000,4500,4500
Tamil Nadu,Madurai,Melur(Uzhavar Sandhai ),Bitter gourd,Bitter Gourd,Local,30-04-2025,4600,5000,5000
Tamil Nadu,Madurai,Melur(Uzhavar Sandhai ),Bottle gourd,Bottle Gourd,Local,30-04-2025,1800,2000,2000
Tamil Nadu,Madurai,Melur(Uzhavar Sandhai ),Onion Green,Onion Green,Local,30-04-2025,3600,4500,4500
Tamil Nadu,Madurai,Melur(Uzhavar Sandhai ),Papaya,Papaya,Local,30-04-2025,3600,4000,4000
Tamil Nadu,Madurai,Melur(Uzhavar Sandhai ),Ridgeguard(Tori),Ridgeguard(Tori),Local,30-04-2025,4000,4400,4400
Tamil Nadu,Madurai,Melur(Uzhavar Sandhai ),Thondekai,Thondekai,Local,30-04-2025,3000,3600,3600
Tamil Nadu,Madurai,Melur(Uzhavar Sandhai ),Yam (Ratalu),Yam (Ratalu),Local,30-04-2025,8000,9000,9000
Tamil Nadu,Madurai,Palanganatham(Uzhavar Sandhai ),Amaranthus,Amaranthus,Local,30-04-2025,3000,4000,4000
Tamil Nadu,Madurai,Palanganatham(Uzhavar Sandhai ),Banana - Green,Banana - Green,Local,30-04-2025,1500,2000,2000
Tamil Nadu,Madurai,Palanganatham(Uzhavar Sandhai ),Betal Leaves,Mysore,Local,30-04-2025,14000,20000,20000
Tamil Nadu,Madurai,Palanganatham(Uzhavar Sandhai ),Chow Chow,Chow Chow,Local,30-04-2025,1600,1800,1800
Tamil Nadu,Madurai,Palanganatham(Uzhavar Sandhai ),Coconut,Coconut,Local,30-04-2025,6000,6600,6600
Tamil Nadu,Madurai,Palanganatham(Uzhavar Sandhai ),Green Avare (W),Avare (W),Local,30-04-2025,5000,6000,6000
Tamil Nadu,Madurai,Palanganatham(Uzhavar Sandhai ),Onion Green,Onion Green,Local,30-04-2025,4000,4500,4500
Tamil Nadu,Madurai,Palanganatham(Uzhavar Sandhai ),Potato,(Red Nanital),Local,30-04-2025,3000,4000,4000
Tamil Nadu,Madurai,Palanganatham(Uzhavar Sandhai ),Snakeguard,Snakeguard,Local,30-04-2025,4000,4400,4400
Tamil Nadu,Madurai,Palanganatham(Uzhavar Sandhai ),Thondekai,Thondekai,Local,30-04-2025,3000,3600,3600
Tamil Nadu,Madurai,Thirumangalam(Uzhavar Sandhai ),Amaranthus,Amaranthus,Local,30-04-2025,3000,4000,4000
Tamil Nadu,Madurai,Thirumangalam(Uzhavar Sandhai ),Cluster beans,Cluster Beans,Local,30-04-2025,3000,3600,3600
Tamil Nadu,Madurai,Thirumangalam(Uzhavar Sandhai ),Elephant Yam (Suran),Elephant Yam (Suran),Local,30-04-2025,6000,7000,7000
Tamil Nadu,Madurai,Thirumangalam(Uzhavar Sandhai ),Onion,Bellary,Local,30-04-2025,2400,3000,3000
Tamil Nadu,Madurai,Thirumangalam(Uzhavar Sandhai ),Snakeguard,Snakeguard,Local,30-04-2025,4000,4400,4400
Tamil Nadu,Madurai,Usilampatty,Bottle gourd,Bottle Gourd,Local,30-04-2025,1800,2000,2000
Tamil Nadu,Madurai,Usilampatty,Drumstick,Drumstick,Local,30-04-2025,5000,6000,6000
Tamil Nadu,Madurai,Usilampatty,Indian Beans (Seam),Indian Beans (Seam),Local,30-04-2025,8000,9000,9000
Tamil Nadu,Madurai,Usilampatty,Lemon,Lemon,Local,30-04-2025,14000,15000,15000
Tamil Nadu,Nagapattinam,Mayiladuthurai(Uzhavar Sandhai ),Banana,Besrai,Local,30-04-2025,3500,4000,4000
Tamil Nadu,Nagapattinam,Mayiladuthurai(Uzhavar Sandhai ),Brinjal,Round,Local,30-04-2025,3000,3500,3500
Tamil Nadu,Nagapattinam,Mayiladuthurai(Uzhavar Sandhai ),Carrot,Pusakesar,Local,30-04-2025,5000,5000,5000
Tamil Nadu,Nagapattinam,Mayiladuthurai(Uzhavar Sandhai ),Coconut,Coconut,Local,30-04-2025,3000,4000,4000
Tamil Nadu,Nagapattinam,Mayiladuthurai(Uzhavar Sandhai ),Ginger(Green),Green Ginger,Local,30-04-2025,6000,6000,6000
Tamil Nadu,Nagapattinam,Mayiladuthurai(Uzhavar Sandhai ),Green Chilli,Green Chilly,Local,30-04-2025,2500,3000,3000
Tamil Nadu,Nagapattinam,Nagapattinam(Uzhavar Sandhai ),Amaranthus,Amaranthus,Local,30-04-2025,1500,2000,2000
Tamil Nadu,Nagapattinam,Nagapattinam(Uzhavar Sandhai ),Banana - Green,Banana - Green,Local,30-04-2025,2500,2500,2500
Tamil Nadu,Nagapattinam,Nagapattinam(Uzhavar Sandhai ),Bitter gourd,Bitter Gourd,Local,30-04-2025,4500,5500,5500
Tamil Nadu,Nagapattinam,Nagapattinam(Uzhavar Sandhai ),Chow Chow,Chow Chow,Local,30-04-2025,1800,1800,1800
Tamil Nadu,Nagapattinam,Nagapattinam(Uzhavar Sandhai ),Cluster beans,Cluster Beans,Local,30-04-2025,3000,3500,3500
Tamil Nadu,Nagapattinam,Nagapattinam(Uzhavar Sandhai ),Coriander(Leaves),I Sort,Local,30-04-2025,4500,5000,5000
Tamil Nadu,Nagapattinam,Nagapattinam(Uzhavar Sandhai ),Snakeguard,Snakeguard,Local,30-04-2025,1500,2000,2000
Tamil Nadu,Nagapattinam,Nagapattinam(Uzhavar Sandhai ),Yam (Ratalu),Yam (Ratalu),Local,30-04-2025,7500,8000,8000
Tamil Nadu,Nagercoil (Kannyiakumari),Myladi(Uzhavar Sandhai ),Mango (Raw-Ripe),Mango - Raw-Ripe,Local,30-04-2025,2800,3000,3000
Tamil Nadu,Nagercoil (Kannyiakumari),Myladi(Uzhavar Sandhai ),Onion Green,Onion Green,Local,30-04-2025,5000,5500,5500
Tamil Nadu,Nagercoil (Kannyiakumari),Vadaseri,Banana - Green,Banana - Green,Local,30-04-2025,4500,5000,5000
Tamil Nadu,Nagercoil (Kannyiakumari),Vadaseri,Beetroot,Beetroot,Local,30-04-2025,2500,3000,3000
Tamil Nadu,Nagercoil (Kannyiakumari),Vadaseri,Cabbage,Cabbage,Local,30-04-2025,2500,3000,3000
Tamil Nadu,Nagercoil (Kannyiakumari),Vadaseri,Cauliflower,Ranchi,Local,30-04-2025,3500,4000,4000
Tamil Nadu,Nagercoil (Kannyiakumari),Vadaseri,Colacasia,Colacasia,Local,30-04-2025,9000,10000,10000
Tamil Nadu,Nagercoil (Kannyiakumari),Vadaseri,Cowpea(Veg),Cowpea (Veg),Local,30-04-2025,3500,4000,4000
Tamil Nadu,Nagercoil (Kannyiakumari),Vadaseri,Jack Fruit,Jack Fruit,Local,30-04-2025,3500,4000,4000
Tamil Nadu,Nagercoil (Kannyiakumari),Vadaseri,Lemon,Lemon,Local,30-04-2025,13000,14000,14000
Tamil Nadu,Nagercoil (Kannyiakumari),Vadaseri,Pineapple,Pine Apple,Local,30-04-2025,3500,4000,4000
Tamil Nadu,Nagercoil (Kannyiakumari),Vadaseri,Water Melon,Water Melon,Local,30-04-2025,1200,1500,1500
Tamil Nadu,Namakkal,Kumarapalayam(Uzhavar Sandhai ),Ashgourd,Gouard,Local,30-04-2025,1600,2000,2000
Tamil Nadu,Namakkal,Kumarapalayam(Uzhavar Sandhai ),Beetroot,Beetroot,Local,30-04-2025,3000,3500,3500
Tamil Nadu,Namakkal,Kumarapalayam(Uzhavar Sandhai ),Carrot,Pusakesar,Local,30-04-2025,4000,4500,4500
Tamil Nadu,Namakkal,Kumarapalayam(Uzhavar Sandhai ),Cauliflower,Ranchi,Local,30-04-2025,1500,2500,2500
Tamil Nadu,Namakkal,Kumarapalayam(Uzhavar Sandhai ),Elephant Yam (Suran),Elephant Yam (Suran),Local,30-04-2025,5000,6000,6000
Tamil Nadu,Namakkal,Kumarapalayam(Uzhavar Sandhai ),Ginger(Green),Green Ginger,Local,30-04-2025,5000,6000,6000
Tamil Nadu,Namakkal,Kumarapalayam(Uzhavar Sandhai ),Mango (Raw-Ripe),Mango - Raw-Ripe,Local,30-04-2025,3500,4000,4000
Tamil Nadu,Namakkal,Mohanur(Uzhavar Sandhai ),Bhindi(Ladies Finger),Bhindi,Local,30-04-2025,3200,3600,3600
Tamil Nadu,Namakkal,Mohanur(Uzhavar Sandhai ),Brinjal,Round,Local,30-04-2025,3200,4000,4000
Tamil Nadu,Namakkal,Mohanur(Uzhavar Sandhai ),Guava,Guava Alahabad,Local,30-04-2025,4800,6000,6000
Tamil Nadu,Namakkal,Mohanur(Uzhavar Sandhai ),Mango (Raw-Ripe),Mango - Raw-Ripe,Local,30-04-2025,3200,4000,4000
Tamil Nadu,Namakkal,Mohanur(Uzhavar Sandhai ),Mint(Pudina),Mint(Pudina),Local,30-04-2025,3200,4000,4000
Tamil Nadu,Namakkal,Mohanur(Uzhavar Sandhai ),Papaya,Papaya,Local,30-04-2025,3200,3600,3600
Tamil Nadu,Namakkal,Mohanur(Uzhavar Sandhai ),Tapioca,Tapioca,Local,30-04-2025,2000,2400,2400
Tamil Nadu,Namakkal,Mohanur(Uzhavar Sandhai ),Tender Coconut,Tender Coconut,Local,30-04-2025,3000,4000,4000
Tamil Nadu,Namakkal,Namakkal(Uzhavar Sandhai ),Amla(Nelli Kai),Amla,Local,30-04-2025,6000,7000,7000
Tamil Nadu,Namakkal,Namakkal(Uzhavar Sandhai ),Beetroot,Beetroot,Local,30-04-2025,2000,2500,2500
Tamil Nadu,Namakkal,Namakkal(Uzhavar Sandhai ),Brinjal,Round,Local,30-04-2025,2500,3600,3600
Tamil Nadu,Namakkal,Namakkal(Uzhavar Sandhai ),Coriander(Leaves),I Sort,Local,30-04-2025,7000,8000,8000
Tamil Nadu,Namakkal,Namakkal(Uzhavar Sandhai ),Cucumbar(Kheera),Cucumbar,Local,30-04-2025,5000,6000,6000
Tamil Nadu,Namakkal,Namakkal(Uzhavar Sandhai ),Green Avare (W),Avare (W),Local,30-04-2025,7000,7500,7500
Tamil Nadu,Namakkal,Namakkal(Uzhavar Sandhai ),Maize,Deshi Red,Local,30-04-2025,2500,3000,3000
Tamil Nadu,Namakkal,Namakkal(Uzhavar Sandhai ),Mango,Safeda,Local,30-04-2025,7000,8000,8000
Tamil Nadu,Namakkal,Namakkal(Uzhavar Sandhai ),Mint(Pudina),Mint(Pudina),Local,30-04-2025,4500,5000,5000
Tamil Nadu,Namakkal,Namakkal(Uzhavar Sandhai ),Raddish,Raddish,Local,30-04-2025,1800,2000,2000
Tamil Nadu,Namakkal,Namakkal(Uzhavar Sandhai ),Ridgeguard(Tori),Ridgeguard(Tori),Local,30-04-2025,4500,5400,5400
Tamil Nadu,Namakkal,Namakkal(Uzhavar Sandhai ),Tapioca,Tapioca,Local,30-04-2025,2000,2400,2400
Tamil Nadu,Namakkal,Paramathivelur(Uzhavar Sandhai ),Banana - Green,Banana - Green,Local,30-04-2025,2500,3000,3000
Tamil Nadu,Namakkal,Paramathivelur(Uzhavar Sandhai ),Bhindi(Ladies Finger),Bhindi,Local,30-04-2025,3500,4000,4000
Tamil Nadu,Namakkal,Paramathivelur(Uzhavar Sandhai ),Bitter gourd,Bitter Gourd,Local,30-04-2025,3500,4000,4000
Tamil Nadu,Namakkal,Paramathivelur(Uzhavar Sandhai ),Cauliflower,Ranchi,Local,30-04-2025,2500,3000,3000
Tamil Nadu,Namakkal,Paramathivelur(Uzhavar Sandhai ),Chikoos(Sapota),Sapota,Local,30-04-2025,3500,4000,4000
Tamil Nadu,Namakkal,Paramathivelur(Uzhavar Sandhai ),Coconut,Coconut,Local,30-04-2025,5400,6000,6000
Tamil Nadu,Namakkal,Paramathivelur(Uzhavar Sandhai ),Elephant Yam (Suran),Elephant Yam (Suran),Local,30-04-2025,5400,6000,6000
Tamil Nadu,Namakkal,Paramathivelur(Uzhavar Sandhai ),Garlic,Average,Local,30-04-2025,10500,12000,12000
Tamil Nadu,Namakkal,Paramathivelur(Uzhavar Sandhai ),Mashrooms,Mashrooms,Local,30-04-2025,4500,5000,5000
Tamil Nadu,Namakkal,Paramathivelur(Uzhavar Sandhai ),Snakeguard,Snakeguard,Local,30-04-2025,4200,4800,4800
Tamil Nadu,Namakkal,Paramathivelur(Uzhavar Sandhai ),Tomato,Deshi,Local,30-04-2025,1800,2000,2000
Tamil Nadu,Namakkal,Rasipuram(Uzhavar Sandhai ),Beans,Beans (Whole),Local,30-04-2025,7000,7400,7400
Tamil Nadu,Namakkal,Rasipuram(Uzhavar Sandhai ),Beetroot,Beetroot,Local,30-04-2025,2800,3500,3500
Tamil Nadu,Namakkal,Rasipuram(Uzhavar Sandhai ),Bitter gourd,Bitter Gourd,Local,30-04-2025,4000,4200,4200
Tamil Nadu,Namakkal,Rasipuram(Uzhavar Sandhai ),Brinjal,Round,Local,30-04-2025,2200,3500,3500
Tamil Nadu,Namakkal,Rasipuram(Uzhavar Sandhai ),Cabbage,Cabbage,Local,30-04-2025,1000,1500,1500
Tamil Nadu,Namakkal,Rasipuram(Uzhavar Sandhai ),Carrot,Pusakesar,Local,30-04-2025,4000,4600,4600
Tamil Nadu,Namakkal,Rasipuram(Uzhavar Sandhai ),Cluster beans,Cluster Beans,Local,30-04-2025,3500,3800,3800
Tamil Nadu,Namakkal,Rasipuram(Uzhavar Sandhai ),Coriander(Leaves),I Sort,Local,30-04-2025,4800,5400,5400
Tamil Nadu,Namakkal,Rasipuram(Uzhavar Sandhai ),Fig(Anjura/Anjeer),Anjura,Local,30-04-2025,8000,10000,10000
Tamil Nadu,Namakkal,Rasipuram(Uzhavar Sandhai ),Ginger(Green),Green Ginger,Local,30-04-2025,5000,6000,6000
Tamil Nadu,Namakkal,Rasipuram(Uzhavar Sandhai ),Green Chilli,Green Chilly,Local,30-04-2025,2400,3000,3000
Tamil Nadu,Namakkal,Rasipuram(Uzhavar Sandhai ),Jasmine,Jasmine,Local,30-04-2025,40000,44000,44000
Tamil Nadu,Namakkal,Rasipuram(Uzhavar Sandhai ),Onion,Bellary,Local,30-04-2025,2000,3000,3000
Tamil Nadu,Namakkal,Rasipuram(Uzhavar Sandhai ),Rose(Local),Rose (Local),Local,30-04-2025,8000,10000,10000
Tamil Nadu,Namakkal,Rasipuram(Uzhavar Sandhai ),Sweet Potato,Hosur Red,Local,30-04-2025,4200,5000,5000
Tamil Nadu,Namakkal,Rasipuram(Uzhavar Sandhai ),Tapioca,Tapioca,Local,30-04-2025,2000,2400,2400
Tamil Nadu,Namakkal,Rasipuram(Uzhavar Sandhai ),Thondekai,Thondekai,Local,30-04-2025,4000,5000,5000
Tamil Nadu,Namakkal,Rasipuram(Uzhavar Sandhai ),Yam (Ratalu),Yam (Ratalu),Local,30-04-2025,6000,7000,7000
Tamil Nadu,Namakkal,Tiruchengode,Amaranthus,Amaranthus,Local,30-04-2025,2500,3000,3000
Tamil Nadu,Namakkal,Tiruchengode,Amla(Nelli Kai),Amla,Local,30-04-2025,7000,8000,8000
Tamil Nadu,Namakkal,Tiruchengode,Ashgourd,Gouard,Local,30-04-2025,1500,2000,2000
Tamil Nadu,Namakkal,Tiruchengode,Carrot,Pusakesar,Local,30-04-2025,3500,4000,4000
Tamil Nadu,Namakkal,Tiruchengode,Chikoos(Sapota),Sapota,Local,30-04-2025,3500,4000,4000
Tamil Nadu,Namakkal,Tiruchengode,Cucumbar(Kheera),Cucumbar,Local,30-04-2025,4000,6000,6000
Tamil Nadu,Namakkal,Tiruchengode,Garlic,Average,Local,30-04-2025,12000,14000,14000
Tamil Nadu,Namakkal,Tiruchengode,Karbuja(Musk Melon),Karbhuja,Local,30-04-2025,3000,3500,3500
Tamil Nadu,Namakkal,Tiruchengode,Maize,Deshi Red,Local,30-04-2025,2500,3000,3000
Tamil Nadu,Namakkal,Tiruchengode,Onion,Bellary,Local,30-04-2025,3000,3500,3500
Tamil Nadu,Namakkal,Tiruchengode,Pumpkin,Pumpkin,Local,30-04-2025,2000,2500,2500
Tamil Nadu,Namakkal,Tiruchengode,Ridgeguard(Tori),Ridgeguard(Tori),Local,30-04-2025,4000,5000,5000
Tamil Nadu,Namakkal,Tiruchengode,Tomato,Deshi,Local,30-04-2025,1500,1800,1800
Tamil Nadu,Perambalur,Perambalur(Uzhavar Sandhai ),Banana,Besrai,Local,30-04-2025,4000,6000,6000
Tamil Nadu,Perambalur,Perambalur(Uzhavar Sandhai ),Elephant Yam (Suran),Elephant Yam (Suran),Local,30-04-2025,6000,6000,6000
Tamil Nadu,Perambalur,Perambalur(Uzhavar Sandhai ),Green Chilli,Green Chilly,Local,30-04-2025,3000,3000,3000
Tamil Nadu,Perambalur,Perambalur(Uzhavar Sandhai ),Guava,Guava Alahabad,Local,30-04-2025,6000,6000,6000
Tamil Nadu,Perambalur,Perambalur(Uzhavar Sandhai ),Pumpkin,Pumpkin,Local,30-04-2025,1000,1000,1000
Tamil Nadu,Perambalur,Perambalur(Uzhavar Sandhai ),Ridgeguard(Tori),Ridgeguard(Tori),Local,30-04-2025,3600,3600,3600
Tamil Nadu,Perambalur,Perambalur(Uzhavar Sandhai ),Sweet Potato,Hosur Red,Local,30-04-2025,4000,4000,4000
Tamil Nadu,Perambalur,Perambalur(Uzhavar Sandhai ),Tomato,Deshi,Local,30-04-2025,2000,2000,2000
Tamil Nadu,Perambalur,Perambalur(Uzhavar Sandhai ),Yam (Ratalu),Yam (Ratalu),Local,30-04-2025,7200,7200,7200
Tamil Nadu,Pudukkottai,Alangudi(Uzhavar Sandhai ),Banana,Besrai,Local,30-04-2025,5000,6000,6000
Tamil Nadu,Pudukkottai,Alangudi(Uzhavar Sandhai ),Bitter gourd,Bitter Gourd,Local,30-04-2025,2500,3000,3000
Tamil Nadu,Pudukkottai,Alangudi(Uzhavar Sandhai ),Bottle gourd,Bottle Gourd,Local,30-04-2025,800,1000,1000
Tamil Nadu,Pudukkottai,Alangudi(Uzhavar Sandhai ),Cluster beans,Cluster Beans,Local,30-04-2025,2500,3000,3000
Tamil Nadu,Pudukkottai,Alangudi(Uzhavar Sandhai ),Coriander(Leaves),I Sort,Local,30-04-2025,3500,4000,4000
Tamil Nadu,Pudukkottai,Alangudi(Uzhavar Sandhai ),Snakeguard,Snakeguard,Local,30-04-2025,1800,2000,2000
Tamil Nadu,Pudukkottai,Alangudi(Uzhavar Sandhai ),Tomato,Deshi,Local,30-04-2025,1800,2000,2000
Tamil Nadu,Pudukkottai,Aranthangi(Uzhavar Sandhai ),Banana,Besrai,Local,30-04-2025,4500,5000,5000
Tamil Nadu,Pudukkottai,Aranthangi(Uzhavar Sandhai ),Cluster beans,Cluster Beans,Local,30-04-2025,3000,3500,3500
Tamil Nadu,Pudukkottai,Aranthangi(Uzhavar Sandhai ),Mango (Raw-Ripe),Mango - Raw-Ripe,Local,30-04-2025,2500,3000,3000
Tamil Nadu,Pudukkottai,Aranthangi(Uzhavar Sandhai ),Mint(Pudina),Mint(Pudina),Local,30-04-2025,4000,4500,4500
Tamil Nadu,Pudukkottai,Aranthangi(Uzhavar Sandhai ),Papaya,Papaya,Local,30-04-2025,3500,4000,4000
Tamil Nadu,Pudukkottai,Aranthangi(Uzhavar Sandhai ),Sweet Potato,Hosur Red,Local,30-04-2025,3500,4000,4000
Tamil Nadu,Pudukkottai,Gandarvakottai(Uzhavar Sandhai ),Bitter gourd,Bitter Gourd,Local,30-04-2025,1800,2000,2000
Tamil Nadu,Pudukkottai,Gandarvakottai(Uzhavar Sandhai ),Mint(Pudina),Mint(Pudina),Local,30-04-2025,2500,3000,3000
Tamil Nadu,Pudukkottai,Gandarvakottai(Uzhavar Sandhai ),Onion Green,Onion Green,Local,30-04-2025,3500,4000,4000
Tamil Nadu,Pudukkottai,Karambakkudi(Uzhavar Sandhai ),Ashgourd,Gouard,Local,30-04-2025,1000,1000,1000
Tamil Nadu,Pudukkottai,Karambakkudi(Uzhavar Sandhai ),Brinjal,Round,Local,30-04-2025,3000,3500,3500
Tamil Nadu,Pudukkottai,Karambakkudi(Uzhavar Sandhai ),Coriander(Leaves),I Sort,Local,30-04-2025,3500,4000,4000
Tamil Nadu,Pudukkottai,Karambakkudi(Uzhavar Sandhai ),Lemon,Lemon,Local,30-04-2025,9000,10000,10000
Tamil Nadu,Pudukkottai,Karambakkudi(Uzhavar Sandhai ),Mango (Raw-Ripe),Mango - Raw-Ripe,Local,30-04-2025,2500,3000,3000
Tamil Nadu,Pudukkottai,Karambakkudi(Uzhavar Sandhai ),Potato,(Red Nanital),Local,30-04-2025,2500,3000,3000
Tamil Nadu,Pudukkottai,Karambakkudi(Uzhavar Sandhai ),Ridgeguard(Tori),Ridgeguard(Tori),Local,30-04-2025,2500,3000,3000
Tamil Nadu,Pudukkottai,Karambakkudi(Uzhavar Sandhai ),Tomato,Deshi,Local,30-04-2025,1500,1800,1800
Tamil Nadu,Pudukkottai,Viralimalai(Uzhavar Sandhai ),Amaranthus,Amaranthus,Local,30-04-2025,1000,1500,1500
Tamil Nadu,Pudukkottai,Viralimalai(Uzhavar Sandhai ),Ashgourd,Gouard,Local,30-04-2025,500,1000,1000
Tamil Nadu,Pudukkottai,Viralimalai(Uzhavar Sandhai ),Bhindi(Ladies Finger),Bhindi,Local,30-04-2025,1500,2000,2000
Tamil Nadu,Pudukkottai,Viralimalai(Uzhavar Sandhai ),Cluster beans,Cluster Beans,Local,30-04-2025,3000,3500,3500
Tamil Nadu,Pudukkottai,Viralimalai(Uzhavar Sandhai ),Onion Green,Onion Green,Local,30-04-2025,4000,4500,4500
Tamil Nadu,Pudukkottai,Viralimalai(Uzhavar Sandhai ),Pumpkin,Pumpkin,Local,30-04-2025,500,1000,1000
Tamil Nadu,Pudukkottai,Viralimalai(Uzhavar Sandhai ),Raddish,Raddish,Local,30-04-2025,1500,2000,2000
Tamil Nadu,Pudukkottai,Viralimalai(Uzhavar Sandhai ),Snakeguard,Snakeguard,Local,30-04-2025,1500,2000,2000
Tamil Nadu,Ramanathapuram,Paramakudi(Uzhavar Sandhai ),Elephant Yam (Suran),Elephant Yam (Suran),Local,30-04-2025,7000,8000,8000
Tamil Nadu,Ramanathapuram,Paramakudi(Uzhavar Sandhai ),Green Avare (W),Avare (W),Local,30-04-2025,6000,7000,7000
Tamil Nadu,Ranipet,Ranipettai(Uzhavar Sandhai ),Onion Green,Onion Green,Local,30-04-2025,5000,5500,5500
Tamil Nadu,Salem,Ammapet(Uzhavar Sandhai ),Amla(Nelli Kai),Amla,Local,30-04-2025,6000,7000,7000
Tamil Nadu,Salem,Ammapet(Uzhavar Sandhai ),Brinjal,Round,Local,30-04-2025,1400,1600,1600
Tamil Nadu,Salem,Ammapet(Uzhavar Sandhai ),Garlic,Average,Local,30-04-2025,11000,12000,12000
Tamil Nadu,Salem,Ammapet(Uzhavar Sandhai ),Grapes,Annabesahai,Local,30-04-2025,7000,8000,8000
Tamil Nadu,Salem,Ammapet(Uzhavar Sandhai ),Indian Beans (Seam),Indian Beans (Seam),Local,30-04-2025,5500,6000,6000
Tamil Nadu,Salem,Ammapet(Uzhavar Sandhai ),Lime,Lime,Local,30-04-2025,3500,4000,4000
Tamil Nadu,Salem,Ammapet(Uzhavar Sandhai ),Mousambi(Sweet Lime),Mousambi,Local,30-04-2025,3500,4000,4000
Tamil Nadu,Salem,Ammapet(Uzhavar Sandhai ),Papaya,Papaya,Local,30-04-2025,2500,3000,3000
Tamil Nadu,Salem,Ammapet(Uzhavar Sandhai ),Raddish,Raddish,Local,30-04-2025,2000,2400,2400
Tamil Nadu,Salem,Ammapet(Uzhavar Sandhai ),Tomato,Deshi,Local,30-04-2025,1000,1300,1300
Tamil Nadu,Salem,Athur(Uzhavar Sandhai ),Banana,Besrai,Local,30-04-2025,4000,7000,7000
Tamil Nadu,Salem,Athur(Uzhavar Sandhai ),Beetroot,Beetroot,Local,30-04-2025,2500,4500,4500
Tamil Nadu,Salem,Athur(Uzhavar Sandhai ),Bitter gourd,Bitter Gourd,Local,30-04-2025,3000,3500,3500
Tamil Nadu,Salem,Athur(Uzhavar Sandhai ),Cucumbar(Kheera),Cucumbar,Local,30-04-2025,4000,6000,6000
Tamil Nadu,Salem,Athur(Uzhavar Sandhai ),Drumstick,Drumstick,Local,30-04-2025,3000,4000,4000
Tamil Nadu,Salem,Athur(Uzhavar Sandhai ),Groundnut,Big (With Shell),Local,30-04-2025,5000,6000,6000
Tamil Nadu,Salem,Athur(Uzhavar Sandhai ),Karbuja(Musk Melon),Karbhuja,Local,30-04-2025,1000,1500,1500
Tamil Nadu,Salem,Athur(Uzhavar Sandhai ),Mango (Raw-Ripe),Mango - Raw-Ripe,Local,30-04-2025,2500,302500,302500
Tamil Nadu,Salem,Athur(Uzhavar Sandhai ),Marigold(Calcutta),Marigold(Calcutta),Local,30-04-2025,38000,40000,40000
Tamil Nadu,Salem,Attayampatti(Uzhavar Sandhai ),Beans,Beans (Whole),Local,30-04-2025,6500,7000,7000
Tamil Nadu,Salem,Attayampatti(Uzhavar Sandhai ),Coriander(Leaves),I Sort,Local,30-04-2025,3000,3600,3600
Tamil Nadu,Salem,Attayampatti(Uzhavar Sandhai ),Lemon,Lemon,Local,30-04-2025,6500,7000,7000
Tamil Nadu,Salem,Attayampatti(Uzhavar Sandhai ),Onion,Bellary,Local,30-04-2025,2500,3000,3000
Tamil Nadu,Salem,Attayampatti(Uzhavar Sandhai ),Ridgeguard(Tori),Ridgeguard(Tori),Local,30-04-2025,3600,4000,4000
Tamil Nadu,Salem,Edapadi (Uzhavar Sandhai ),Amaranthus,Amaranthus,Local,30-04-2025,2000,2500,2500
Tamil Nadu,Salem,Edapadi (Uzhavar Sandhai ),Chow Chow,Chow Chow,Local,30-04-2025,2500,3000,3000
Tamil Nadu,Salem,Edapadi (Uzhavar Sandhai ),Green Avare (W),Avare (W),Local,30-04-2025,5500,6000,6000
Tamil Nadu,Salem,Edapadi (Uzhavar Sandhai ),Green Chilli,Green Chilly,Local,30-04-2025,2000,2500,2500
Tamil Nadu,Salem,Edapadi (Uzhavar Sandhai ),Mint(Pudina),Mint(Pudina),Local,30-04-2025,2500,3000,3000
Tamil Nadu,Salem,Edapadi (Uzhavar Sandhai ),Raddish,Raddish,Local,30-04-2025,2000,2400,2400
Tamil Nadu,Salem,Edapadi (Uzhavar Sandhai ),Ridgeguard(Tori),Ridgeguard(Tori),Local,30-04-2025,3500,4000,4000
Tamil Nadu,Salem,Edapadi (Uzhavar Sandhai ),Snakeguard,Snakeguard,Local,30-04-2025,2000,2400,2400
Tamil Nadu,Salem,Elampillai(Uzhavar Sandhai ),Banana - Green,Banana - Green,Local,30-04-2025,1800,2000,2000
Tamil Nadu,Salem,Elampillai(Uzhavar Sandhai ),Cluster beans,Cluster Beans,Local,30-04-2025,2600,2800,2800
Tamil Nadu,Salem,Elampillai(Uzhavar Sandhai ),Coriander(Leaves),I Sort,Local,30-04-2025,3600,3800,3800
Tamil Nadu,Salem,Elampillai(Uzhavar Sandhai ),Green Avare (W),Avare (W),Local,30-04-2025,5400,5600,5600
Tamil Nadu,Salem,Elampillai(Uzhavar Sandhai ),Green Chilli,Green Chilly,Local,30-04-2025,3000,3200,3200
Tamil Nadu,Salem,Elampillai(Uzhavar Sandhai ),Mango (Raw-Ripe),Mango - Raw-Ripe,Local,30-04-2025,3000,3500,3500
Tamil Nadu,Salem,Elampillai(Uzhavar Sandhai ),Onion,Bellary,Local,30-04-2025,2500,3000,3000
Tamil Nadu,Salem,Elampillai(Uzhavar Sandhai ),Onion Green,Onion Green,Local,30-04-2025,3500,3800,3800
Tamil Nadu,Salem,Hasthampatti(Uzhavar Sandhai ),Amaranthus,Amaranthus,Local,30-04-2025,1500,2000,2000
Tamil Nadu,Salem,Hasthampatti(Uzhavar Sandhai ),Banana,Besrai,Local,30-04-2025,4500,8000,8000
Tamil Nadu,Salem,Hasthampatti(Uzhavar Sandhai ),Bhindi(Ladies Finger),Bhindi,Local,30-04-2025,2000,2000,2000
Tamil Nadu,Salem,Hasthampatti(Uzhavar Sandhai ),Ginger(Green),Green Ginger,Local,30-04-2025,5000,5400,5400
Tamil Nadu,Salem,Hasthampatti(Uzhavar Sandhai ),Green Avare (W),Avare (W),Local,30-04-2025,6000,6000,6000
Tamil Nadu,Salem,Hasthampatti(Uzhavar Sandhai ),Knool Khol,Knool Khol,Local,30-04-2025,6000,6200,6200
Tamil Nadu,Salem,Hasthampatti(Uzhavar Sandhai ),Onion,Bellary,Local,30-04-2025,2500,3000,3000
Tamil Nadu,Salem,Hasthampatti(Uzhavar Sandhai ),Onion Green,Onion Green,Local,30-04-2025,3500,3800,3800
Tamil Nadu,Salem,Hasthampatti(Uzhavar Sandhai ),Potato,(Red Nanital),Local,30-04-2025,3800,5000,5000
Tamil Nadu,Salem,Hasthampatti(Uzhavar Sandhai ),Ridgeguard(Tori),Ridgeguard(Tori),Local,30-04-2025,3600,4000,4000
Tamil Nadu,Salem,Jalagandapuram(Uzhavar Sandhai ),Amaranthus,Amaranthus,Local,30-04-2025,1800,2000,2000
Tamil Nadu,Salem,Jalagandapuram(Uzhavar Sandhai ),Beans,Beans (Whole),Local,30-04-2025,7000,10000,10000
Tamil Nadu,Salem,Jalagandapuram(Uzhavar Sandhai ),Bitter gourd,Bitter Gourd,Local,30-04-2025,3600,4000,4000
Tamil Nadu,Salem,Jalagandapuram(Uzhavar Sandhai ),Cucumbar(Kheera),Cucumbar,Local,30-04-2025,3500,4000,4000
Tamil Nadu,Salem,Jalagandapuram(Uzhavar Sandhai ),Ginger(Green),Green Ginger,Local,30-04-2025,5000,5400,5400
Tamil Nadu,Salem,Jalagandapuram(Uzhavar Sandhai ),Onion,Bellary,Local,30-04-2025,2500,3000,3000
Tamil Nadu,Salem,Jalagandapuram(Uzhavar Sandhai ),Raddish,Raddish,Local,30-04-2025,1800,2000,2000
Tamil Nadu,Salem,Jalagandapuram(Uzhavar Sandhai ),Snakeguard,Snakeguard,Local,30-04-2025,2000,2400,2400
Tamil Nadu,Salem,Jalagandapuram(Uzhavar Sandhai ),Sweet Potato,Hosur Red,Local,30-04-2025,3500,4000,4000
Tamil Nadu,Salem,Mettur(Uzhavar Sandhai ),Amaranthus,Amaranthus,Local,30-04-2025,2000,2000,2000
Tamil Nadu,Salem,Mettur(Uzhavar Sandhai ),Banana,Besrai,Local,30-04-2025,4000,6000,6000
Tamil Nadu,Salem,Mettur(Uzhavar Sandhai ),Green Avare (W),Avare (W),Local,30-04-2025,5400,6000,6000
Tamil Nadu,Salem,Mettur(Uzhavar Sandhai ),Mango (Raw-Ripe),Mango - Raw-Ripe,Local,30-04-2025,3000,3000,3000
Tamil Nadu,Salem,Mettur(Uzhavar Sandhai ),Marigold(Calcutta),Marigold(Calcutta),Local,30-04-2025,15000,17000,17000
Tamil Nadu,Salem,Mettur(Uzhavar Sandhai ),Rose(Local),Rose (Local),Local,30-04-2025,20000,25000,25000
Tamil Nadu,Salem,Sooramangalam(Uzhavar Sandhai ),Banana,Besrai,Local,30-04-2025,4000,8000,8000
Tamil Nadu,Salem,Sooramangalam(Uzhavar Sandhai ),Cabbage,Cabbage,Local,30-04-2025,3000,3400,3400
Tamil Nadu,Salem,Sooramangalam(Uzhavar Sandhai ),Cauliflower,Ranchi,Local,30-04-2025,2000,2500,2500
Tamil Nadu,Salem,Sooramangalam(Uzhavar Sandhai ),Chow Chow,Chow Chow,Local,30-04-2025,3000,3200,3200
Tamil Nadu,Salem,Sooramangalam(Uzhavar Sandhai ),Green Avare (W),Avare (W),Local,30-04-2025,5600,6000,6000
Tamil Nadu,Salem,Sooramangalam(Uzhavar Sandhai ),Jasmine,Jasmine,Local,30-04-2025,24000,25000,25000
Tamil Nadu,Salem,Sooramangalam(Uzhavar Sandhai ),Mango (Raw-Ripe),Mango - Raw-Ripe,Local,30-04-2025,2500,3000,3000
Tamil Nadu,Salem,Sooramangalam(Uzhavar Sandhai ),Snakeguard,Snakeguard,Local,30-04-2025,2000,2400,2400
Tamil Nadu,Salem,Sooramangalam(Uzhavar Sandhai ),Tender Coconut,Tender Coconut,Local,30-04-2025,2500,3000,3000
Tamil Nadu,Salem,Thammampatti (Uzhavar Sandhai ),Banana - Green,Banana - Green,Local,30-04-2025,2000,2500,2500
Tamil Nadu,Salem,Thammampatti (Uzhavar Sandhai ),Cauliflower,Ranchi,Local,30-04-2025,2000,2500,2500
Tamil Nadu,Salem,Thammampatti (Uzhavar Sandhai ),Cluster beans,Cluster Beans,Local,30-04-2025,3200,3600,3600
Tamil Nadu,Salem,Thammampatti (Uzhavar Sandhai ),Drumstick,Drumstick,Local,30-04-2025,4500,5000,5000
Tamil Nadu,Salem,Thammampatti (Uzhavar Sandhai ),Green Avare (W),Avare (W),Local,30-04-2025,5000,5500,5500
Tamil Nadu,Salem,Thathakapatti(Uzhavar Sandhai ),Amaranthus,Amaranthus,Local,30-04-2025,1800,2000,2000
Tamil Nadu,Salem,Thathakapatti(Uzhavar Sandhai ),Banana,Besrai,Local,30-04-2025,3500,8000,8000
Tamil Nadu,Salem,Thathakapatti(Uzhavar Sandhai ),Bhindi(Ladies Finger),Bhindi,Local,30-04-2025,1500,2000,2000
Tamil Nadu,Salem,Thathakapatti(Uzhavar Sandhai ),Capsicum,Capsicum,Local,30-04-2025,5600,6000,6000
Tamil Nadu,Salem,Thathakapatti(Uzhavar Sandhai ),Green Peas,Green Peas,Local,30-04-2025,15000,16000,16000
Tamil Nadu,Salem,Thathakapatti(Uzhavar Sandhai ),Guava,Guava Alahabad,Local,30-04-2025,5000,6000,6000
Tamil Nadu,Salem,Thathakapatti(Uzhavar Sandhai ),Sweet Potato,Hosur Red,Local,30-04-2025,3500,4000,4000
Tamil Nadu,Salem,Thathakapatti(Uzhavar Sandhai ),Thondekai,Thondekai,Local,30-04-2025,4500,5000,5000
Tamil Nadu,Salem,Thathakapatti(Uzhavar Sandhai ),Water Melon,Water Melon,Local,30-04-2025,1200,1500,1500
Tamil Nadu,Salem,Thathakapatti(Uzhavar Sandhai ),Yam (Ratalu),Yam (Ratalu),Local,30-04-2025,7000,8000,8000
Tamil Nadu,Sivaganga,Karaikudi(Uzhavar Sandhai ),Beetroot,Beetroot,Local,30-04-2025,2800,3500,3500
Tamil Nadu,Sivaganga,Karaikudi(Uzhavar Sandhai ),Bhindi(Ladies Finger),Bhindi,Local,30-04-2025,2400,2800,2800
Tamil Nadu,Sivaganga,Karaikudi(Uzhavar Sandhai ),Bottle gourd,Bottle Gourd,Local,30-04-2025,2500,2500,2500
Tamil Nadu,Sivaganga,Karaikudi(Uzhavar Sandhai ),Cluster beans,Cluster Beans,Local,30-04-2025,3500,4000,4000
Tamil Nadu,Sivaganga,Karaikudi(Uzhavar Sandhai ),Lemon,Lemon,Local,30-04-2025,15000,16000,16000
Tamil Nadu,Sivaganga,Karaikudi(Uzhavar Sandhai ),Yam (Ratalu),Yam (Ratalu),Local,30-04-2025,8500,9500,9500
Tamil Nadu,Sivaganga,Singampunari(Uzhavar Sandhai ),Beetroot,Beetroot,Local,30-04-2025,2500,3500,3500
Tamil Nadu,Sivaganga,Singampunari(Uzhavar Sandhai ),Bottle gourd,Bottle Gourd,Local,30-04-2025,2000,2200,2200
Tamil Nadu,Sivaganga,Singampunari(Uzhavar Sandhai ),Mango (Raw-Ripe),Mango - Raw-Ripe,Local,30-04-2025,2000,2500,2500
Tamil Nadu,Sivaganga,Singampunari(Uzhavar Sandhai ),Potato,(Red Nanital),Local,30-04-2025,2500,4000,4000
Tamil Nadu,Sivaganga,Sivagangai (Uzhavar Sandhai ),Cauliflower,Ranchi,Local,30-04-2025,3200,3800,3800
Tamil Nadu,Sivaganga,Sivagangai (Uzhavar Sandhai ),Chow Chow,Chow Chow,Local,30-04-2025,1600,2000,2000
Tamil Nadu,Sivaganga,Sivagangai (Uzhavar Sandhai ),Mashrooms,Mashrooms,Local,30-04-2025,25000,25000,25000
Tamil Nadu,Sivaganga,Tirupatthur(Uzhavar Sandhai ),Banana,Besrai,Local,30-04-2025,3500,4000,4000
Tamil Nadu,Sivaganga,Tirupatthur(Uzhavar Sandhai ),Cauliflower,Ranchi,Local,30-04-2025,3400,4000,4000
Tamil Nadu,Sivaganga,Tirupatthur(Uzhavar Sandhai ),Elephant Yam (Suran),Elephant Yam (Suran),Local,30-04-2025,6400,7400,7400
Tamil Nadu,Sivaganga,Tirupatthur(Uzhavar Sandhai ),Knool Khol,Knool Khol,Local,30-04-2025,4200,5200,5200
Tamil Nadu,Thanjavur,Papanasam(Uzhavar Sandhai ),Bhindi(Ladies Finger),Bhindi,Local,30-04-2025,3000,3000,3000
Tamil Nadu,Thanjavur,Papanasam(Uzhavar Sandhai ),Brinjal,Round,Local,30-04-2025,3000,3000,3000
Tamil Nadu,Thanjavur,Papanasam(Uzhavar Sandhai ),Coriander(Leaves),I Sort,Local,30-04-2025,3600,3600,3600
Tamil Nadu,Thanjavur,Papanasam(Uzhavar Sandhai ),Green Chilli,Green Chilly,Local,30-04-2025,3000,3000,3000
Tamil Nadu,Thanjavur,Papanasam(Uzhavar Sandhai ),Mango (Raw-Ripe),Mango - Raw-Ripe,Local,30-04-2025,3000,3000,3000
Tamil Nadu,Thanjavur,Papanasam(Uzhavar Sandhai ),Onion,Bellary,Local,30-04-2025,3000,3000,3000
Tamil Nadu,Thanjavur,Papanasam(Uzhavar Sandhai ),Tomato,Deshi,Local,30-04-2025,1800,1800,1800
Tamil Nadu,Thanjavur,Papanasam(Uzhavar Sandhai ),Yam (Ratalu),Yam (Ratalu),Local,30-04-2025,9000,9000,9000
Tamil Nadu,Thanjavur,Pattukottai(Uzhavar Sandhai ),Beetroot,Beetroot,Local,30-04-2025,3400,3400,3400
Tamil Nadu,Thanjavur,Pattukottai(Uzhavar Sandhai ),Bhindi(Ladies Finger),Bhindi,Local,30-04-2025,2800,2800,2800
Tamil Nadu,Thanjavur,Pattukottai(Uzhavar Sandhai ),Bitter gourd,Bitter Gourd,Local,30-04-2025,2800,2800,2800
Tamil Nadu,Thanjavur,Pattukottai(Uzhavar Sandhai ),Bottle gourd,Bottle Gourd,Local,30-04-2025,2000,2000,2000
Tamil Nadu,Thanjavur,Pattukottai(Uzhavar Sandhai ),Brinjal,Round,Local,30-04-2025,2800,3800,3800
Tamil Nadu,Thanjavur,Pattukottai(Uzhavar Sandhai ),Carrot,Pusakesar,Local,30-04-2025,5000,5000,5000
Tamil Nadu,Thanjavur,Pattukottai(Uzhavar Sandhai ),Chow Chow,Chow Chow,Local,30-04-2025,2000,2000,2000
Tamil Nadu,Thanjavur,Pattukottai(Uzhavar Sandhai ),Jack Fruit,Jack Fruit,Local,30-04-2025,3500,3500,3500
Tamil Nadu,Thanjavur,Pattukottai(Uzhavar Sandhai ),Ridgeguard(Tori),Ridgeguard(Tori),Local,30-04-2025,4000,4000,4000
Tamil Nadu,Thanjavur,Thanjavur(Uzhavar Sandhai ),Apple,American,Local,30-04-2025,24000,24000,24000
Tamil Nadu,Thanjavur,Thanjavur(Uzhavar Sandhai ),Carrot,Pusakesar,Local,30-04-2025,3600,3600,3600
Tamil Nadu,Thanjavur,Thanjavur(Uzhavar Sandhai ),Chow Chow,Chow Chow,Local,30-04-2025,2000,2000,2000
Tamil Nadu,Thanjavur,Thanjavur(Uzhavar Sandhai ),Coriander(Leaves),I Sort,Local,30-04-2025,4500,4500,4500
Tamil Nadu,Thanjavur,Thanjavur(Uzhavar Sandhai ),Drumstick,Drumstick,Local,30-04-2025,4400,4400,4400
Tamil Nadu,Thanjavur,Thanjavur(Uzhavar Sandhai ),Green Chilli,Green Chilly,Local,30-04-2025,2600,2600,2600
Tamil Nadu,Thanjavur,Thanjavur(Uzhavar Sandhai ),Mango,Safeda,Local,30-04-2025,8000,8000,8000
Tamil Nadu,Thanjavur,Thanjavur(Uzhavar Sandhai ),Pumpkin,Pumpkin,Local,30-04-2025,1600,1600,1600
Tamil Nadu,Thanjavur,Thanjavur(Uzhavar Sandhai ),Yam (Ratalu),Yam (Ratalu),Local,30-04-2025,7000,7000,7000
Tamil Nadu,The Nilgiris,Gudalur(Uzhavar Sandhai ),Ashgourd,Gouard,Local,30-04-2025,1800,2000,2000
Tamil Nadu,The Nilgiris,Gudalur(Uzhavar Sandhai ),Bhindi(Ladies Finger),Bhindi,Local,30-04-2025,3000,3500,3500
Tamil Nadu,The Nilgiris,Gudalur(Uzhavar Sandhai ),Bottle gourd,Bottle Gourd,Local,30-04-2025,1800,2000,2000
Tamil Nadu,The Nilgiris,Gudalur(Uzhavar Sandhai ),Coconut,Coconut,Local,30-04-2025,6800,7000,7000
Tamil Nadu,The Nilgiris,Gudalur(Uzhavar Sandhai ),Raddish,Raddish,Local,30-04-2025,2500,3000,3000
Tamil Nadu,The Nilgiris,Udhagamandalam(Uzhavar Sandhai ),Banana - Green,Banana - Green,Local,30-04-2025,3500,4000,4000
Tamil Nadu,The Nilgiris,Udhagamandalam(Uzhavar Sandhai ),Beans,Beans (Whole),Local,30-04-2025,7000,8000,8000
Tamil Nadu,The Nilgiris,Udhagamandalam(Uzhavar Sandhai ),Ginger(Green),Green Ginger,Local,30-04-2025,5000,5500,5500
Tamil Nadu,The Nilgiris,Udhagamandalam(Uzhavar Sandhai ),Grapes,Annabesahai,Local,30-04-2025,10000,12000,12000
Tamil Nadu,The Nilgiris,Udhagamandalam(Uzhavar Sandhai ),Onion Green,Onion Green,Local,30-04-2025,3500,3800,3800
Tamil Nadu,The Nilgiris,Udhagamandalam(Uzhavar Sandhai ),Pineapple,Pine Apple,Local,30-04-2025,7000,8000,8000
Tamil Nadu,The Nilgiris,Udhagamandalam(Uzhavar Sandhai ),Potato,(Red Nanital),Local,30-04-2025,3500,4000,4000
Tamil Nadu,The Nilgiris,Udhagamandalam(Uzhavar Sandhai ),Snakeguard,Snakeguard,Local,30-04-2025,2000,2500,2500
Tamil Nadu,The Nilgiris,Udhagamandalam(Uzhavar Sandhai ),Tomato,Deshi,Local,30-04-2025,1800,2000,2000
Tamil Nadu,Theni,Bodinayakanur(Uzhavar Sandhai ),Amaranthus,Amaranthus,Local,30-04-2025,2500,2500,2500
Tamil Nadu,Theni,Bodinayakanur(Uzhavar Sandhai ),Banana,Besrai,Local,30-04-2025,5000,6000,6000
Tamil Nadu,Theni,Bodinayakanur(Uzhavar Sandhai ),Bitter gourd,Bitter Gourd,Local,30-04-2025,3500,3800,3800
Tamil Nadu,Theni,Bodinayakanur(Uzhavar Sandhai ),Chow Chow,Chow Chow,Local,30-04-2025,1200,1400,1400
Tamil Nadu,Theni,Bodinayakanur(Uzhavar Sandhai ),Coconut,Coconut,Local,30-04-2025,5800,6000,6000
Tamil Nadu,Theni,Bodinayakanur(Uzhavar Sandhai ),Knool Khol,Knool Khol,Local,30-04-2025,3300,3500,3500
Tamil Nadu,Theni,Bodinayakanur(Uzhavar Sandhai ),Pumpkin,Pumpkin,Local,30-04-2025,1000,1300,1300
Tamil Nadu,Theni,Bodinayakanur(Uzhavar Sandhai ),Raddish,Raddish,Local,30-04-2025,1600,1800,1800
Tamil Nadu,Theni,Bodinayakanur(Uzhavar Sandhai ),Ridgeguard(Tori),Ridgeguard(Tori),Local,30-04-2025,3400,3600,3600
Tamil Nadu,Theni,Chinnamanur(Uzhavar Sandhai ),Beetroot,Beetroot,Local,30-04-2025,2000,2000,2000
Tamil Nadu,Theni,Chinnamanur(Uzhavar Sandhai ),Bhindi(Ladies Finger),Bhindi,Local,30-04-2025,2000,2000,2000
Tamil Nadu,Theni,Chinnamanur(Uzhavar Sandhai ),Cabbage,Cabbage,Local,30-04-2025,1500,1500,1500
Tamil Nadu,Theni,Chinnamanur(Uzhavar Sandhai ),Green Avare (W),Avare (W),Local,30-04-2025,5400,5400,5400
Tamil Nadu,Theni,Chinnamanur(Uzhavar Sandhai ),Mango (Raw-Ripe),Mango - Raw-Ripe,Local,30-04-2025,2200,2200,2200
Tamil Nadu,Theni,Chinnamanur(Uzhavar Sandhai ),Onion,Bellary,Local,30-04-2025,2400,2400,2400
Tamil Nadu,Theni,Chinnamanur(Uzhavar Sandhai ),Papaya,Papaya,Local,30-04-2025,3000,3000,3000
Tamil Nadu,Theni,Chinnamanur(Uzhavar Sandhai ),Raddish,Raddish,Local,30-04-2025,1800,1800,1800
Tamil Nadu,Theni,Chinnamanur(Uzhavar Sandhai ),Sweet Potato,Hosur Red,Local,30-04-2025,3500,3500,3500
Tamil Nadu,Theni,Chinnamanur(Uzhavar Sandhai ),Tapioca,Tapioca,Local,30-04-2025,2600,2600,2600
Tamil Nadu,Theni,Chinnamanur(Uzhavar Sandhai ),Thondekai,Thondekai,Local,30-04-2025,1200,1200,1200
Tamil Nadu,Theni,Chinnamanur(Uzhavar Sandhai ),Tomato,Deshi,Local,30-04-2025,1500,1500,1500
Tamil Nadu,Theni,Devaram(Uzhavar Sandhai ),Bottle gourd,Bottle Gourd,Local,30-04-2025,800,800,800
Tamil Nadu,Theni,Devaram(Uzhavar Sandhai ),Cauliflower,Ranchi,Local,30-04-2025,2000,2000,2000
Tamil Nadu,Theni,Devaram(Uzhavar Sandhai ),Cluster beans,Cluster Beans,Local,30-04-2025,2000,2000,2000
Tamil Nadu,Theni,Devaram(Uzhavar Sandhai ),Coconut,Coconut,Local,30-04-2025,5800,5800,5800
Tamil Nadu,Theni,Devaram(Uzhavar Sandhai ),Onion,Bellary,Local,30-04-2025,2400,2400,2400
Tamil Nadu,Theni,Devaram(Uzhavar Sandhai ),Papaya,Papaya,Local,30-04-2025,2500,3000,3000
Tamil Nadu,Theni,Devaram(Uzhavar Sandhai ),Pumpkin,Pumpkin,Local,30-04-2025,1000,1200,1200
Tamil Nadu,Theni,Kambam(Uzhavar Sandhai ),Banana - Green,Banana - Green,Local,30-04-2025,2400,2400,2400
Tamil Nadu,Theni,Kambam(Uzhavar Sandhai ),Betal Leaves,Mysore,Local,30-04-2025,16000,16000,16000
Tamil Nadu,Theni,Kambam(Uzhavar Sandhai ),Cluster beans,Cluster Beans,Local,30-04-2025,2500,2500,2500
Tamil Nadu,Theni,Kambam(Uzhavar Sandhai ),Coconut,Coconut,Local,30-04-2025,5800,5800,5800
Tamil Nadu,Theni,Kambam(Uzhavar Sandhai ),Ginger(Green),Green Ginger,Local,30-04-2025,4500,4500,4500
Tamil Nadu,Theni,Kambam(Uzhavar Sandhai ),Mashrooms,Mashrooms,Local,30-04-2025,22500,22500,22500
Tamil Nadu,Theni,Periyakulam(Uzhavar Sandhai ),Banana,Besrai,Local,30-04-2025,5000,6000,6000
Tamil Nadu,Theni,Periyakulam(Uzhavar Sandhai ),Beans,Beans (Whole),Local,30-04-2025,3400,3600,3600
Tamil Nadu,Theni,Periyakulam(Uzhavar Sandhai ),Carrot,Pusakesar,Local,30-04-2025,2800,3000,3000
Tamil Nadu,Theni,Periyakulam(Uzhavar Sandhai ),Coriander(Leaves),I Sort,Local,30-04-2025,5000,5000,5000
Tamil Nadu,Theni,Periyakulam(Uzhavar Sandhai ),Elephant Yam (Suran),Elephant Yam (Suran),Local,30-04-2025,5800,5800,5800
Tamil Nadu,Theni,Periyakulam(Uzhavar Sandhai ),Mango (Raw-Ripe),Mango - Raw-Ripe,Local,30-04-2025,2000,2200,2200
Tamil Nadu,Theni,Periyakulam(Uzhavar Sandhai ),Onion,Bellary,Local,30-04-2025,2000,2400,2400
Tamil Nadu,Theni,Periyakulam(Uzhavar Sandhai ),Potato,(Red Nanital),Local,30-04-2025,3400,3600,3600
Tamil Nadu,Theni,Theni(Uzhavar Sandhai ),Beans,Beans (Whole),Local,30-04-2025,3600,3600,3600
Tamil Nadu,Theni,Theni(Uzhavar Sandhai ),Betal Leaves,Mysore,Local,30-04-2025,16000,16000,16000
Tamil Nadu,Theni,Theni(Uzhavar Sandhai ),Karbuja(Musk Melon),Karbhuja,Local,30-04-2025,5000,5000,5000
Tamil Nadu,Theni,Theni(Uzhavar Sandhai ),Onion Green,Onion Green,Local,30-04-2025,3000,3800,3800
Tamil Nadu,Theni,Theni(Uzhavar Sandhai ),Pineapple,Pine Apple,Local,30-04-2025,8000,8000,8000
Tamil Nadu,Theni,Theni(Uzhavar Sandhai ),Pumpkin,Pumpkin,Local,30-04-2025,1000,1400,1400
Tamil Nadu,Theni,Theni(Uzhavar Sandhai ),Tomato,Deshi,Local,30-04-2025,1200,1600,1600
Tamil Nadu,Theni,Theni(Uzhavar Sandhai ),Yam (Ratalu),Yam (Ratalu),Local,30-04-2025,8400,8400,8400
Tamil Nadu,Thiruchirappalli,Lalgudi(Uzhavar Sandhai ),Banana - Green,Banana - Green,Local,30-04-2025,3000,3000,3000
Tamil Nadu,Thiruchirappalli,Lalgudi(Uzhavar Sandhai ),Chow Chow,Chow Chow,Local,30-04-2025,2000,2000,2000
Tamil Nadu,Thiruchirappalli,Lalgudi(Uzhavar Sandhai ),Cluster beans,Cluster Beans,Local,30-04-2025,3000,3000,3000
Tamil Nadu,Thiruchirappalli,Lalgudi(Uzhavar Sandhai ),Cucumbar(Kheera),Cucumbar,Local,30-04-2025,3000,3000,3000
Tamil Nadu,Thiruchirappalli,Lalgudi(Uzhavar Sandhai ),Elephant Yam (Suran),Elephant Yam (Suran),Local,30-04-2025,6000,6000,6000
Tamil Nadu,Thiruchirappalli,Lalgudi(Uzhavar Sandhai ),Green Chilli,Green Chilly,Local,30-04-2025,2500,2500,2500
Tamil Nadu,Thiruchirappalli,Lalgudi(Uzhavar Sandhai ),Indian Beans (Seam),Indian Beans (Seam),Local,30-04-2025,2600,2600,2600
Tamil Nadu,Thiruchirappalli,Lalgudi(Uzhavar Sandhai ),Lemon,Lemon,Local,30-04-2025,10000,10000,10000
Tamil Nadu,Thiruchirappalli,Lalgudi(Uzhavar Sandhai ),Mango (Raw-Ripe),Mango - Raw-Ripe,Local,30-04-2025,3600,3600,3600
Tamil Nadu,Thiruchirappalli,Lalgudi(Uzhavar Sandhai ),Mint(Pudina),Mint(Pudina),Local,30-04-2025,3000,3000,3000
Tamil Nadu,Thiruchirappalli,Lalgudi(Uzhavar Sandhai ),Papaya,Papaya,Local,30-04-2025,3000,3000,3000
Tamil Nadu,Thiruchirappalli,Lalgudi(Uzhavar Sandhai ),Raddish,Raddish,Local,30-04-2025,2500,2500,2500
Tamil Nadu,Thiruchirappalli,Lalgudi(Uzhavar Sandhai ),Sweet Potato,Hosur Red,Local,30-04-2025,4000,4000,4000
Tamil Nadu,Thiruchirappalli,Lalgudi(Uzhavar Sandhai ),Tapioca,Tapioca,Local,30-04-2025,3000,3000,3000
Tamil Nadu,Thiruchirappalli,Lalgudi(Uzhavar Sandhai ),Tomato,Deshi,Local,30-04-2025,1800,1800,1800
Tamil Nadu,Thiruchirappalli,Lalgudi(Uzhavar Sandhai ),Yam (Ratalu),Yam (Ratalu),Local,30-04-2025,7800,7800,7800
Tamil Nadu,Thiruchirappalli,Manachanallur(Uzhavar Sandhai ),Bhindi(Ladies Finger),Bhindi,Local,30-04-2025,2000,2400,2400
Tamil Nadu,Thiruchirappalli,Manachanallur(Uzhavar Sandhai ),Brinjal,Round,Local,30-04-2025,3500,4000,4000
Tamil Nadu,Thiruchirappalli,Manachanallur(Uzhavar Sandhai ),Cauliflower,Ranchi,Local,30-04-2025,3000,3000,3000
Tamil Nadu,Thiruchirappalli,Manachanallur(Uzhavar Sandhai ),Coconut,Coconut,Local,30-04-2025,7000,7000,7000
Tamil Nadu,Thiruchirappalli,Manachanallur(Uzhavar Sandhai ),Ginger(Green),Green Ginger,Local,30-04-2025,5000,5000,5000
Tamil Nadu,Thiruchirappalli,Manachanallur(Uzhavar Sandhai ),Onion Green,Onion Green,Local,30-04-2025,4000,5000,5000
Tamil Nadu,Thiruchirappalli,Manapparai(Uzhavar Sandhai ),Brinjal,Round,Local,30-04-2025,3000,4000,4000
Tamil Nadu,Thiruchirappalli,Manapparai(Uzhavar Sandhai ),Chow Chow,Chow Chow,Local,30-04-2025,2000,2000,2000
Tamil Nadu,Thiruchirappalli,Manapparai(Uzhavar Sandhai ),Cowpea(Veg),Cowpea (Veg),Local,30-04-2025,3000,3000,3000
Tamil Nadu,Thiruchirappalli,Manapparai(Uzhavar Sandhai ),Garlic,Average,Local,30-04-2025,15000,15000,15000
Tamil Nadu,Thiruchirappalli,Manapparai(Uzhavar Sandhai ),Ginger(Green),Green Ginger,Local,30-04-2025,6000,6000,6000
Tamil Nadu,Thiruchirappalli,Manapparai(Uzhavar Sandhai ),Green Avare (W),Avare (W),Local,30-04-2025,5000,5000,5000
Tamil Nadu,Thiruchirappalli,Manapparai(Uzhavar Sandhai ),Mint(Pudina),Mint(Pudina),Local,30-04-2025,3000,3000,3000
Tamil Nadu,Thiruchirappalli,Manapparai(Uzhavar Sandhai ),Onion Green,Onion Green,Local,30-04-2025,4000,5000,5000
Tamil Nadu,Thiruchirappalli,Manapparai(Uzhavar Sandhai ),Pumpkin,Pumpkin,Local,30-04-2025,1200,1200,1200
Tamil Nadu,Thiruchirappalli,Manapparai(Uzhavar Sandhai ),Raddish,Raddish,Local,30-04-2025,2400,2400,2400
Tamil Nadu,Thiruchirappalli,Musiri(Uzhavar Sandhai ),Amaranthus,Amaranthus,Local,30-04-2025,1000,1500,1500
Tamil Nadu,Thiruchirappalli,Musiri(Uzhavar Sandhai ),Ashgourd,Gouard,Local,30-04-2025,1000,1200,1200
Tamil Nadu,Thiruchirappalli,Musiri(Uzhavar Sandhai ),Banana,Besrai,Local,30-04-2025,3500,4000,4000
Tamil Nadu,Thiruchirappalli,Musiri(Uzhavar Sandhai ),Beetroot,Beetroot,Local,30-04-2025,2500,3000,3000
Tamil Nadu,Thiruchirappalli,Musiri(Uzhavar Sandhai ),Bhindi(Ladies Finger),Bhindi,Local,30-04-2025,2000,2600,2600
Tamil Nadu,Thiruchirappalli,Musiri(Uzhavar Sandhai ),Brinjal,Round,Local,30-04-2025,2000,4000,4000
Tamil Nadu,Thiruchirappalli,Musiri(Uzhavar Sandhai ),Drumstick,Drumstick,Local,30-04-2025,3500,4000,4000
Tamil Nadu,Thiruchirappalli,Musiri(Uzhavar Sandhai ),Lemon,Lemon,Local,30-04-2025,9000,10000,10000
Tamil Nadu,Thiruchirappalli,Musiri(Uzhavar Sandhai ),Lime,Lime,Local,30-04-2025,3500,4000,4000
Tamil Nadu,Thiruchirappalli,Musiri(Uzhavar Sandhai ),Marigold(Calcutta),Marigold(Calcutta),Local,30-04-2025,6500,7000,7000
Tamil Nadu,Thiruchirappalli,Musiri(Uzhavar Sandhai ),Onion,Bellary,Local,30-04-2025,2500,3000,3000
Tamil Nadu,Thiruchirappalli,Musiri(Uzhavar Sandhai ),Ridgeguard(Tori),Ridgeguard(Tori),Local,30-04-2025,3000,3600,3600
Tamil Nadu,Thiruchirappalli,Thuraiyur,Brinjal,Round,Local,30-04-2025,2600,4000,4000
Tamil Nadu,Thiruchirappalli,Thuraiyur,Chow Chow,Chow Chow,Local,30-04-2025,2000,2000,2000
Tamil Nadu,Thiruchirappalli,Thuraiyur,Drumstick,Drumstick,Local,30-04-2025,4000,5000,5000
Tamil Nadu,Thiruchirappalli,Thuraiyur,Garlic,Average,Local,30-04-2025,11000,11000,11000
Tamil Nadu,Thiruchirappalli,Thuraiyur,Indian Beans (Seam),Indian Beans (Seam),Local,30-04-2025,7000,7000,7000
Tamil Nadu,Thiruchirappalli,Thuraiyur,Lime,Lime,Local,30-04-2025,4000,4000,4000
Tamil Nadu,Thiruchirappalli,Thuraiyur,Mango (Raw-Ripe),Mango - Raw-Ripe,Local,30-04-2025,3000,3500,3500
Tamil Nadu,Thiruchirappalli,Thuraiyur,Mashrooms,Mashrooms,Local,30-04-2025,25000,25000,25000
Tamil Nadu,Thiruchirappalli,Thuraiyur,Raddish,Raddish,Local,30-04-2025,2500,2500,2500
Tamil Nadu,Thiruchirappalli,Thuraiyur,Tender Coconut,Tender Coconut,Local,30-04-2025,4000,5000,5000
Tamil Nadu,Thirunelveli,Melapalayam(Uzhavar Sandhai ),Banana - Green,Banana - Green,Local,30-04-2025,1800,2000,2000
Tamil Nadu,Thirunelveli,Melapalayam(Uzhavar Sandhai ),Carrot,Pusakesar,Local,30-04-2025,2000,3600,3600
Tamil Nadu,Thirunelveli,Melapalayam(Uzhavar Sandhai ),Cauliflower,Ranchi,Local,30-04-2025,4000,4400,4400
Tamil Nadu,Thirunelveli,Melapalayam(Uzhavar Sandhai ),Coconut,Coconut,Local,30-04-2025,6100,6200,6200
Tamil Nadu,Thirunelveli,Melapalayam(Uzhavar Sandhai ),Colacasia,Colacasia,Local,30-04-2025,2500,3000,3000
Tamil Nadu,Thirunelveli,Melapalayam(Uzhavar Sandhai ),Drumstick,Drumstick,Local,30-04-2025,3500,3800,3800
Tamil Nadu,Thirunelveli,Melapalayam(Uzhavar Sandhai ),Pumpkin,Pumpkin,Local,30-04-2025,800,1000,1000
Tamil Nadu,Thirunelveli,Melapalayam(Uzhavar Sandhai ),Thondekai,Thondekai,Local,30-04-2025,1500,1800,1800
Tamil Nadu,Thirunelveli,Palayamkottai(Uzhavar Sandhai ),Amaranthus,Amaranthus,Local,30-04-2025,1300,1500,1500
Tamil Nadu,Thirunelveli,Palayamkottai(Uzhavar Sandhai ),Amla(Nelli Kai),Amla,Local,30-04-2025,3000,4000,4000
Tamil Nadu,Thirunelveli,Palayamkottai(Uzhavar Sandhai ),Banana - Green,Banana - Green,Local,30-04-2025,1800,2000,2000
Tamil Nadu,Thirunelveli,Palayamkottai(Uzhavar Sandhai ),Beans,Beans (Whole),Local,30-04-2025,5000,6000,6000
Tamil Nadu,Thirunelveli,Palayamkottai(Uzhavar Sandhai ),Bhindi(Ladies Finger),Bhindi,Local,30-04-2025,1800,2200,2200
Tamil Nadu,Thirunelveli,Palayamkottai(Uzhavar Sandhai ),Coconut,Coconut,Local,30-04-2025,6000,6200,6200
Tamil Nadu,Thirunelveli,Palayamkottai(Uzhavar Sandhai ),Elephant Yam (Suran),Elephant Yam (Suran),Local,30-04-2025,4000,5000,5000
Tamil Nadu,Thirunelveli,Palayamkottai(Uzhavar Sandhai ),Green Avare (W),Avare (W),Local,30-04-2025,6000,8000,8000
Tamil Nadu,Thirunelveli,Palayamkottai(Uzhavar Sandhai ),Mango (Raw-Ripe),Mango - Raw-Ripe,Local,30-04-2025,1500,2000,2000
Tamil Nadu,Thirunelveli,Palayamkottai(Uzhavar Sandhai ),Onion,Bellary,Local,30-04-2025,1600,2300,2300
Tamil Nadu,Thirunelveli,Palayamkottai(Uzhavar Sandhai ),Raddish,Raddish,Local,30-04-2025,2000,2500,2500
Tamil Nadu,Thirunelveli,Palayamkottai(Uzhavar Sandhai ),Thondekai,Thondekai,Local,30-04-2025,1800,2200,2200
Tamil Nadu,Thirupathur,Natrampalli(Uzhavar Sandhai ),Banana,Besrai,Local,30-04-2025,4000,8000,8000
Tamil Nadu,Thirupathur,Natrampalli(Uzhavar Sandhai ),Beans,Beans (Whole),Local,30-04-2025,6000,7000,7000
Tamil Nadu,Thirupathur,Natrampalli(Uzhavar Sandhai ),Cauliflower,Ranchi,Local,30-04-2025,2000,2500,2500
Tamil Nadu,Thirupathur,Natrampalli(Uzhavar Sandhai ),Cluster beans,Cluster Beans,Local,30-04-2025,2500,3000,3000
Tamil Nadu,Thirupathur,Natrampalli(Uzhavar Sandhai ),Lemon,Lemon,Local,30-04-2025,8000,10000,10000
Tamil Nadu,Thirupathur,Natrampalli(Uzhavar Sandhai ),Snakeguard,Snakeguard,Local,30-04-2025,1500,2000,2000
Tamil Nadu,Thirupathur,Vaniyampadi(Uzhavar Sandhai ),Bhindi(Ladies Finger),Bhindi,Local,30-04-2025,2000,2000,2000
Tamil Nadu,Thirupathur,Vaniyampadi(Uzhavar Sandhai ),Chikoos(Sapota),Sapota,Local,30-04-2025,2000,2000,2000
Tamil Nadu,Thirupathur,Vaniyampadi(Uzhavar Sandhai ),Cluster beans,Cluster Beans,Local,30-04-2025,2000,2000,2000
Tamil Nadu,Thirupathur,Vaniyampadi(Uzhavar Sandhai ),Coriander(Leaves),I Sort,Local,30-04-2025,5000,5000,5000
Tamil Nadu,Thirupathur,Vaniyampadi(Uzhavar Sandhai ),Fig(Anjura/Anjeer),Anjura,Local,30-04-2025,4000,4000,4000
Tamil Nadu,Thirupathur,Vaniyampadi(Uzhavar Sandhai ),Green Avare (W),Avare (W),Local,30-04-2025,4000,4000,4000
Tamil Nadu,Thirupathur,Vaniyampadi(Uzhavar Sandhai ),Groundnut,Big (With Shell),Local,30-04-2025,6000,6000,6000
Tamil Nadu,Thirupathur,Vaniyampadi(Uzhavar Sandhai ),Ridgeguard(Tori),Ridgeguard(Tori),Local,30-04-2025,2000,2000,2000
Tamil Nadu,Thirupathur,Vaniyampadi(Uzhavar Sandhai ),Sweet Potato,Hosur Red,Local,30-04-2025,3000,3000,3000
Tamil Nadu,Thirupathur,Vaniyampadi(Uzhavar Sandhai ),Tapioca,Tapioca,Local,30-04-2025,2500,2500,2500
Tamil Nadu,Thirupathur,Vaniyampadi(Uzhavar Sandhai ),Tender Coconut,Tender Coconut,Local,30-04-2025,2500,2500,2500
Tamil Nadu,Thirupur,Dharapuram(Uzhavar Sandhai ),Amaranthus,Amaranthus,Local,30-04-2025,2000,2500,2500
Tamil Nadu,Thirupur,Dharapuram(Uzhavar Sandhai ),Bhindi(Ladies Finger),Bhindi,Local,30-04-2025,2000,2500,2500
Tamil Nadu,Thirupur,Dharapuram(Uzhavar Sandhai ),Cluster beans,Cluster Beans,Local,30-04-2025,2500,3000,3000
Tamil Nadu,Thirupur,Dharapuram(Uzhavar Sandhai ),Elephant Yam (Suran),Elephant Yam (Suran),Local,30-04-2025,6000,6500,6500
Tamil Nadu,Thirupur,Dharapuram(Uzhavar Sandhai ),Pumpkin,Pumpkin,Local,30-04-2025,1200,1500,1500
Tamil Nadu,Thirupur,Kangayam(Uzhavar Sandhai ),Beetroot,Beetroot,Local,30-04-2025,1800,2200,2200
Tamil Nadu,Thirupur,Kangayam(Uzhavar Sandhai ),Cluster beans,Cluster Beans,Local,30-04-2025,3700,4000,4000
Tamil Nadu,Thirupur,Kangayam(Uzhavar Sandhai ),Papaya,Papaya,Local,30-04-2025,2000,2400,2400
Tamil Nadu,Thirupur,Kangayam(Uzhavar Sandhai ),Tomato,Deshi,Local,30-04-2025,1300,1700,1700
Tamil Nadu,Thirupur,Palladam(Uzhavar Sandhai ),Amaranthus,Amaranthus,Local,30-04-2025,1500,2000,2000
Tamil Nadu,Thirupur,Palladam(Uzhavar Sandhai ),Banana - Green,Banana - Green,Local,30-04-2025,2500,3000,3000
Tamil Nadu,Thirupur,Palladam(Uzhavar Sandhai ),Carrot,Pusakesar,Local,30-04-2025,2500,3200,3200
Tamil Nadu,Thirupur,Palladam(Uzhavar Sandhai ),Chikoos(Sapota),Sapota,Local,30-04-2025,2500,3000,3000
Tamil Nadu,Thirupur,Palladam(Uzhavar Sandhai ),Onion Green,Onion Green,Local,30-04-2025,3000,4000,4000
Tamil Nadu,Thirupur,Palladam(Uzhavar Sandhai ),Papaya,Papaya,Local,30-04-2025,2000,2500,2500
Tamil Nadu,Thirupur,Palladam(Uzhavar Sandhai ),Potato,(Red Nanital),Local,30-04-2025,3000,3500,3500
Tamil Nadu,Thirupur,Palladam(Uzhavar Sandhai ),Snakeguard,Snakeguard,Local,30-04-2025,2500,3000,3000
Tamil Nadu,Thirupur,Tiruppur (South) (Uzhavar Sandhai ),Amaranthus,Amaranthus,Local,30-04-2025,1500,2000,2000
Tamil Nadu,Thirupur,Tiruppur (South) (Uzhavar Sandhai ),Beans,Beans (Whole),Local,30-04-2025,6000,7000,7000
Tamil Nadu,Thirupur,Tiruppur (South) (Uzhavar Sandhai ),Cauliflower,Ranchi,Local,30-04-2025,2500,3000,3000
Tamil Nadu,Thirupur,Tiruppur (South) (Uzhavar Sandhai ),Chow Chow,Chow Chow,Local,30-04-2025,1500,2000,2000
Tamil Nadu,Thirupur,Tiruppur (South) (Uzhavar Sandhai ),Coriander(Leaves),I Sort,Local,30-04-2025,3800,4200,4200
Tamil Nadu,Thirupur,Tiruppur (South) (Uzhavar Sandhai ),Ginger(Green),Green Ginger,Local,30-04-2025,4000,4500,4500
Tamil Nadu,Thirupur,Tiruppur (South) (Uzhavar Sandhai ),Potato,(Red Nanital),Local,30-04-2025,2500,3000,3000
Tamil Nadu,Thiruvannamalai,Arani(Uzhavar Sandhai ),Banana - Green,Banana - Green,Local,30-04-2025,1500,2000,2000
Tamil Nadu,Thiruvannamalai,Arani(Uzhavar Sandhai ),Bitter gourd,Bitter Gourd,Local,30-04-2025,3000,3600,3600
Tamil Nadu,Thiruvannamalai,Arani(Uzhavar Sandhai ),Cluster beans,Cluster Beans,Local,30-04-2025,3000,3600,3600
Tamil Nadu,Thiruvannamalai,Arani(Uzhavar Sandhai ),Colacasia,Colacasia,Local,30-04-2025,4000,4800,4800
Tamil Nadu,Thiruvannamalai,Arani(Uzhavar Sandhai ),Green Chilli,Green Chilly,Local,30-04-2025,2500,3000,3000
Tamil Nadu,Thiruvannamalai,Arani(Uzhavar Sandhai ),Tender Coconut,Tender Coconut,Local,30-04-2025,1500,2000,2000
Tamil Nadu,Thiruvannamalai,Chengam(Uzhavar Sandhai ),Amaranthus,Amaranthus,Local,30-04-2025,1200,1500,1500
Tamil Nadu,Thiruvannamalai,Chengam(Uzhavar Sandhai ),Amla(Nelli Kai),Amla,Local,30-04-2025,8000,10000,10000
Tamil Nadu,Thiruvannamalai,Chengam(Uzhavar Sandhai ),Beetroot,Beetroot,Local,30-04-2025,2500,3000,3000
Tamil Nadu,Thiruvannamalai,Chengam(Uzhavar Sandhai ),Brinjal,Round,Local,30-04-2025,2500,3000,3000
Tamil Nadu,Thiruvannamalai,Chengam(Uzhavar Sandhai ),Cabbage,Cabbage,Local,30-04-2025,2000,2500,2500
Tamil Nadu,Thiruvannamalai,Chengam(Uzhavar Sandhai ),Chikoos(Sapota),Sapota,Local,30-04-2025,2500,3000,3000
Tamil Nadu,Thiruvannamalai,Chengam(Uzhavar Sandhai ),Chow Chow,Chow Chow,Local,30-04-2025,2500,3000,3000
Tamil Nadu,Thiruvannamalai,Chengam(Uzhavar Sandhai ),Mint(Pudina),Mint(Pudina),Local,30-04-2025,3600,4000,4000
Tamil Nadu,Thiruvannamalai,Chengam(Uzhavar Sandhai ),Onion Green,Onion Green,Local,30-04-2025,4500,5000,5000
Tamil Nadu,Thiruvannamalai,Chengam(Uzhavar Sandhai ),Pumpkin,Pumpkin,Local,30-04-2025,1600,2000,2000
Tamil Nadu,Thiruvannamalai,Chengam(Uzhavar Sandhai ),Tomato,Deshi,Local,30-04-2025,1200,1500,1500
Tamil Nadu,Thiruvannamalai,Cheyyar(Uzhavar Sandhai ),Ashgourd,Gouard,Local,30-04-2025,2000,2500,2500
Tamil Nadu,Thiruvannamalai,Cheyyar(Uzhavar Sandhai ),Bitter gourd,Bitter Gourd,Local,30-04-2025,3000,3600,3600
Tamil Nadu,Thiruvannamalai,Cheyyar(Uzhavar Sandhai ),Bottle gourd,Bottle Gourd,Local,30-04-2025,1200,1500,1500
Tamil Nadu,Thiruvannamalai,Cheyyar(Uzhavar Sandhai ),Cluster beans,Cluster Beans,Local,30-04-2025,3000,3600,3600
Tamil Nadu,Thiruvannamalai,Cheyyar(Uzhavar Sandhai ),Coriander(Leaves),I Sort,Local,30-04-2025,4000,4800,4800
Tamil Nadu,Thiruvannamalai,Cheyyar(Uzhavar Sandhai ),Cucumbar(Kheera),Cucumbar,Local,30-04-2025,2500,3000,3000
Tamil Nadu,Thiruvannamalai,Cheyyar(Uzhavar Sandhai ),Lemon,Lemon,Local,30-04-2025,10000,12000,12000
Tamil Nadu,Thiruvannamalai,Cheyyar(Uzhavar Sandhai ),Mango (Raw-Ripe),Mango - Raw-Ripe,Local,30-04-2025,2500,3000,3000
Tamil Nadu,Thiruvannamalai,Cheyyar(Uzhavar Sandhai ),Thondekai,Thondekai,Local,30-04-2025,2500,3000,3000
Tamil Nadu,Thiruvannamalai,Keelpennathur(Uzhavar Sandhai ),Beans,Beans (Whole),Local,30-04-2025,7000,8000,8000
Tamil Nadu,Thiruvannamalai,Keelpennathur(Uzhavar Sandhai ),Bottle gourd,Bottle Gourd,Local,30-04-2025,1800,2000,2000
Tamil Nadu,Thiruvannamalai,Keelpennathur(Uzhavar Sandhai ),Cabbage,Cabbage,Local,30-04-2025,800,1000,1000
Tamil Nadu,Thiruvannamalai,Keelpennathur(Uzhavar Sandhai ),Carrot,Pusakesar,Local,30-04-2025,3000,3500,3500
Tamil Nadu,Thiruvannamalai,Keelpennathur(Uzhavar Sandhai ),Drumstick,Drumstick,Local,30-04-2025,4000,5000,5000
Tamil Nadu,Thiruvannamalai,Keelpennathur(Uzhavar Sandhai ),Green Avare (W),Avare (W),Local,30-04-2025,4000,5000,5000
Tamil Nadu,Thiruvannamalai,Keelpennathur(Uzhavar Sandhai ),Green Chilli,Green Chilly,Local,30-04-2025,2500,3000,3000
Tamil Nadu,Thiruvannamalai,Keelpennathur(Uzhavar Sandhai ),Onion,Bellary,Local,30-04-2025,2200,2500,2500
Tamil Nadu,Thiruvannamalai,Keelpennathur(Uzhavar Sandhai ),Rose(Local),Rose (Local),Local,30-04-2025,26000,28000,28000
Tamil Nadu,Thiruvannamalai,Keelpennathur(Uzhavar Sandhai ),Snakeguard,Snakeguard,Local,30-04-2025,2200,2500,2500
Tamil Nadu,Thiruvannamalai,Keelpennathur(Uzhavar Sandhai ),Tomato,Deshi,Local,30-04-2025,1800,2000,2000
Tamil Nadu,Thiruvannamalai,Polur(Uzhavar Sandhai ),Amla(Nelli Kai),Amla,Local,30-04-2025,5000,6000,6000
Tamil Nadu,Thiruvannamalai,Polur(Uzhavar Sandhai ),Banana - Green,Banana - Green,Local,30-04-2025,1600,2000,2000
Tamil Nadu,Thiruvannamalai,Polur(Uzhavar Sandhai ),Beetroot,Beetroot,Local,30-04-2025,2000,2400,2400
Tamil Nadu,Thiruvannamalai,Polur(Uzhavar Sandhai ),Cabbage,Cabbage,Local,30-04-2025,1600,2000,2000
Tamil Nadu,Thiruvannamalai,Polur(Uzhavar Sandhai ),Chow Chow,Chow Chow,Local,30-04-2025,1600,2000,2000
Tamil Nadu,Thiruvannamalai,Polur(Uzhavar Sandhai ),Cluster beans,Cluster Beans,Local,30-04-2025,3300,4000,4000
Tamil Nadu,Thiruvannamalai,Polur(Uzhavar Sandhai ),Colacasia,Colacasia,Local,30-04-2025,4000,4800,4800
Tamil Nadu,Thiruvannamalai,Polur(Uzhavar Sandhai ),Ginger(Green),Green Ginger,Local,30-04-2025,5000,6000,6000
Tamil Nadu,Thiruvannamalai,Polur(Uzhavar Sandhai ),Knool Khol,Knool Khol,Local,30-04-2025,1600,2000,2000
Tamil Nadu,Thiruvannamalai,Polur(Uzhavar Sandhai ),Mango (Raw-Ripe),Mango - Raw-Ripe,Local,30-04-2025,2500,3000,3000
Tamil Nadu,Thiruvannamalai,Polur(Uzhavar Sandhai ),Onion,Bellary,Local,30-04-2025,2000,2500,2500
Tamil Nadu,Thiruvannamalai,Polur(Uzhavar Sandhai ),Potato,(Red Nanital),Local,30-04-2025,2500,3000,3000
Tamil Nadu,Thiruvannamalai,Tamarainagar(Uzhavar Sandhai ),Banana - Green,Banana - Green,Local,30-04-2025,2000,2500,2500
Tamil Nadu,Thiruvannamalai,Tamarainagar(Uzhavar Sandhai ),Beans,Beans (Whole),Local,30-04-2025,6800,7200,7200
Tamil Nadu,Thiruvannamalai,Tamarainagar(Uzhavar Sandhai ),Bhindi(Ladies Finger),Bhindi,Local,30-04-2025,1600,2000,2000
Tamil Nadu,Thiruvannamalai,Tamarainagar(Uzhavar Sandhai ),Colacasia,Colacasia,Local,30-04-2025,5000,6000,6000
Tamil Nadu,Thiruvannamalai,Tamarainagar(Uzhavar Sandhai ),Coriander(Leaves),I Sort,Local,30-04-2025,6000,7000,7000
Tamil Nadu,Thiruvannamalai,Tamarainagar(Uzhavar Sandhai ),Drumstick,Drumstick,Local,30-04-2025,3600,4000,4000
Tamil Nadu,Thiruvannamalai,Tamarainagar(Uzhavar Sandhai ),Green Avare (W),Avare (W),Local,30-04-2025,4800,5600,5600
Tamil Nadu,Thiruvannamalai,Tamarainagar(Uzhavar Sandhai ),Green Chilli,Green Chilly,Local,30-04-2025,3600,4000,4000
Tamil Nadu,Thiruvannamalai,Tamarainagar(Uzhavar Sandhai ),Karbuja(Musk Melon),Karbhuja,Local,30-04-2025,1500,2000,2000
Tamil Nadu,Thiruvannamalai,Tamarainagar(Uzhavar Sandhai ),Mango (Raw-Ripe),Mango - Raw-Ripe,Local,30-04-2025,2500,3000,3000
Tamil Nadu,Thiruvannamalai,Tamarainagar(Uzhavar Sandhai ),Marigold(Calcutta),Marigold(Calcutta),Local,30-04-2025,25000,30000,30000
Tamil Nadu,Thiruvannamalai,Tamarainagar(Uzhavar Sandhai ),Mint(Pudina),Mint(Pudina),Local,30-04-2025,2500,3000,3000
Tamil Nadu,Thiruvannamalai,Tamarainagar(Uzhavar Sandhai ),Pumpkin,Pumpkin,Local,30-04-2025,1200,1500,1500
Tamil Nadu,Thiruvannamalai,Tamarainagar(Uzhavar Sandhai ),Thondekai,Thondekai,Local,30-04-2025,2400,3000,3000
Tamil Nadu,Thiruvannamalai,Tamarainagar(Uzhavar Sandhai ),Water Melon,Water Melon,Local,30-04-2025,1500,2000,2000
Tamil Nadu,Thiruvannamalai,Tiruvannamalai(Uzhavar Sandhai ),Ashgourd,Gouard,Local,30-04-2025,1500,2000,2000
Tamil Nadu,Thiruvannamalai,Tiruvannamalai(Uzhavar Sandhai ),Beans,Beans (Whole),Local,30-04-2025,6000,8000,8000
Tamil Nadu,Thiruvannamalai,Tiruvannamalai(Uzhavar Sandhai ),Beetroot,Beetroot,Local,30-04-2025,2400,3000,3000
Tamil Nadu,Thiruvannamalai,Tiruvannamalai(Uzhavar Sandhai ),Bitter gourd,Bitter Gourd,Local,30-04-2025,3000,3600,3600
Tamil Nadu,Thiruvannamalai,Tiruvannamalai(Uzhavar Sandhai ),Bottle gourd,Bottle Gourd,Local,30-04-2025,500,1000,1000
Tamil Nadu,Thiruvannamalai,Tiruvannamalai(Uzhavar Sandhai ),Chow Chow,Chow Chow,Local,30-04-2025,2400,3000,3000
Tamil Nadu,Thiruvannamalai,Tiruvannamalai(Uzhavar Sandhai ),Coconut,Coconut,Local,30-04-2025,2500,3500,3500
Tamil Nadu,Thiruvannamalai,Tiruvannamalai(Uzhavar Sandhai ),Green Chilli,Green Chilly,Local,30-04-2025,3000,3600,3600
Tamil Nadu,Thiruvannamalai,Tiruvannamalai(Uzhavar Sandhai ),Guava,Guava Alahabad,Local,30-04-2025,6000,8000,8000
Tamil Nadu,Thiruvannamalai,Tiruvannamalai(Uzhavar Sandhai ),Lime,Lime,Local,30-04-2025,2500,3000,3000
Tamil Nadu,Thiruvannamalai,Tiruvannamalai(Uzhavar Sandhai ),Mashrooms,Mashrooms,Local,30-04-2025,2500,3500,3500
Tamil Nadu,Thiruvannamalai,Tiruvannamalai(Uzhavar Sandhai ),Snakeguard,Snakeguard,Local,30-04-2025,1600,2000,2000
Tamil Nadu,Thiruvannamalai,Tiruvannamalai(Uzhavar Sandhai ),Sweet Potato,Hosur Red,Local,30-04-2025,3000,3600,3600
Tamil Nadu,Thiruvannamalai,Tiruvannamalai(Uzhavar Sandhai ),Tamarind Fruit,Tamarind Fruit,Local,30-04-2025,10000,12000,12000
Tamil Nadu,Thiruvannamalai,Tiruvannamalai(Uzhavar Sandhai ),Tender Coconut,Tender Coconut,Local,30-04-2025,2500,3500,3500
Tamil Nadu,Thiruvannamalai,Vandavasi(Uzhavar Sandhai ),Amaranthus,Amaranthus,Local,30-04-2025,2000,3000,3000
Tamil Nadu,Thiruvannamalai,Vandavasi(Uzhavar Sandhai ),Banana,Besrai,Local,30-04-2025,4000,5000,5000
Tamil Nadu,Thiruvarur,Mannargudi II(Uzhavar Sandhai ),Amaranthus,Amaranthus,Local,30-04-2025,1500,1500,1500
Tamil Nadu,Thiruvarur,Mannargudi II(Uzhavar Sandhai ),Beans,Beans (Whole),Local,30-04-2025,7600,7600,7600
Tamil Nadu,Thiruvarur,Mannargudi II(Uzhavar Sandhai ),Bottle gourd,Bottle Gourd,Local,30-04-2025,2000,2000,2000
Tamil Nadu,Thiruvarur,Mannargudi II(Uzhavar Sandhai ),Brinjal,Round,Local,30-04-2025,2400,3000,3000
Tamil Nadu,Thiruvarur,Mannargudi II(Uzhavar Sandhai ),Cabbage,Cabbage,Local,30-04-2025,2400,2400,2400
Tamil Nadu,Thiruvarur,Mannargudi II(Uzhavar Sandhai ),Coriander(Leaves),I Sort,Local,30-04-2025,4500,4500,4500
Tamil Nadu,Thiruvarur,Mannargudi II(Uzhavar Sandhai ),Lemon,Lemon,Local,30-04-2025,7000,7000,7000
Tamil Nadu,Thiruvarur,Mannargudi II(Uzhavar Sandhai ),Onion,Bellary,Local,30-04-2025,2600,3400,3400
Tamil Nadu,Thiruvarur,Mannargudi II(Uzhavar Sandhai ),Onion Green,Onion Green,Local,30-04-2025,4800,4800,4800
Tamil Nadu,Thiruvarur,Mannargudi II(Uzhavar Sandhai ),Ridgeguard(Tori),Ridgeguard(Tori),Local,30-04-2025,3600,3600,3600
Tamil Nadu,Thiruvarur,Mannargudi II(Uzhavar Sandhai ),Snakeguard,Snakeguard,Local,30-04-2025,2600,2600,2600
Tamil Nadu,Thiruvarur,Needamangalam(Uzhavar Sandhai ),Mint(Pudina),Mint(Pudina),Local,30-04-2025,4000,4000,4000
Tamil Nadu,Thiruvarur,Needamangalam(Uzhavar Sandhai ),Onion,Bellary,Local,30-04-2025,2600,2600,2600
Tamil Nadu,Tuticorin,Kovilpatti(Uzhavar Sandhai ),Ashgourd,Gouard,Local,30-04-2025,1500,2000,2000
Tamil Nadu,Tuticorin,Kovilpatti(Uzhavar Sandhai ),Bhindi(Ladies Finger),Bhindi,Local,30-04-2025,2000,2500,2500
Tamil Nadu,Tuticorin,Kovilpatti(Uzhavar Sandhai ),Bitter gourd,Bitter Gourd,Local,30-04-2025,9000,9500,9500
Tamil Nadu,Tuticorin,Kovilpatti(Uzhavar Sandhai ),Bottle gourd,Bottle Gourd,Local,30-04-2025,2000,2500,2500
Tamil Nadu,Tuticorin,Kovilpatti(Uzhavar Sandhai ),Cauliflower,Ranchi,Local,30-04-2025,3500,4000,4000
Tamil Nadu,Tuticorin,Kovilpatti(Uzhavar Sandhai ),Cluster beans,Cluster Beans,Local,30-04-2025,3000,3500,3500
Tamil Nadu,Tuticorin,Kovilpatti(Uzhavar Sandhai ),Ginger(Green),Green Ginger,Local,30-04-2025,5000,5500,5500
Tamil Nadu,Tuticorin,Kovilpatti(Uzhavar Sandhai ),Mango (Raw-Ripe),Mango - Raw-Ripe,Local,30-04-2025,4500,5000,5000
Tamil Nadu,Tuticorin,Kovilpatti(Uzhavar Sandhai ),Mint(Pudina),Mint(Pudina),Local,30-04-2025,3000,3500,3500
Tamil Nadu,Tuticorin,Kovilpatti(Uzhavar Sandhai ),Tomato,Deshi,Local,30-04-2025,1500,1800,1800
Tamil Nadu,Tuticorin,Tuticorin(Uzhavar Sandhai ),Amla(Nelli Kai),Amla,Local,30-04-2025,5500,6000,6000
Tamil Nadu,Tuticorin,Tuticorin(Uzhavar Sandhai ),Cluster beans,Cluster Beans,Local,30-04-2025,3500,4000,4000
Tamil Nadu,Tuticorin,Tuticorin(Uzhavar Sandhai ),Grapes,Annabesahai,Local,30-04-2025,9000,10000,10000
Tamil Nadu,Tuticorin,Tuticorin(Uzhavar Sandhai ),Green Peas,Green Peas,Local,30-04-2025,14500,15000,15000
Tamil Nadu,Tuticorin,Tuticorin(Uzhavar Sandhai ),Guava,Guava Alahabad,Local,30-04-2025,5500,6000,6000
Tamil Nadu,Tuticorin,Tuticorin(Uzhavar Sandhai ),Lemon,Lemon,Local,30-04-2025,9000,10000,10000
Tamil Nadu,Tuticorin,Tuticorin(Uzhavar Sandhai ),Mango (Raw-Ripe),Mango - Raw-Ripe,Local,30-04-2025,2500,3000,3000
Tamil Nadu,Tuticorin,Tuticorin(Uzhavar Sandhai ),Mint(Pudina),Mint(Pudina),Local,30-04-2025,2500,3000,3000
Tamil Nadu,Tuticorin,Tuticorin(Uzhavar Sandhai ),Orange,Darjeeling,Local,30-04-2025,11000,12000,12000
Tamil Nadu,Tuticorin,Tuticorin(Uzhavar Sandhai ),Pomegranate,Pomogranate,Local,30-04-2025,17000,18000,18000
Tamil Nadu,Tuticorin,Tuticorin(Uzhavar Sandhai ),Sweet Potato,Hosur Red,Local,30-04-2025,4500,5000,5000
Tamil Nadu,Tuticorin,Tuticorin(Uzhavar Sandhai ),Water Melon,Water Melon,Local,30-04-2025,1500,2000,2000
Tamil Nadu,Vellore,Gudiyatham(Uzhavar Sandhai ),Brinjal,Round,Local,30-04-2025,2500,3000,3000
Tamil Nadu,Vellore,Gudiyatham(Uzhavar Sandhai ),Coconut,Coconut,Local,30-04-2025,4000,4000,4000
Tamil Nadu,Vellore,Gudiyatham(Uzhavar Sandhai ),Cucumbar(Kheera),Cucumbar,Local,30-04-2025,2400,2400,2400
Tamil Nadu,Vellore,Gudiyatham(Uzhavar Sandhai ),Indian Beans (Seam),Indian Beans (Seam),Local,30-04-2025,6600,6600,6600
Tamil Nadu,Vellore,Gudiyatham(Uzhavar Sandhai ),Jasmine,Jasmine,Local,30-04-2025,30000,30000,30000
Tamil Nadu,Vellore,Gudiyatham(Uzhavar Sandhai ),Knool Khol,Knool Khol,Local,30-04-2025,4600,4600,4600
Tamil Nadu,Vellore,Gudiyatham(Uzhavar Sandhai ),Lime,Lime,Local,30-04-2025,3000,3000,3000
Tamil Nadu,Vellore,Gudiyatham(Uzhavar Sandhai ),Marigold(Calcutta),Marigold(Calcutta),Local,30-04-2025,20000,20000,20000
Tamil Nadu,Vellore,Gudiyatham(Uzhavar Sandhai ),Onion Green,Onion Green,Local,30-04-2025,5500,5500,5500
Tamil Nadu,Vellore,Gudiyatham(Uzhavar Sandhai ),Raddish,Raddish,Local,30-04-2025,1800,1800,1800
Tamil Nadu,Vellore,Gudiyatham(Uzhavar Sandhai ),Tender Coconut,Tender Coconut,Local,30-04-2025,2500,2500,2500
Tamil Nadu,Vellore,Kahithapattarai(Uzhavar Sandhai ),Ashgourd,Gouard,Local,30-04-2025,1500,1500,1500
Tamil Nadu,Vellore,Kahithapattarai(Uzhavar Sandhai ),Beans,Beans (Whole),Local,30-04-2025,3000,4000,4000
Tamil Nadu,Vellore,Kahithapattarai(Uzhavar Sandhai ),Bitter gourd,Bitter Gourd,Local,30-04-2025,2000,2500,2500
Tamil Nadu,Vellore,Kahithapattarai(Uzhavar Sandhai ),Bottle gourd,Bottle Gourd,Local,30-04-2025,1500,15300,15300
Tamil Nadu,Vellore,Kahithapattarai(Uzhavar Sandhai ),Cluster beans,Cluster Beans,Local,30-04-2025,2500,2500,2500
Tamil Nadu,Vellore,Kahithapattarai(Uzhavar Sandhai ),Cowpea(Veg),Cowpea (Veg),Local,30-04-2025,4500,4500,4500
Tamil Nadu,Vellore,Kahithapattarai(Uzhavar Sandhai ),Grapes,Annabesahai,Local,30-04-2025,7000,7000,7000
Tamil Nadu,Vellore,Kahithapattarai(Uzhavar Sandhai ),Pineapple,Pine Apple,Local,30-04-2025,7000,7000,7000
Tamil Nadu,Vellore,Kahithapattarai(Uzhavar Sandhai ),Rose(Local),Rose (Local),Local,30-04-2025,9000,9000,9000
Tamil Nadu,Vellore,Kahithapattarai(Uzhavar Sandhai ),Tube Flower,Tube Flower,Local,30-04-2025,60000,60000,60000
Tamil Nadu,Vellore,Kahithapattarai(Uzhavar Sandhai ),Water Melon,Water Melon,Local,30-04-2025,1500,1500,1500
Tamil Nadu,Vellore,Thirupathur,Amla(Nelli Kai),Amla,Local,30-04-2025,7000,7000,7000
Tamil Nadu,Vellore,Thirupathur,Ashgourd,Gouard,Local,30-04-2025,1500,2000,2000
Tamil Nadu,Vellore,Thirupathur,Bitter gourd,Bitter Gourd,Local,30-04-2025,3000,3000,3000
Tamil Nadu,Vellore,Thirupathur,Bottle gourd,Bottle Gourd,Local,30-04-2025,1000,1500,1500
Tamil Nadu,Vellore,Thirupathur,Cabbage,Cabbage,Local,30-04-2025,2500,2500,2500
Tamil Nadu,Vellore,Thirupathur,Chow Chow,Chow Chow,Local,30-04-2025,1500,2000,2000
Tamil Nadu,Vellore,Thirupathur,Coriander(Leaves),I Sort,Local,30-04-2025,4000,4000,4000
Tamil Nadu,Vellore,Thirupathur,Drumstick,Drumstick,Local,30-04-2025,4500,5000,5000
Tamil Nadu,Vellore,Thirupathur,Ginger(Green),Green Ginger,Local,30-04-2025,5000,5500,5500
Tamil Nadu,Vellore,Thirupathur,Green Avare (W),Avare (W),Local,30-04-2025,5000,5000,5000
Tamil Nadu,Vellore,Thirupathur,Groundnut,Big (With Shell),Local,30-04-2025,6000,6000,6000
Tamil Nadu,Vellore,Thirupathur,Karbuja(Musk Melon),Karbhuja,Local,30-04-2025,2000,2000,2000
Tamil Nadu,Vellore,Thirupathur,Mango (Raw-Ripe),Mango - Raw-Ripe,Local,30-04-2025,3000,3000,3000
Tamil Nadu,Vellore,Thirupathur,Raddish,Raddish,Local,30-04-2025,1500,2000,2000
Tamil Nadu,Vellore,Thirupathur,Ridgeguard(Tori),Ridgeguard(Tori),Local,30-04-2025,2500,2500,2500
Tamil Nadu,Vellore,Thirupathur,Thondekai,Thondekai,Local,30-04-2025,3000,4000,4000
Tamil Nadu,Villupuram,Gingee(Uzhavar Sandhai ),Banana - Green,Banana - Green,Local,30-04-2025,4000,4000,4000
Tamil Nadu,Villupuram,Gingee(Uzhavar Sandhai ),Beetroot,Beetroot,Local,30-04-2025,3500,3500,3500
Tamil Nadu,Villupuram,Gingee(Uzhavar Sandhai ),Bottle gourd,Bottle Gourd,Local,30-04-2025,1500,1500,1500
Tamil Nadu,Villupuram,Gingee(Uzhavar Sandhai ),Brinjal,Round,Local,30-04-2025,2000,2500,2500
Tamil Nadu,Villupuram,Gingee(Uzhavar Sandhai ),Carrot,Pusakesar,Local,30-04-2025,5000,5000,5000
Tamil Nadu,Villupuram,Gingee(Uzhavar Sandhai ),Elephant Yam (Suran),Elephant Yam (Suran),Local,30-04-2025,8000,8000,8000
Tamil Nadu,Villupuram,Gingee(Uzhavar Sandhai ),Green Avare (W),Avare (W),Local,30-04-2025,6000,6000,6000
Tamil Nadu,Villupuram,Gingee(Uzhavar Sandhai ),Green Chilli,Green Chilly,Local,30-04-2025,3000,3000,3000
Tamil Nadu,Villupuram,Ulundurpettai,Coriander(Leaves),I Sort,Local,30-04-2025,4000,4000,4000
Tamil Nadu,Villupuram,Ulundurpettai,Mint(Pudina),Mint(Pudina),Local,30-04-2025,5000,5000,5000
Tamil Nadu,Virudhunagar,Aruppukottai(Uzhavar Sandhai ),Ashgourd,Gouard,Local,30-04-2025,2000,2500,2500
Tamil Nadu,Virudhunagar,Aruppukottai(Uzhavar Sandhai ),Carrot,Pusakesar,Local,30-04-2025,2500,3000,3000
Tamil Nadu,Virudhunagar,Aruppukottai(Uzhavar Sandhai ),Coconut,Coconut,Local,30-04-2025,6000,6500,6500
Tamil Nadu,Virudhunagar,Aruppukottai(Uzhavar Sandhai ),Drumstick,Drumstick,Local,30-04-2025,4500,5000,5000
Tamil Nadu,Virudhunagar,Aruppukottai(Uzhavar Sandhai ),Green Chilli,Green Chilly,Local,30-04-2025,3000,3500,3500
Tamil Nadu,Virudhunagar,Aruppukottai(Uzhavar Sandhai ),Guava,Guava Alahabad,Local,30-04-2025,3500,4000,4000
Tamil Nadu,Virudhunagar,Aruppukottai(Uzhavar Sandhai ),Lemon,Lemon,Local,30-04-2025,11500,12000,12000
Tamil Nadu,Virudhunagar,Aruppukottai(Uzhavar Sandhai ),Papaya,Papaya,Local,30-04-2025,3000,3500,3500
Tamil Nadu,Virudhunagar,Aruppukottai(Uzhavar Sandhai ),Snakeguard,Snakeguard,Local,30-04-2025,2500,3000,3000
Tamil Nadu,Virudhunagar,Kariyapatti(Uzhavar Sandhai ),Bhindi(Ladies Finger),Bhindi,Local,30-04-2025,2500,3000,3000
Tamil Nadu,Virudhunagar,Kariyapatti(Uzhavar Sandhai ),Bottle gourd,Bottle Gourd,Local,30-04-2025,1500,2000,2000
Tamil Nadu,Virudhunagar,Kariyapatti(Uzhavar Sandhai ),Brinjal,Round,Local,30-04-2025,3500,4000,4000
Tamil Nadu,Virudhunagar,Kariyapatti(Uzhavar Sandhai ),Coconut,Coconut,Local,30-04-2025,6000,6500,6500
Tamil Nadu,Virudhunagar,Kariyapatti(Uzhavar Sandhai ),Potato,(Red Nanital),Local,30-04-2025,3000,3500,3500
Tamil Nadu,Virudhunagar,Rajapalayam(Uzhavar Sandhai ),Banana - Green,Banana - Green,Local,30-04-2025,3000,3600,3600
Tamil Nadu,Virudhunagar,Rajapalayam(Uzhavar Sandhai ),Bhindi(Ladies Finger),Bhindi,Local,30-04-2025,1000,1500,1500
Tamil Nadu,Virudhunagar,Rajapalayam(Uzhavar Sandhai ),Drumstick,Drumstick,Local,30-04-2025,5000,6000,6000
Tamil Nadu,Virudhunagar,Rajapalayam(Uzhavar Sandhai ),Green Chilli,Green Chilly,Local,30-04-2025,3500,4000,4000
Tamil Nadu,Virudhunagar,Rajapalayam(Uzhavar Sandhai ),Knool Khol,Knool Khol,Local,30-04-2025,6000,7000,7000
Tamil Nadu,Virudhunagar,Rajapalayam(Uzhavar Sandhai ),Mint(Pudina),Mint(Pudina),Local,30-04-2025,3500,4000,4000
Tamil Nadu,Virudhunagar,Rajapalayam(Uzhavar Sandhai ),Onion Green,Onion Green,Local,30-04-2025,4500,5000,5000
Tamil Nadu,Virudhunagar,Rajapalayam(Uzhavar Sandhai ),Snakeguard,Snakeguard,Local,30-04-2025,1500,2000,2000
Tamil Nadu,Virudhunagar,Rajapalayam(Uzhavar Sandhai ),Tomato,Deshi,Local,30-04-2025,1500,1800,1800
Tamil Nadu,Virudhunagar,Rajapalayam(Uzhavar Sandhai ),Yam (Ratalu),Yam (Ratalu),Local,30-04-2025,8000,9000,9000
Tamil Nadu,Virudhunagar,Sathur(Uzhavar Sandhai ),Beetroot,Beetroot,Local,30-04-2025,2500,3000,3000
Tamil Nadu,Virudhunagar,Sathur(Uzhavar Sandhai ),Bottle gourd,Bottle Gourd,Local,30-04-2025,1300,1500,1500
Tamil Nadu,Virudhunagar,Sathur(Uzhavar Sandhai ),Carrot,Pusakesar,Local,30-04-2025,3500,4000,4000
Tamil Nadu,Virudhunagar,Sathur(Uzhavar Sandhai ),Chikoos(Sapota),Sapota,Local,30-04-2025,3500,4000,4000
Tamil Nadu,Virudhunagar,Sathur(Uzhavar Sandhai ),Potato,(Red Nanital),Local,30-04-2025,3000,3500,3500
Tamil Nadu,Virudhunagar,Sivakasi(Uzhavar Sandhai ),Amaranthus,Amaranthus,Local,30-04-2025,2800,3000,3000
Tamil Nadu,Virudhunagar,Sivakasi(Uzhavar Sandhai ),Cluster beans,Cluster Beans,Local,30-04-2025,2800,3000,3000
Tamil Nadu,Virudhunagar,Sivakasi(Uzhavar Sandhai ),Coconut,Coconut,Local,30-04-2025,6800,7000,7000
Tamil Nadu,Virudhunagar,Sivakasi(Uzhavar Sandhai ),Yam (Ratalu),Yam (Ratalu),Local,30-04-2025,6000,6500,6500
Tamil Nadu,Virudhunagar,Srivilliputhur(Uzhavar Sandhai ),Beans,Beans (Whole),Local,30-04-2025,8500,9000,9000
Tamil Nadu,Virudhunagar,Srivilliputhur(Uzhavar Sandhai ),Beetroot,Beetroot,Local,30-04-2025,2300,2500,2500
Tamil Nadu,Virudhunagar,Srivilliputhur(Uzhavar Sandhai ),Bitter gourd,Bitter Gourd,Local,30-04-2025,5500,6000,6000
Tamil Nadu,Virudhunagar,Srivilliputhur(Uzhavar Sandhai ),Bottle gourd,Bottle Gourd,Local,30-04-2025,1300,1500,1500
Tamil Nadu,Virudhunagar,Srivilliputhur(Uzhavar Sandhai ),Cauliflower,Ranchi,Local,30-04-2025,3500,4000,4000
Tamil Nadu,Virudhunagar,Srivilliputhur(Uzhavar Sandhai ),Chikoos(Sapota),Sapota,Local,30-04-2025,3300,3600,3600
Tamil Nadu,Virudhunagar,Srivilliputhur(Uzhavar Sandhai ),Coconut,Coconut,Local,30-04-2025,5800,6200,6200
Tamil Nadu,Virudhunagar,Srivilliputhur(Uzhavar Sandhai ),Colacasia,Colacasia,Local,30-04-2025,8500,9000,9000
Tamil Nadu,Virudhunagar,Srivilliputhur(Uzhavar Sandhai ),Elephant Yam (Suran),Elephant Yam (Suran),Local,30-04-2025,6500,7000,7000
Tamil Nadu,Virudhunagar,Srivilliputhur(Uzhavar Sandhai ),Onion,Bellary,Local,30-04-2025,2700,3000,3000
Tamil Nadu,Virudhunagar,Srivilliputhur(Uzhavar Sandhai ),Onion Green,Onion Green,Local,30-04-2025,4500,5000,5000
Tamil Nadu,Virudhunagar,Srivilliputhur(Uzhavar Sandhai ),Tomato,Deshi,Local,30-04-2025,1600,1800,1800
Tamil Nadu,Virudhunagar,Virudhunagar(Uzhavar Sandhai ),Amaranthus,Amaranthus,Local,30-04-2025,2500,3000,3000
Tamil Nadu,Virudhunagar,Virudhunagar(Uzhavar Sandhai ),Banana - Green,Banana - Green,Local,30-04-2025,3000,3500,3500
Tamil Nadu,Virudhunagar,Virudhunagar(Uzhavar Sandhai ),Beans,Beans (Whole),Local,30-04-2025,7500,8000,8000
Tamil Nadu,Virudhunagar,Virudhunagar(Uzhavar Sandhai ),Brinjal,Round,Local,30-04-2025,2500,3000,3000
Tamil Nadu,Virudhunagar,Virudhunagar(Uzhavar Sandhai ),Chow Chow,Chow Chow,Local,30-04-2025,2500,3000,3000
Tamil Nadu,Virudhunagar,Virudhunagar(Uzhavar Sandhai ),Guava,Guava Alahabad,Local,30-04-2025,4000,4500,4500
Tamil Nadu,Virudhunagar,Virudhunagar(Uzhavar Sandhai ),Mint(Pudina),Mint(Pudina),Local,30-04-2025,3000,3500,3500
Tamil Nadu,Virudhunagar,Virudhunagar(Uzhavar Sandhai ),Potato,(Red Nanital),Local,30-04-2025,4000,4500,4500
Tamil Nadu,Virudhunagar,Virudhunagar(Uzhavar Sandhai ),Pumpkin,Pumpkin,Local,30-04-2025,2000,2500,2500
Tamil Nadu,Virudhunagar,Virudhunagar(Uzhavar Sandhai ),Ridgeguard(Tori),Ridgeguard(Tori),Local,30-04-2025,4000,4500,4500
Tamil Nadu,Virudhunagar,Virudhunagar(Uzhavar Sandhai ),Snakeguard,Snakeguard,Local,30-04-2025,3000,3500,3500
Tamil Nadu,Virudhunagar,Virudhunagar(Uzhavar Sandhai ),Tomato,Deshi,Local,30-04-2025,1500,2000,2000
Uttar Pradesh,Bulandshahar,Gulavati,Garlic,Desi,FAQ,30-04-2025,5000,5200,5100
Uttar Pradesh,Bulandshahar,Gulavati,Ginger(Green),Green Ginger,FAQ,30-04-2025,8000,8200,8100
Uttar Pradesh,Bulandshahar,Gulavati,Onion,Red,FAQ,30-04-2025,1400,1600,1500
Uttar Pradesh,Mau(Maunathbhanjan),Kopaganj,Cucumbar(Kheera),Cucumbar,FAQ,30-04-2025,800,1100,1000
Uttar Pradesh,Mau(Maunathbhanjan),Kopaganj,Green Chilli,Green Chilly,FAQ,30-04-2025,800,1300,1000
Uttar Pradesh,Prayagraj,Jasra,Garlic,Garlic,FAQ,30-04-2025,5980,6150,6060
Uttar Pradesh,Shamli,Kairana,Cabbage,Cabbage,FAQ,30-04-2025,700,800,750
Uttar Pradesh,Shamli,Kairana,Ginger(Green),Green Ginger,FAQ,30-04-2025,3900,4000,3950
Uttar Pradesh,Shamli,Kairana,Onion,Red,FAQ,30-04-2025,800,900,850
Uttar Pradesh,Shamli,Kairana,Raddish,Raddish,FAQ,30-04-2025,600,700,650
Uttar Pradesh,Shamli,Kairana,Water Melon,Water Melon,Medium,30-04-2025,600,700,650
Uttrakhand,Haridwar,Roorkee,Beans,Beans (Whole),FAQ,30-04-2025,400,700,500
Uttrakhand,Haridwar,Roorkee,Bhindi(Ladies Finger),Other,FAQ,30-04-2025,1200,2200,1600
Uttrakhand,Haridwar,Roorkee,Carrot,Other,FAQ,30-04-2025,800,1200,1000
Uttrakhand,Haridwar,Roorkee,Cauliflower,Other,FAQ,30-04-2025,700,1200,900
Andhra Pradesh,Guntur,Pidugurala(Palnadu),Dry Chillies,1st Sort,FAQ,30-04-2025,7000,11300,10000
Gujarat,Amreli,Damnagar,Coriander(Leaves),Coriander,FAQ,30-04-2025,2450,3050,2800
Gujarat,Amreli,Damnagar,Ginger(Green),Green Ginger,FAQ,30-04-2025,3650,4550,4200
Gujarat,Amreli,Damnagar,Lemon,Lemon,FAQ,30-04-2025,9850,11000,10500
Gujarat,Amreli,Damnagar,Tomato,Local,Non-FAQ,30-04-2025,1850,2550,2200
Haryana,Gurgaon,Gurgaon,Bottle gourd,Bottle Gourd,FAQ,30-04-2025,1000,1200,1100
Haryana,Gurgaon,Gurgaon,Cauliflower,Other,FAQ,30-04-2025,1000,2000,1500
Haryana,Gurgaon,Gurgaon,Grapes,Other,Large,30-04-2025,6000,8000,7000
Haryana,Gurgaon,Gurgaon,Onion,Other,FAQ,30-04-2025,1000,1500,1250
Himachal Pradesh,Kangra,Kangra(Jaisinghpur),Bhindi(Ladies Finger),Bhindi,FAQ,30-04-2025,4800,5200,5000
Himachal Pradesh,Kangra,Kangra(Jaisinghpur),Ginger(Green),Green Ginger,FAQ,30-04-2025,5500,6000,5700
Himachal Pradesh,Kangra,Kangra(Jaisinghpur),Karbuja(Musk Melon),Karbhuja,Medium,30-04-2025,3000,3400,3200
Himachal Pradesh,Kangra,Palampur,Banana,Banana - Ripe,Medium,30-04-2025,4500,4800,4600
Himachal Pradesh,Kangra,Palampur,Bhindi(Ladies Finger),Other,FAQ,30-04-2025,4500,5000,4700
Himachal Pradesh,Kangra,Palampur,Bottle gourd,Bottle Gourd,FAQ,30-04-2025,1200,1600,1400
Himachal Pradesh,Kangra,Palampur,Brinjal,Brinjal,FAQ,30-04-2025,2000,2500,2200
Himachal Pradesh,Kangra,Palampur,Cauliflower,Cauliflower,FAQ,30-04-2025,2500,3000,2700
Himachal Pradesh,Kangra,Palampur,French Beans (Frasbean),Other,FAQ,30-04-2025,4000,4500,4200
Himachal Pradesh,Kangra,Palampur,Ginger(Green),Other,FAQ,30-04-2025,5000,6000,5500
Himachal Pradesh,Kangra,Palampur,Grapes,Other,Medium,30-04-2025,6500,8000,7200
Himachal Pradesh,Kangra,Palampur,Guava,Other,Medium,30-04-2025,7500,8000,7700
Himachal Pradesh,Kangra,Palampur,Lemon,Other,FAQ,30-04-2025,11000,11500,11200
Himachal Pradesh,Kangra,Palampur,Onion,Other,FAQ,30-04-2025,1800,1900,1850
Himachal Pradesh,Kangra,Palampur,Orange,Other,Medium,30-04-2025,9000,10000,9500
Kerala,Alappuzha,Harippad,Ashgourd,Other,FAQ,30-04-2025,3000,3500,3000
Kerala,Alappuzha,Harippad,Cabbage,Other,FAQ,30-04-2025,4000,4500,4000
Kerala,Alappuzha,Harippad,Onion,Other,FAQ,30-04-2025,4000,4500,4000
Kerala,Idukki,Kamakshi VFPCK,Banana,Nendra Bale,Large,30-04-2025,5000,5400,5200
Kerala,Kottayam,Avarma  VFPCK,Snakeguard,Snakeguard,FAQ,30-04-2025,700,700,700
Kerala,Kottayam,Pampady,Mango (Raw-Ripe),Other,FAQ,30-04-2025,3000,4500,3500
Kerala,Pathanamthitta,Pandalam,Coconut Oil,Copra Oil,FAQ,30-04-2025,22700,26000,22700
Kerala,Wayanad,Kalpetta,Bitter gourd,Other,FAQ,30-04-2025,2000,2100,2100
Kerala,Wayanad,Kalpetta,Black pepper,Other,FAQ,30-04-2025,67500,68500,68500
Kerala,Wayanad,Kalpetta,Cowpea(Veg),Other,FAQ,30-04-2025,2100,2200,2200
Kerala,Wayanad,Kalpetta,Green Chilli,Green Chilly,FAQ,30-04-2025,3300,3400,3400
Kerala,Wayanad,Kalpetta,Pumpkin,Other,FAQ,30-04-2025,800,900,900
Madhya Pradesh,Ashoknagar,Isagarh,Wheat,Sharbati,FAQ,30-04-2025,2715,2785,2785
Madhya Pradesh,Ujjain,Unhel,Wheat,Lokwan,FAQ,30-04-2025,2650,2700,2650
Odisha,Balasore,Nilagiri,Bhindi(Ladies Finger),Other,FAQ,30-04-2025,1800,2000,1900
Odisha,Balasore,Nilagiri,Tomato,Other,Non-FAQ,30-04-2025,1100,1300,1200
Odisha,Balasore,Nilagiri,Water Melon,Other,Medium,30-04-2025,1400,1500,1450
Odisha,Boudh,Boudh,Cauliflower,Other,FAQ,30-04-2025,3800,4200,4000
Odisha,Boudh,Boudh,Tomato,Other,FAQ,30-04-2025,1000,2000,1500
Odisha,Boudh,Boudh,Tomato,Other,Non-FAQ,30-04-2025,1000,1500,1200
Odisha,Boudh,Boudh,Water Melon,Other,Small,30-04-2025,800,1200,1000
Odisha,Boudh,Khunthabandha,Bitter gourd,Other,FAQ,30-04-2025,2000,3000,2500
Odisha,Boudh,Khunthabandha,Cucumbar(Kheera),Other,FAQ,30-04-2025,3500,4500,4000
Odisha,Jagatsinghpur,Rahama,Brinjal,Other,FAQ,30-04-2025,3000,5000,4000
Odisha,Jagatsinghpur,Rahama,Fish,Other,FAQ,30-04-2025,12000,43000,18000
Odisha,Sundergarh,Panposh,Bitter gourd,Other,FAQ,30-04-2025,4400,4800,4600
Odisha,Sundergarh,Panposh,Bottle gourd,Other,FAQ,30-04-2025,2000,2800,2400
Odisha,Sundergarh,Panposh,Cauliflower,Other,FAQ,30-04-2025,3000,3600,3200
Odisha,Sundergarh,Panposh,Pumpkin,Other,FAQ,30-04-2025,1000,1400,1200
Punjab,Amritsar,Rayya,Bhindi(Ladies Finger),Bhindi,FAQ,30-04-2025,3500,3500,3500
Punjab,Amritsar,Rayya,Brinjal,Brinjal,FAQ,30-04-2025,1300,1300,1300
Punjab,Amritsar,Rayya,Cauliflower,Local,FAQ,30-04-2025,600,600,600
Tamil Nadu,Ariyalur,Ariyalur(Uzhavar Sandhai),Brinjal,Round,Local,30-04-2025,2400,2400,2400
Tamil Nadu,Ariyalur,Ariyalur(Uzhavar Sandhai),Guava,Guava Alahabad,Local,30-04-2025,4000,4000,4000
Tamil Nadu,Ariyalur,Jeyankondam (Uzhavar Sandhai ),Carrot,Pusakesar,Local,30-04-2025,3500,4000,4000
Tamil Nadu,Ariyalur,Jeyankondam (Uzhavar Sandhai ),Coconut,Coconut,Local,30-04-2025,5000,6000,6000
Tamil Nadu,Ariyalur,Jeyankondam (Uzhavar Sandhai ),Coriander(Leaves),I Sort,Local,30-04-2025,4000,5000,5000
Tamil Nadu,Ariyalur,Jeyankondam (Uzhavar Sandhai ),Potato,(Red Nanital),Local,30-04-2025,2500,3000,3000
Tamil Nadu,Ariyalur,Jeyankondam (Uzhavar Sandhai ),Snakeguard,Snakeguard,Local,30-04-2025,2000,2500,2500
Tamil Nadu,Chengalpattu,Chengalpet(Uzhavar Sandhai ),Banana - Green,Banana - Green,Local,30-04-2025,3000,3500,3500
Tamil Nadu,Chengalpattu,Chengalpet(Uzhavar Sandhai ),Beetroot,Beetroot,Local,30-04-2025,1500,2000,2000
Tamil Nadu,Chengalpattu,Madhuranthagam(Uzhavar Sandhai ),Coconut,Coconut,Local,30-04-2025,2500,3000,3000
Tamil Nadu,Chengalpattu,Madhuranthagam(Uzhavar Sandhai ),Drumstick,Drumstick,Local,30-04-2025,4000,4500,4500
Tamil Nadu,Chengalpattu,Madhuranthagam(Uzhavar Sandhai ),Green Chilli,Green Chilly,Local,30-04-2025,4000,4500,4500
Tamil Nadu,Chengalpattu,Madhuranthagam(Uzhavar Sandhai ),Ridgeguard(Tori),Ridgeguard(Tori),Local,30-04-2025,4000,4500,4500
Tamil Nadu,Chengalpattu,Medavakkam(Uzhavar Sandhai ),Amaranthus,Amaranthus,Local,30-04-2025,2500,3000,3000
Tamil Nadu,Chengalpattu,Medavakkam(Uzhavar Sandhai ),Onion,Bellary,Local,30-04-2025,3200,3800,3800
Tamil Nadu,Chengalpattu,Medavakkam(Uzhavar Sandhai ),Potato,(Red Nanital),Local,30-04-2025,3400,3800,3800
Tamil Nadu,Chengalpattu,Pallavaram(Uzhavar Sandhai ),Banana - Green,Banana - Green,Local,30-04-2025,3000,3500,3500
Tamil Nadu,Chengalpattu,Pallavaram(Uzhavar Sandhai ),Beetroot,Beetroot,Local,30-04-2025,3000,4000,4000
Tamil Nadu,Chengalpattu,Pallavaram(Uzhavar Sandhai ),Cabbage,Cabbage,Local,30-04-2025,1200,1500,1500
Tamil Nadu,Chengalpattu,Pallavaram(Uzhavar Sandhai ),Cauliflower,Ranchi,Local,30-04-2025,2500,3000,3000
Tamil Nadu,Chengalpattu,Pallavaram(Uzhavar Sandhai ),Chikoos(Sapota),Sapota,Local,30-04-2025,4500,5000,5000
Tamil Nadu,Chengalpattu,Pallavaram(Uzhavar Sandhai ),Coriander(Leaves),I Sort,Local,30-04-2025,4500,5000,5000
Tamil Nadu,Chengalpattu,Pallavaram(Uzhavar Sandhai ),Cowpea(Veg),Cowpea (Veg),Local,30-04-2025,4000,6000,6000
Tamil Nadu,Chengalpattu,Pallavaram(Uzhavar Sandhai ),Cucumbar(Kheera),Cucumbar,Local,30-04-2025,2500,3000,3000
Tamil Nadu,Chengalpattu,Pallavaram(Uzhavar Sandhai ),Elephant Yam (Suran),Elephant Yam (Suran),Local,30-04-2025,8000,9000,9000
Tamil Nadu,Chengalpattu,Pallavaram(Uzhavar Sandhai ),Green Chilli,Green Chilly,Local,30-04-2025,3500,4000,4000
Tamil Nadu,Chengalpattu,Pallavaram(Uzhavar Sandhai ),Mango (Raw-Ripe),Mango - Raw-Ripe,Local,30-04-2025,3500,4000,4000
Tamil Nadu,Chengalpattu,Pallavaram(Uzhavar Sandhai ),Mashrooms,Mashrooms,Local,30-04-2025,24000,25000,25000
Tamil Nadu,Chengalpattu,Pallavaram(Uzhavar Sandhai ),Onion,Bellary,Local,30-04-2025,2500,3000,3000
Tamil Nadu,Chengalpattu,Pallavaram(Uzhavar Sandhai ),Tender Coconut,Tender Coconut,Local,30-04-2025,4500,5000,5000
Tamil Nadu,Chengalpattu,Pallavaram(Uzhavar Sandhai ),Thondekai,Thondekai,Local,30-04-2025,2500,3000,3000
Tamil Nadu,Chengalpattu,Pallavaram(Uzhavar Sandhai ),Water Melon,Water Melon,Local,30-04-2025,1200,1500,1500
Tamil Nadu,Chengalpattu,Thirukalukundram(Uzhavar Sandhai ),Bhindi(Ladies Finger),Bhindi,Local,30-04-2025,2000,3000,3000
Tamil Nadu,Chengalpattu,Thirukalukundram(Uzhavar Sandhai ),Lemon,Lemon,Local,30-04-2025,15000,16000,16000
Tamil Nadu,Chengalpattu,Thirukalukundram(Uzhavar Sandhai ),Raddish,Raddish,Local,30-04-2025,3000,3500,3500
Tamil Nadu,Coimbatore,Kurichi(Uzhavar Sandhai ),Brinjal,Round,Local,30-04-2025,2500,3000,3000
Tamil Nadu,Coimbatore,Kurichi(Uzhavar Sandhai ),Onion Green,Onion Green,Local,30-04-2025,3000,3500,3500
Tamil Nadu,Coimbatore,Kurichi(Uzhavar Sandhai ),Pumpkin,Pumpkin,Local,30-04-2025,1200,1500,1500
Tamil Nadu,Coimbatore,Kurichi(Uzhavar Sandhai ),Snakeguard,Snakeguard,Local,30-04-2025,2500,3000,3000
Tamil Nadu,Coimbatore,Kurichi(Uzhavar Sandhai ),Sweet Potato,Hosur Red,Local,30-04-2025,3500,4000,4000
Tamil Nadu,Coimbatore,Mettupalayam(Uzhavar Sandhai ),Amla(Nelli Kai),Amla,Local,30-04-2025,7000,7500,7500
Tamil Nadu,Coimbatore,Mettupalayam(Uzhavar Sandhai ),Banana,Besrai,Local,30-04-2025,3000,8000,8000
Tamil Nadu,Coimbatore,Mettupalayam(Uzhavar Sandhai ),Bhindi(Ladies Finger),Bhindi,Local,30-04-2025,2500,3000,3000
Tamil Nadu,Coimbatore,Mettupalayam(Uzhavar Sandhai ),Cabbage,Cabbage,Local,30-04-2025,1600,2000,2000
Tamil Nadu,Coimbatore,Mettupalayam(Uzhavar Sandhai ),Cauliflower,Ranchi,Local,30-04-2025,3000,3500,3500
Tamil Nadu,Coimbatore,Mettupalayam(Uzhavar Sandhai ),Cowpea(Veg),Cowpea (Veg),Local,30-04-2025,2000,2500,2500
Tamil Nadu,Coimbatore,Mettupalayam(Uzhavar Sandhai ),Cucumbar(Kheera),Cucumbar,Local,30-04-2025,3600,4000,4000
Tamil Nadu,Coimbatore,Mettupalayam(Uzhavar Sandhai ),Mint(Pudina),Mint(Pudina),Local,30-04-2025,3600,4000,4000
Tamil Nadu,Coimbatore,Mettupalayam(Uzhavar Sandhai ),Onion,Bellary,Local,30-04-2025,2000,2400,2400
Tamil Nadu,Coimbatore,Mettupalayam(Uzhavar Sandhai ),Tapioca,Tapioca,Local,30-04-2025,3000,3500,3500
Tamil Nadu,Coimbatore,Pollachi(Uzhavar Sandhai ),Bhindi(Ladies Finger),Bhindi,Local,30-04-2025,3500,4000,4000
Tamil Nadu,Coimbatore,Pollachi(Uzhavar Sandhai ),Bottle gourd,Bottle Gourd,Local,30-04-2025,1500,1800,1800
Tamil Nadu,Coimbatore,Pollachi(Uzhavar Sandhai ),Cabbage,Cabbage,Local,30-04-2025,1800,2200,2200
Tamil Nadu,Coimbatore,Pollachi(Uzhavar Sandhai ),Garlic,Average,Local,30-04-2025,9000,12000,12000
Tamil Nadu,Coimbatore,Pollachi(Uzhavar Sandhai ),Green Avare (W),Avare (W),Local,30-04-2025,6600,7500,7500
Tamil Nadu,Coimbatore,Pollachi(Uzhavar Sandhai ),Mashrooms,Mashrooms,Local,30-04-2025,17000,19000,19000
Tamil Nadu,Coimbatore,Pollachi(Uzhavar Sandhai ),Tender Coconut,Tender Coconut,Local,30-04-2025,2500,3000,3000
Tamil Nadu,Coimbatore,RSPuram(Uzhavar Sandhai ),Ashgourd,Gouard,Local,30-04-2025,1000,1400,1400
Tamil Nadu,Coimbatore,RSPuram(Uzhavar Sandhai ),Bottle gourd,Bottle Gourd,Local,30-04-2025,1000,1400,1400
Tamil Nadu,Coimbatore,RSPuram(Uzhavar Sandhai ),Cauliflower,Ranchi,Local,30-04-2025,3000,3800,3800
Tamil Nadu,Coimbatore,RSPuram(Uzhavar Sandhai ),Cowpea(Veg),Cowpea (Veg),Local,30-04-2025,2000,2800,2800
Tamil Nadu,Coimbatore,RSPuram(Uzhavar Sandhai ),Green Chilli,Green Chilly,Local,30-04-2025,2200,3000,3000
Tamil Nadu,Coimbatore,RSPuram(Uzhavar Sandhai ),Lemon,Lemon,Local,30-04-2025,11000,12000,12000
Tamil Nadu,Coimbatore,RSPuram(Uzhavar Sandhai ),Mango (Raw-Ripe),Mango - Raw-Ripe,Local,30-04-2025,2000,2500,2500
Tamil Nadu,Coimbatore,RSPuram(Uzhavar Sandhai ),Pear(Marasebu),Pears,Local,30-04-2025,15000,16000,16000
Tamil Nadu,Coimbatore,RSPuram(Uzhavar Sandhai ),Pomegranate,Pomogranate,Local,30-04-2025,10000,20000,20000
Tamil Nadu,Coimbatore,RSPuram(Uzhavar Sandhai ),Tapioca,Tapioca,Local,30-04-2025,2800,3400,3400
Tamil Nadu,Coimbatore,RSPuram(Uzhavar Sandhai ),Thondekai,Thondekai,Local,30-04-2025,1800,2200,2200
Tamil Nadu,Coimbatore,RSPuram(Uzhavar Sandhai ),Tomato,Deshi,Local,30-04-2025,1400,1600,1600
Tamil Nadu,Coimbatore,Singanallur(Uzhavar Sandhai ),Banana,Besrai,Local,30-04-2025,4400,7000,7000
Tamil Nadu,Coimbatore,Singanallur(Uzhavar Sandhai ),Banana - Green,Banana - Green,Local,30-04-2025,3500,3800,3800
Tamil Nadu,Coimbatore,Singanallur(Uzhavar Sandhai ),Capsicum,Capsicum,Local,30-04-2025,4500,5000,5000
Tamil Nadu,Coimbatore,Singanallur(Uzhavar Sandhai ),Coconut,Coconut,Local,30-04-2025,5500,6000,6000
Tamil Nadu,Coimbatore,Singanallur(Uzhavar Sandhai ),Cowpea(Veg),Cowpea (Veg),Local,30-04-2025,2000,2600,2600
Tamil Nadu,Coimbatore,Singanallur(Uzhavar Sandhai ),Ginger(Green),Green Ginger,Local,30-04-2025,4500,4800,4800
Tamil Nadu,Coimbatore,Singanallur(Uzhavar Sandhai ),Groundnut,Big (With Shell),Local,30-04-2025,4500,5000,5000
Tamil Nadu,Coimbatore,Singanallur(Uzhavar Sandhai ),Pomegranate,Pomogranate,Local,30-04-2025,18000,20000,20000
Tamil Nadu,Coimbatore,Singanallur(Uzhavar Sandhai ),Potato,(Red Nanital),Local,30-04-2025,4000,4600,4600
Tamil Nadu,Coimbatore,Singanallur(Uzhavar Sandhai ),Thondekai,Thondekai,Local,30-04-2025,2000,2200,2200
Tamil Nadu,Coimbatore,Singanallur(Uzhavar Sandhai ),Turnip,Turnip,Local,30-04-2025,3000,3400,3400
Tamil Nadu,Coimbatore,Sulur(Uzhavar Sandhai ),Banana,Besrai,Local,30-04-2025,5000,7000,7000
Tamil Nadu,Coimbatore,Sulur(Uzhavar Sandhai ),Bhindi(Ladies Finger),Bhindi,Local,30-04-2025,3000,3400,3400
Tamil Nadu,Coimbatore,Sulur(Uzhavar Sandhai ),Cabbage,Cabbage,Local,30-04-2025,1600,1800,1800
Tamil Nadu,Coimbatore,Sulur(Uzhavar Sandhai ),Cauliflower,Ranchi,Local,30-04-2025,3400,3800,3800
Tamil Nadu,Coimbatore,Sulur(Uzhavar Sandhai ),Drumstick,Drumstick,Local,30-04-2025,3400,3800,3800
Tamil Nadu,Coimbatore,Sulur(Uzhavar Sandhai ),Elephant Yam (Suran),Elephant Yam (Suran),Local,30-04-2025,5600,6000,6000
Tamil Nadu,Coimbatore,Sulur(Uzhavar Sandhai ),Lemon,Lemon,Local,30-04-2025,11000,12000,12000
Tamil Nadu,Coimbatore,Sulur(Uzhavar Sandhai ),Mango (Raw-Ripe),Mango - Raw-Ripe,Local,30-04-2025,2600,3000,3000
Tamil Nadu,Coimbatore,Sulur(Uzhavar Sandhai ),Onion Green,Onion Green,Local,30-04-2025,3000,3400,3400
Tamil Nadu,Coimbatore,Sulur(Uzhavar Sandhai ),Pumpkin,Pumpkin,Local,30-04-2025,1200,1400,1400
Tamil Nadu,Coimbatore,Udumalpet,Amla(Nelli Kai),Amla,Local,30-04-2025,6000,7000,7000
Tamil Nadu,Coimbatore,Udumalpet,Karbuja(Musk Melon),Karbhuja,Local,30-04-2025,2500,3000,3000
Tamil Nadu,Coimbatore,Udumalpet,Mango,Safeda,Local,30-04-2025,6500,7000,7000
Tamil Nadu,Coimbatore,Udumalpet,Papaya,Papaya,Local,30-04-2025,2500,3000,3000
Tamil Nadu,Coimbatore,Udumalpet,Raddish,Raddish,Local,30-04-2025,2000,2400,2400
Tamil Nadu,Coimbatore,Vadavalli(Uzhavar Sandhai ),Amaranthus,Amaranthus,Local,30-04-2025,2500,4000,4000
Tamil Nadu,Coimbatore,Vadavalli(Uzhavar Sandhai ),Brinjal,Round,Local,30-04-2025,2400,3500,3500
Tamil Nadu,Coimbatore,Vadavalli(Uzhavar Sandhai ),Cauliflower,Ranchi,Local,30-04-2025,3000,3600,3600
Tamil Nadu,Coimbatore,Vadavalli(Uzhavar Sandhai ),Coriander(Leaves),I Sort,Local,30-04-2025,5500,6000,6000
Tamil Nadu,Coimbatore,Vadavalli(Uzhavar Sandhai ),Drumstick,Drumstick,Local,30-04-2025,3000,3500,3500
Tamil Nadu,Coimbatore,Vadavalli(Uzhavar Sandhai ),Garlic,Average,Local,30-04-2025,9500,13500,13500
Tamil Nadu,Coimbatore,Vadavalli(Uzhavar Sandhai ),Green Avare (W),Avare (W),Local,30-04-2025,7000,7500,7500
Tamil Nadu,Coimbatore,Vadavalli(Uzhavar Sandhai ),Onion,Bellary,Local,30-04-2025,1800,2200,2200
Tamil Nadu,Coimbatore,Vadavalli(Uzhavar Sandhai ),Onion Green,Onion Green,Local,30-04-2025,3000,3500,3500
Tamil Nadu,Coimbatore,Vadavalli(Uzhavar Sandhai ),Pumpkin,Pumpkin,Local,30-04-2025,1200,1500,1500
Tamil Nadu,Coimbatore,Vadavalli(Uzhavar Sandhai ),Tapioca,Tapioca,Local,30-04-2025,3000,3400,3400
Tamil Nadu,Cuddalore,Chidambaram(Uzhavar Sandhai ),Ginger(Green),Green Ginger,Local,30-04-2025,6000,6000,6000
Tamil Nadu,Cuddalore,Chidambaram(Uzhavar Sandhai ),Lemon,Lemon,Local,30-04-2025,6000,7000,7000
Tamil Nadu,Cuddalore,Chidambaram(Uzhavar Sandhai ),Mint(Pudina),Mint(Pudina),Local,30-04-2025,4000,4000,4000
Tamil Nadu,Cuddalore,Chidambaram(Uzhavar Sandhai ),Papaya,Papaya,Local,30-04-2025,4000,4000,4000
Tamil Nadu,Cuddalore,Chidambaram(Uzhavar Sandhai ),Raddish,Raddish,Local,30-04-2025,2500,2500,2500
Tamil Nadu,Cuddalore,Cuddalore(Uzhavar Sandhai ),Brinjal,Round,Local,30-04-2025,1500,2000,2000
Tamil Nadu,Cuddalore,Cuddalore(Uzhavar Sandhai ),Cauliflower,Ranchi,Local,30-04-2025,2500,2500,2500
Tamil Nadu,Cuddalore,Cuddalore(Uzhavar Sandhai ),Green Chilli,Green Chilly,Local,30-04-2025,2500,3000,3000
Tamil Nadu,Cuddalore,Cuddalore(Uzhavar Sandhai ),Groundnut,Big (With Shell),Local,30-04-2025,6000,7000,7000
Tamil Nadu,Cuddalore,Cuddalore(Uzhavar Sandhai ),Lime,Lime,Local,30-04-2025,2000,2000,2000
Tamil Nadu,Cuddalore,Cuddalore(Uzhavar Sandhai ),Onion,Bellary,Local,30-04-2025,2500,3000,3000
Tamil Nadu,Cuddalore,Cuddalore(Uzhavar Sandhai ),Raddish,Raddish,Local,30-04-2025,2500,3000,3000
Tamil Nadu,Cuddalore,Viruthachalam(Uzhavar Sandhai ),Bhindi(Ladies Finger),Bhindi,Local,30-04-2025,2000,2000,2000
Tamil Nadu,Cuddalore,Viruthachalam(Uzhavar Sandhai ),Bottle gourd,Bottle Gourd,Local,30-04-2025,1500,1500,1500
Tamil Nadu,Cuddalore,Viruthachalam(Uzhavar Sandhai ),Carrot,Pusakesar,Local,30-04-2025,4000,4000,4000
Tamil Nadu,Cuddalore,Viruthachalam(Uzhavar Sandhai ),Mango (Raw-Ripe),Mango - Raw-Ripe,Local,30-04-2025,2500,2500,2500
Tamil Nadu,Dharmapuri,AJattihalli(Uzhavar Sandhai ),Amaranthus,Amaranthus,Local,30-04-2025,1800,2000,2000
Tamil Nadu,Dharmapuri,AJattihalli(Uzhavar Sandhai ),Beetroot,Beetroot,Local,30-04-2025,2000,2200,2200
Tamil Nadu,Dharmapuri,AJattihalli(Uzhavar Sandhai ),Capsicum,Capsicum,Local,30-04-2025,5000,5400,5400
Tamil Nadu,Dharmapuri,AJattihalli(Uzhavar Sandhai ),Garlic,Average,Local,30-04-2025,12800,13000,13000
Tamil Nadu,Dharmapuri,AJattihalli(Uzhavar Sandhai ),Knool Khol,Knool Khol,Local,30-04-2025,5400,5600,5600
Tamil Nadu,Dharmapuri,Dharmapuri(Uzhavar Sandhai ),Banana,Besrai,Local,30-04-2025,3300,3600,3600
Tamil Nadu,Dharmapuri,Dharmapuri(Uzhavar Sandhai ),Bottle gourd,Bottle Gourd,Local,30-04-2025,800,800,800
Tamil Nadu,Dharmapuri,Dharmapuri(Uzhavar Sandhai ),Cabbage,Cabbage,Local,30-04-2025,1400,1600,1600
Tamil Nadu,Dharmapuri,Dharmapuri(Uzhavar Sandhai ),Chow Chow,Chow Chow,Local,30-04-2025,3200,3400,3400
Tamil Nadu,Dharmapuri,Dharmapuri(Uzhavar Sandhai ),Cluster beans,Cluster Beans,Local,30-04-2025,1800,2000,2000
Tamil Nadu,Dharmapuri,Dharmapuri(Uzhavar Sandhai ),Drumstick,Drumstick,Local,30-04-2025,5200,5500,5500
Tamil Nadu,Dharmapuri,Dharmapuri(Uzhavar Sandhai ),Garlic,Average,Local,30-04-2025,12000,13000,13000
Tamil Nadu,Dharmapuri,Dharmapuri(Uzhavar Sandhai ),Guava,Guava Alahabad,Local,30-04-2025,5200,5600,5600
Tamil Nadu,Dharmapuri,Dharmapuri(Uzhavar Sandhai ),Knool Khol,Knool Khol,Local,30-04-2025,5200,5600,5600
Tamil Nadu,Dharmapuri,Dharmapuri(Uzhavar Sandhai ),Lemon,Lemon,Local,30-04-2025,14800,15400,15400
Tamil Nadu,Dharmapuri,Dharmapuri(Uzhavar Sandhai ),Marigold(Calcutta),Marigold(Calcutta),Local,30-04-2025,12000,13000,13000
Tamil Nadu,Dharmapuri,Dharmapuri(Uzhavar Sandhai ),Papaya,Papaya,Local,30-04-2025,3200,3500,3500
Tamil Nadu,Dharmapuri,Dharmapuri(Uzhavar Sandhai ),Raddish,Raddish,Local,30-04-2025,900,1000,1000
Tamil Nadu,Dharmapuri,Dharmapuri(Uzhavar Sandhai ),Sweet Potato,Hosur Red,Local,30-04-2025,2400,2600,2600
Tamil Nadu,Dharmapuri,Dharmapuri(Uzhavar Sandhai ),Thondekai,Thondekai,Local,30-04-2025,4400,4800,4800
Tamil Nadu,Dharmapuri,Palacode(Uzhavar Sandhai ),Ashgourd,Gouard,Local,30-04-2025,1800,2000,2000
Tamil Nadu,Dharmapuri,Palacode(Uzhavar Sandhai ),Chikoos(Sapota),Sapota,Local,30-04-2025,3600,4000,4000
Tamil Nadu,Dharmapuri,Palacode(Uzhavar Sandhai ),Drumstick,Drumstick,Local,30-04-2025,3600,4000,4000
Tamil Nadu,Dharmapuri,Palacode(Uzhavar Sandhai ),Ginger(Green),Green Ginger,Local,30-04-2025,5500,6000,6000
Tamil Nadu,Dharmapuri,Palacode(Uzhavar Sandhai ),Green Avare (W),Avare (W),Local,30-04-2025,3600,4000,4000
Tamil Nadu,Dharmapuri,Palacode(Uzhavar Sandhai ),Mint(Pudina),Mint(Pudina),Local,30-04-2025,4500,5000,5000
Tamil Nadu,Dharmapuri,Palacode(Uzhavar Sandhai ),Onion Green,Onion Green,Local,30-04-2025,3300,3600,3600
Tamil Nadu,Dharmapuri,Palacode(Uzhavar Sandhai ),Potato,(Red Nanital),Local,30-04-2025,2700,3000,3000
Tamil Nadu,Dharmapuri,Palacode(Uzhavar Sandhai ),Raddish,Raddish,Local,30-04-2025,900,1000,1000
Tamil Nadu,Dharmapuri,Palacode(Uzhavar Sandhai ),Tapioca,Tapioca,Local,30-04-2025,2300,2500,2500
Tamil Nadu,Erode,Gobichettipalayam(Uzhavar Sandhai ),Ashgourd,Gouard,Local,30-04-2025,2400,2600,2600
Tamil Nadu,Erode,Gobichettipalayam(Uzhavar Sandhai ),Bitter gourd,Bitter Gourd,Local,30-04-2025,4500,4800,4800
Tamil Nadu,Erode,Gobichettipalayam(Uzhavar Sandhai ),Cauliflower,Ranchi,Local,30-04-2025,2500,3000,3000
Tamil Nadu,Erode,Gobichettipalayam(Uzhavar Sandhai ),Cluster beans,Cluster Beans,Local,30-04-2025,4200,4500,4500
Tamil Nadu,Erode,Gobichettipalayam(Uzhavar Sandhai ),Green Avare (W),Avare (W),Local,30-04-2025,8500,9000,9000
Tamil Nadu,Erode,Gobichettipalayam(Uzhavar Sandhai ),Green Chilli,Green Chilly,Local,30-04-2025,2600,3000,3000
Tamil Nadu,Erode,Gobichettipalayam(Uzhavar Sandhai ),Onion,Bellary,Local,30-04-2025,2500,3000,3000
Tamil Nadu,Erode,Gobichettipalayam(Uzhavar Sandhai ),Onion Green,Onion Green,Local,30-04-2025,2600,3000,3000
Tamil Nadu,Erode,Gobichettipalayam(Uzhavar Sandhai ),Pumpkin,Pumpkin,Local,30-04-2025,2200,2500,2500
Tamil Nadu,Erode,Gobichettipalayam(Uzhavar Sandhai ),Ridgeguard(Tori),Ridgeguard(Tori),Local,30-04-2025,4200,4600,4600
Tamil Nadu,Erode,Gobichettipalayam(Uzhavar Sandhai ),Snakeguard,Snakeguard,Local,30-04-2025,3000,3500,3500
Tamil Nadu,Erode,Periyar Nagar(Uzhavar Sandhai ),Amla(Nelli Kai),Amla,Local,30-04-2025,6000,6500,6500
Tamil Nadu,Erode,Periyar Nagar(Uzhavar Sandhai ),Brinjal,Round,Local,30-04-2025,3400,3800,3800
Tamil Nadu,Erode,Periyar Nagar(Uzhavar Sandhai ),Coconut,Coconut,Local,30-04-2025,5200,5600,5600
Tamil Nadu,Erode,Periyar Nagar(Uzhavar Sandhai ),Coriander(Leaves),I Sort,Local,30-04-2025,3500,4000,4000
Tamil Nadu,Erode,Periyar Nagar(Uzhavar Sandhai ),Raddish,Raddish,Local,30-04-2025,1800,2000,2000
Tamil Nadu,Erode,Periyar Nagar(Uzhavar Sandhai ),Tomato,Deshi,Local,30-04-2025,1000,1300,1300
Tamil Nadu,Erode,Perundurai(Uzhavar Sandhai ),Amaranthus,Amaranthus,Local,30-04-2025,4200,4500,4500
Tamil Nadu,Erode,Perundurai(Uzhavar Sandhai ),Bitter gourd,Bitter Gourd,Local,30-04-2025,5200,5500,5500
Tamil Nadu,Erode,Perundurai(Uzhavar Sandhai ),Cluster beans,Cluster Beans,Local,30-04-2025,3000,3200,3200
Tamil Nadu,Erode,Perundurai(Uzhavar Sandhai ),Coconut,Coconut,Local,30-04-2025,4200,6400,6400
Tamil Nadu,Erode,Perundurai(Uzhavar Sandhai ),Coriander(Leaves),I Sort,Local,30-04-2025,3800,4000,4000
Tamil Nadu,Erode,Perundurai(Uzhavar Sandhai ),Maize,Deshi Red,Local,30-04-2025,3800,4000,4000
Tamil Nadu,Erode,Perundurai(Uzhavar Sandhai ),Raddish,Raddish,Local,30-04-2025,2200,2500,2500
Tamil Nadu,Erode,Sampath Nagar(Uzhavar Sandhai ),Amaranthus,Amaranthus,Local,30-04-2025,2600,3200,3200
Tamil Nadu,Erode,Sampath Nagar(Uzhavar Sandhai ),Amla(Nelli Kai),Amla,Local,30-04-2025,6000,6500,6500
Tamil Nadu,Erode,Sampath Nagar(Uzhavar Sandhai ),Ashgourd,Gouard,Local,30-04-2025,1600,1800,1800
Tamil Nadu,Erode,Sampath Nagar(Uzhavar Sandhai ),Bottle gourd,Bottle Gourd,Local,30-04-2025,1000,1200,1200
Tamil Nadu,Erode,Sampath Nagar(Uzhavar Sandhai ),Cluster beans,Cluster Beans,Local,30-04-2025,2400,2800,2800
Tamil Nadu,Erode,Sampath Nagar(Uzhavar Sandhai ),Coconut,Coconut,Local,30-04-2025,5200,5600,5600
Tamil Nadu,Erode,Sampath Nagar(Uzhavar Sandhai ),Onion,Bellary,Local,30-04-2025,2000,2500,2500
Tamil Nadu,Erode,Sampath Nagar(Uzhavar Sandhai ),Pumpkin,Pumpkin,Local,30-04-2025,1600,1800,1800
Tamil Nadu,Erode,Sampath Nagar(Uzhavar Sandhai ),Snakeguard,Snakeguard,Local,30-04-2025,1800,2000,2000
Tamil Nadu,Erode,Sampath Nagar(Uzhavar Sandhai ),Tapioca,Tapioca,Local,30-04-2025,2000,2200,2200
Tamil Nadu,Erode,Sampath Nagar(Uzhavar Sandhai ),Tomato,Deshi,Local,30-04-2025,1000,1300,1300
Tamil Nadu,Erode,Sathiyamagalam(Uzhavar Sandhai ),Amaranthus,Amaranthus,Local,30-04-2025,3000,3500,3500
Tamil Nadu,Erode,Sathiyamagalam(Uzhavar Sandhai ),Cluster beans,Cluster Beans,Local,30-04-2025,2500,3000,3000
Tamil Nadu,Erode,Sathiyamagalam(Uzhavar Sandhai ),Coriander(Leaves),I Sort,Local,30-04-2025,3400,3800,3800
Tamil Nadu,Erode,Sathiyamagalam(Uzhavar Sandhai ),Ginger(Green),Green Ginger,Local,30-04-2025,5000,6000,6000
Tamil Nadu,Erode,Sathiyamagalam(Uzhavar Sandhai ),Tapioca,Tapioca,Local,30-04-2025,3500,4000,4000
Tamil Nadu,Erode,Thalavadi(Uzhavar Sandhai ),Bitter gourd,Bitter Gourd,Local,30-04-2025,3400,3800,3800
Tamil Nadu,Erode,Thalavadi(Uzhavar Sandhai ),Brinjal,Round,Local,30-04-2025,1000,1500,1500
Tamil Nadu,Erode,Thalavadi(Uzhavar Sandhai ),Chow Chow,Chow Chow,Local,30-04-2025,1400,1800,1800
Tamil Nadu,Erode,Thalavadi(Uzhavar Sandhai ),Coriander(Leaves),I Sort,Local,30-04-2025,2800,3200,3200
Tamil Nadu,Erode,Thalavadi(Uzhavar Sandhai ),Onion,Bellary,Local,30-04-2025,2400,3000,3000
Tamil Nadu,Erode,Thalavadi(Uzhavar Sandhai ),Pumpkin,Pumpkin,Local,30-04-2025,500,700,700
Tamil Nadu,Kallakuruchi,Kallakurichi(Uzhavar Sandhai ),Amaranthus,Amaranthus,Local,30-04-2025,4000,4000,4000
Tamil Nadu,Kallakuruchi,Kallakurichi(Uzhavar Sandhai ),Banana - Green,Banana - Green,Local,30-04-2025,4000,4000,4000
Tamil Nadu,Kallakuruchi,Kallakurichi(Uzhavar Sandhai ),Bitter gourd,Bitter Gourd,Local,30-04-2025,4000,5000,5000
Tamil Nadu,Kallakuruchi,Kallakurichi(Uzhavar Sandhai ),Capsicum,Capsicum,Local,30-04-2025,7000,7000,7000
Tamil Nadu,Kallakuruchi,Kallakurichi(Uzhavar Sandhai ),Chikoos(Sapota),Sapota,Local,30-04-2025,4000,4000,4000
Tamil Nadu,Kallakuruchi,Kallakurichi(Uzhavar Sandhai ),Chow Chow,Chow Chow,Local,30-04-2025,3500,3500,3500
Tamil Nadu,Kallakuruchi,Kallakurichi(Uzhavar Sandhai ),Cucumbar(Kheera),Cucumbar,Local,30-04-2025,6000,6000,6000
Tamil Nadu,Kallakuruchi,Kallakurichi(Uzhavar Sandhai ),Garlic,Average,Local,30-04-2025,12000,12000,12000
Tamil Nadu,Kallakuruchi,Kallakurichi(Uzhavar Sandhai ),Groundnut,Big (With Shell),Local,30-04-2025,7000,7000,7000
Tamil Nadu,Kallakuruchi,Kallakurichi(Uzhavar Sandhai ),Karbuja(Musk Melon),Karbhuja,Local,30-04-2025,2000,2000,2000
Tamil Nadu,Kallakuruchi,Kallakurichi(Uzhavar Sandhai ),Mango (Raw-Ripe),Mango - Raw-Ripe,Local,30-04-2025,3000,3000,3000
Tamil Nadu,Kallakuruchi,Kallakurichi(Uzhavar Sandhai ),Mashrooms,Mashrooms,Local,30-04-2025,20000,20000,20000
Tamil Nadu,Kallakuruchi,Kallakurichi(Uzhavar Sandhai ),Mint(Pudina),Mint(Pudina),Local,30-04-2025,4000,4000,4000
Tamil Nadu,Kallakuruchi,Kallakurichi(Uzhavar Sandhai ),Pumpkin,Pumpkin,Local,30-04-2025,2500,2500,2500
Tamil Nadu,Kallakuruchi,Kallakurichi(Uzhavar Sandhai ),Rose(Local),Rose (Local),Local,30-04-2025,20000,20000,20000
Tamil Nadu,Kallakuruchi,Kallakurichi(Uzhavar Sandhai ),Snakeguard,Snakeguard,Local,30-04-2025,2800,2800,2800
Tamil Nadu,Kallakuruchi,Kallakurichi(Uzhavar Sandhai ),Sweet Potato,Hosur Red,Local,30-04-2025,4000,4000,4000
Tamil Nadu,Kallakuruchi,Kallakurichi(Uzhavar Sandhai ),Tender Coconut,Tender Coconut,Local,30-04-2025,2500,2500,2500
Tamil Nadu,Kallakuruchi,Kallakurichi(Uzhavar Sandhai ),Yam (Ratalu),Yam (Ratalu),Local,30-04-2025,5000,5000,5000
Tamil Nadu,Kallakuruchi,Sankarapuram(Uzhavar Sandhai ),Bhindi(Ladies Finger),Bhindi,Local,30-04-2025,3000,3000,3000
Tamil Nadu,Kallakuruchi,Sankarapuram(Uzhavar Sandhai ),Drumstick,Drumstick,Local,30-04-2025,4000,4000,4000
Tamil Nadu,Kallakuruchi,Sankarapuram(Uzhavar Sandhai ),Elephant Yam (Suran),Elephant Yam (Suran),Local,30-04-2025,6000,6000,6000
Tamil Nadu,Kallakuruchi,Sankarapuram(Uzhavar Sandhai ),Jack Fruit,Jack Fruit,Local,30-04-2025,8000,8000,8000
Tamil Nadu,Kallakuruchi,Sankarapuram(Uzhavar Sandhai ),Maize,Deshi Red,Local,30-04-2025,3000,3000,3000
Tamil Nadu,Kallakuruchi,Sankarapuram(Uzhavar Sandhai ),Mango,Safeda,Local,30-04-2025,10000,10000,10000
Tamil Nadu,Kallakuruchi,Sankarapuram(Uzhavar Sandhai ),Pumpkin,Pumpkin,Local,30-04-2025,2500,2500,2500
Tamil Nadu,Kallakuruchi,Sankarapuram(Uzhavar Sandhai ),Sweet Potato,Hosur Red,Local,30-04-2025,4000,4000,4000
Tamil Nadu,Kallakuruchi,Sankarapuram(Uzhavar Sandhai ),Water Melon,Water Melon,Local,30-04-2025,1500,1500,1500
Tamil Nadu,Kancheepuram,Kundrathur(Uzhavar Sandhai ),Brinjal,Round,Local,30-04-2025,1500,2500,2500
Tamil Nadu,Kancheepuram,Kundrathur(Uzhavar Sandhai ),Drumstick,Drumstick,Local,30-04-2025,3000,4000,4000
Tamil Nadu,Kancheepuram,Kundrathur(Uzhavar Sandhai ),Onion,Bellary,Local,30-04-2025,2500,3000,3000
Tamil Nadu,Karur,Kulithalai(Uzhavar Sandhai ),Knool Khol,Knool Khol,Local,30-04-2025,3000,4000,4000
Tamil Nadu,Karur,Kulithalai(Uzhavar Sandhai ),Lemon,Lemon,Local,30-04-2025,8000,10000,10000
Tamil Nadu,Karur,Kulithalai(Uzhavar Sandhai ),Onion,Bellary,Local,30-04-2025,2400,2800,2800
Tamil Nadu,Karur,Kulithalai(Uzhavar Sandhai ),Tapioca,Tapioca,Local,30-04-2025,2500,3000,3000
Tamil Nadu,Karur,Kulithalai(Uzhavar Sandhai ),Tomato,Deshi,Local,30-04-2025,1400,1600,1600
Tamil Nadu,Karur,Pallapatti (Uzhavar Sandhai ),Banana,Besrai,Local,30-04-2025,4000,6000,6000
Tamil Nadu,Karur,Pallapatti (Uzhavar Sandhai ),Bhindi(Ladies Finger),Bhindi,Local,30-04-2025,2800,3000,3000
Tamil Nadu,Karur,Pallapatti (Uzhavar Sandhai ),Bitter gourd,Bitter Gourd,Local,30-04-2025,3200,3500,3500
Tamil Nadu,Karur,Pallapatti (Uzhavar Sandhai ),Bottle gourd,Bottle Gourd,Local,30-04-2025,1800,2000,2000
Tamil Nadu,Karur,Pallapatti (Uzhavar Sandhai ),Brinjal,Round,Local,30-04-2025,2200,2500,2500
Tamil Nadu,Karur,Pallapatti (Uzhavar Sandhai ),Coconut,Coconut,Local,30-04-2025,6000,6500,6500
Tamil Nadu,Karur,Pallapatti (Uzhavar Sandhai ),Drumstick,Drumstick,Local,30-04-2025,2500,3000,3000
Tamil Nadu,Karur,Pallapatti (Uzhavar Sandhai ),Mango (Raw-Ripe),Mango - Raw-Ripe,Local,30-04-2025,3600,4000,4000
Tamil Nadu,Karur,Pallapatti (Uzhavar Sandhai ),Pumpkin,Pumpkin,Local,30-04-2025,1500,2000,2000
Tamil Nadu,Karur,Pallapatti (Uzhavar Sandhai ),Ridgeguard(Tori),Ridgeguard(Tori),Local,30-04-2025,3600,4000,4000
Tamil Nadu,Karur,Pallapatti (Uzhavar Sandhai ),Snakeguard,Snakeguard,Local,30-04-2025,2500,3000,3000
Tamil Nadu,Karur,Pallapatti (Uzhavar Sandhai ),Sweet Potato,Hosur Red,Local,30-04-2025,3500,4000,4000
Tamil Nadu,Karur,Pallapatti (Uzhavar Sandhai ),Tapioca,Tapioca,Local,30-04-2025,2500,3000,3000
Tamil Nadu,Karur,Pallapatti (Uzhavar Sandhai ),Tomato,Deshi,Local,30-04-2025,1400,1500,1500
Tamil Nadu,Karur,Velayuthampalayam(Uzhavar Sandhai ),Bitter gourd,Bitter Gourd,Local,30-04-2025,3200,4000,4000
Tamil Nadu,Karur,Velayuthampalayam(Uzhavar Sandhai ),Bottle gourd,Bottle Gourd,Local,30-04-2025,1600,2000,2000
Tamil Nadu,Karur,Velayuthampalayam(Uzhavar Sandhai ),Coconut,Coconut,Local,30-04-2025,5200,6500,6500
Tamil Nadu,Karur,Velayuthampalayam(Uzhavar Sandhai ),Onion,Bellary,Local,30-04-2025,2400,3000,3000
Tamil Nadu,Karur,Velayuthampalayam(Uzhavar Sandhai ),Potato,(Red Nanital),Local,30-04-2025,3200,4000,4000
Tamil Nadu,Karur,Velayuthampalayam(Uzhavar Sandhai ),Pumpkin,Pumpkin,Local,30-04-2025,1600,2000,2000
Tamil Nadu,Karur,Velayuthampalayam(Uzhavar Sandhai ),Raddish,Raddish,Local,30-04-2025,2400,3000,3000
Tamil Nadu,Krishnagiri,Avallapalli(Uzhavar Sandhai ),Banana - Green,Banana - Green,Local,30-04-2025,3500,4000,4000
Tamil Nadu,Krishnagiri,Avallapalli(Uzhavar Sandhai ),Brinjal,Round,Local,30-04-2025,2000,2500,2500
Tamil Nadu,Krishnagiri,Avallapalli(Uzhavar Sandhai ),Cluster beans,Cluster Beans,Local,30-04-2025,3000,3500,3500
Tamil Nadu,Krishnagiri,Avallapalli(Uzhavar Sandhai ),Coconut,Coconut,Local,30-04-2025,6000,6500,6500
Tamil Nadu,Krishnagiri,Avallapalli(Uzhavar Sandhai ),Drumstick,Drumstick,Local,30-04-2025,3500,4000,4000
Tamil Nadu,Krishnagiri,Avallapalli(Uzhavar Sandhai ),Garlic,Average,Local,30-04-2025,10000,13000,13000
Tamil Nadu,Krishnagiri,Avallapalli(Uzhavar Sandhai ),Onion Green,Onion Green,Local,30-04-2025,4500,5000,5000
Tamil Nadu,Krishnagiri,Avallapalli(Uzhavar Sandhai ),Papaya,Papaya,Local,30-04-2025,3000,4000,4000
Tamil Nadu,Krishnagiri,Denkanikottai(Uzhavar Sandhai ),Brinjal,Round,Local,30-04-2025,2000,2500,2500
Tamil Nadu,Krishnagiri,Denkanikottai(Uzhavar Sandhai ),Carrot,Pusakesar,Local,30-04-2025,1500,2000,2000
Tamil Nadu,Krishnagiri,Denkanikottai(Uzhavar Sandhai ),Cauliflower,Ranchi,Local,30-04-2025,2500,3000,3000
Tamil Nadu,Krishnagiri,Denkanikottai(Uzhavar Sandhai ),Coriander(Leaves),I Sort,Local,30-04-2025,3000,4000,4000
Tamil Nadu,Krishnagiri,Denkanikottai(Uzhavar Sandhai ),Green Chilli,Green Chilly,Local,30-04-2025,4000,5000,5000
Tamil Nadu,Krishnagiri,Denkanikottai(Uzhavar Sandhai ),Mint(Pudina),Mint(Pudina),Local,30-04-2025,3000,3500,3500
Tamil Nadu,Krishnagiri,Hosur(Uzhavar Sandhai ),Brinjal,Round,Local,30-04-2025,2000,2500,2500
Tamil Nadu,Krishnagiri,Hosur(Uzhavar Sandhai ),Onion,Bellary,Local,30-04-2025,2000,2500,2500
Tamil Nadu,Krishnagiri,Hosur(Uzhavar Sandhai ),Snakeguard,Snakeguard,Local,30-04-2025,1500,2000,2000
Tamil Nadu,Krishnagiri,Hosur(Uzhavar Sandhai ),Tomato,Deshi,Local,30-04-2025,800,1200,1200
Tamil Nadu,Krishnagiri,Krishnagiri(Uzhavar Sandhai ),Amaranthus,Amaranthus,Local,30-04-2025,2500,3000,3000
Tamil Nadu,Krishnagiri,Krishnagiri(Uzhavar Sandhai ),Amla(Nelli Kai),Amla,Local,30-04-2025,7000,9000,9000
Tamil Nadu,Krishnagiri,Krishnagiri(Uzhavar Sandhai ),Beetroot,Beetroot,Local,30-04-2025,2000,2500,2500
Tamil Nadu,Krishnagiri,Krishnagiri(Uzhavar Sandhai ),Bitter gourd,Bitter Gourd,Local,30-04-2025,2200,2600,2600
Tamil Nadu,Krishnagiri,Krishnagiri(Uzhavar Sandhai ),Cabbage,Cabbage,Local,30-04-2025,1000,1400,1400
Tamil Nadu,Krishnagiri,Krishnagiri(Uzhavar Sandhai ),Carrot,Pusakesar,Local,30-04-2025,2500,3000,3000
Tamil Nadu,Krishnagiri,Krishnagiri(Uzhavar Sandhai ),Chikoos(Sapota),Sapota,Local,30-04-2025,2500,3000,3000
Tamil Nadu,Krishnagiri,Krishnagiri(Uzhavar Sandhai ),Maize,Deshi Red,Local,30-04-2025,3000,3500,3500
Tamil Nadu,Krishnagiri,Krishnagiri(Uzhavar Sandhai ),Mango (Raw-Ripe),Mango - Raw-Ripe,Local,30-04-2025,2000,2500,2500
Tamil Nadu,Krishnagiri,Krishnagiri(Uzhavar Sandhai ),Onion Green,Onion Green,Local,30-04-2025,3500,4000,4000
Tamil Nadu,Krishnagiri,Krishnagiri(Uzhavar Sandhai ),Raddish,Raddish,Local,30-04-2025,800,1200,1200
Tamil Nadu,Krishnagiri,Krishnagiri(Uzhavar Sandhai ),Snakeguard,Snakeguard,Local,30-04-2025,1200,1600,1600
Tamil Nadu,Krishnagiri,Krishnagiri(Uzhavar Sandhai ),Tapioca,Tapioca,Local,30-04-2025,2200,2600,2600
Tamil Nadu,Krishnagiri,Krishnagiri(Uzhavar Sandhai ),Tender Coconut,Tender Coconut,Local,30-04-2025,2500,3000,3000
Tamil Nadu,Madurai,Chokkikulam(Uzhavar Sandhai ),Amla(Nelli Kai),Amla,Local,30-04-2025,6000,7000,7000
Tamil Nadu,Madurai,Chokkikulam(Uzhavar Sandhai ),Beans,Beans (Whole),Local,30-04-2025,5000,6000,6000
Tamil Nadu,Madurai,Chokkikulam(Uzhavar Sandhai ),Beetroot,Beetroot,Local,30-04-2025,3000,3600,3600
Tamil Nadu,Madurai,Chokkikulam(Uzhavar Sandhai ),Betal Leaves,Mysore,Local,30-04-2025,16000,20000,20000
Tamil Nadu,Madurai,Chokkikulam(Uzhavar Sandhai ),Bottle gourd,Bottle Gourd,Local,30-04-2025,1800,2000,2000
Tamil Nadu,Madurai,Chokkikulam(Uzhavar Sandhai ),Capsicum,Capsicum,Local,30-04-2025,5000,6000,6000
Tamil Nadu,Madurai,Chokkikulam(Uzhavar Sandhai ),Cauliflower,Ranchi,Local,30-04-2025,3000,3600,3600
Tamil Nadu,Madurai,Chokkikulam(Uzhavar Sandhai ),Coconut,Coconut,Local,30-04-2025,6000,6600,6600
Tamil Nadu,Madurai,Chokkikulam(Uzhavar Sandhai ),Coriander(Leaves),I Sort,Local,30-04-2025,6000,6600,6600
Tamil Nadu,Madurai,Chokkikulam(Uzhavar Sandhai ),Cucumbar(Kheera),Cucumbar,Local,30-04-2025,6000,7000,7000
Tamil Nadu,Madurai,Chokkikulam(Uzhavar Sandhai ),Elephant Yam (Suran),Elephant Yam (Suran),Local,30-04-2025,6000,7000,7000
Tamil Nadu,Madurai,Chokkikulam(Uzhavar Sandhai ),Grapes,Annabesahai,Local,30-04-2025,10000,12000,12000
Tamil Nadu,Madurai,Chokkikulam(Uzhavar Sandhai ),Knool Khol,Knool Khol,Local,30-04-2025,4000,5000,5000
Tamil Nadu,Madurai,Chokkikulam(Uzhavar Sandhai ),Lime,Lime,Local,30-04-2025,15000,16000,16000
Tamil Nadu,Madurai,Chokkikulam(Uzhavar Sandhai ),Mango (Raw-Ripe),Mango - Raw-Ripe,Local,30-04-2025,2000,2400,2400
Tamil Nadu,Madurai,Chokkikulam(Uzhavar Sandhai ),Pineapple,Pine Apple,Local,30-04-2025,5000,6000,6000
Tamil Nadu,Madurai,Chokkikulam(Uzhavar Sandhai ),Pomegranate,Pomogranate,Local,30-04-2025,20000,22000,22000
Tamil Nadu,Madurai,Chokkikulam(Uzhavar Sandhai ),Sweet Potato,Hosur Red,Local,30-04-2025,4000,4800,4800
Tamil Nadu,Madurai,Melur(Uzhavar Sandhai ),Banana - Green,Banana - Green,Local,30-04-2025,1800,2200,2200
Tamil Nadu,Madurai,Melur(Uzhavar Sandhai ),Drumstick,Drumstick,Local,30-04-2025,5000,6000,6000
Tamil Nadu,Madurai,Melur(Uzhavar Sandhai ),Elephant Yam (Suran),Elephant Yam (Suran),Local,30-04-2025,6000,7000,7000
Tamil Nadu,Madurai,Melur(Uzhavar Sandhai ),Green Avare (W),Avare (W),Local,30-04-2025,5000,6000,6000
Tamil Nadu,Madurai,Melur(Uzhavar Sandhai ),Guava,Guava Alahabad,Local,30-04-2025,8000,9000,9000
Tamil Nadu,Madurai,Melur(Uzhavar Sandhai ),Mint(Pudina),Mint(Pudina),Local,30-04-2025,2000,2500,2500
Tamil Nadu,Madurai,Melur(Uzhavar Sandhai ),Raddish,Raddish,Local,30-04-2025,2000,2400,2400
Tamil Nadu,Madurai,Melur(Uzhavar Sandhai ),Tapioca,Tapioca,Local,30-04-2025,3600,4000,4000
Tamil Nadu,Madurai,Palanganatham(Uzhavar Sandhai ),Apple,American,Local,30-04-2025,20000,23000,23000
Tamil Nadu,Madurai,Palanganatham(Uzhavar Sandhai ),Ashgourd,Gouard,Local,30-04-2025,1400,1600,1600
Tamil Nadu,Madurai,Palanganatham(Uzhavar Sandhai ),Banana,Besrai,Local,30-04-2025,3000,4000,4000
Tamil Nadu,Madurai,Palanganatham(Uzhavar Sandhai ),Bottle gourd,Bottle Gourd,Local,30-04-2025,1800,2000,2000
Tamil Nadu,Madurai,Palanganatham(Uzhavar Sandhai ),Brinjal,Round,Local,30-04-2025,3000,4000,4000
Tamil Nadu,Madurai,Palanganatham(Uzhavar Sandhai ),Cabbage,Cabbage,Local,30-04-2025,1800,2000,2000
Tamil Nadu,Madurai,Palanganatham(Uzhavar Sandhai ),Coriander(Leaves),I Sort,Local,30-04-2025,6000,6600,6600
Tamil Nadu,Madurai,Palanganatham(Uzhavar Sandhai ),Drumstick,Drumstick,Local,30-04-2025,5000,6000,6000
Tamil Nadu,Madurai,Palanganatham(Uzhavar Sandhai ),Garlic,Average,Local,30-04-2025,16000,18000,18000
Tamil Nadu,Madurai,Palanganatham(Uzhavar Sandhai ),Indian Beans (Seam),Indian Beans (Seam),Local,30-04-2025,8000,9000,9000
Tamil Nadu,Madurai,Palanganatham(Uzhavar Sandhai ),Knool Khol,Knool Khol,Local,30-04-2025,4000,5000,5000
Tamil Nadu,Madurai,Palanganatham(Uzhavar Sandhai ),Mashrooms,Mashrooms,Local,30-04-2025,20000,22500,22500
Tamil Nadu,Madurai,Palanganatham(Uzhavar Sandhai ),Turnip,Turnip,Local,30-04-2025,6000,7000,7000
Tamil Nadu,Madurai,Thirumangalam(Uzhavar Sandhai ),Coconut,Coconut,Local,30-04-2025,6000,6600,6600
Tamil Nadu,Madurai,Thirumangalam(Uzhavar Sandhai ),Drumstick,Drumstick,Local,30-04-2025,5000,6000,6000
Tamil Nadu,Madurai,Thirumangalam(Uzhavar Sandhai ),Green Chilli,Green Chilly,Local,30-04-2025,1800,2000,2000
Tamil Nadu,Madurai,Thirumangalam(Uzhavar Sandhai ),Tomato,Deshi,Local,30-04-2025,1600,1800,1800
Tamil Nadu,Madurai,Usilampatty,Bhindi(Ladies Finger),Bhindi,Local,30-04-2025,2000,2400,2400
Tamil Nadu,Madurai,Usilampatty,Mint(Pudina),Mint(Pudina),Local,30-04-2025,2000,2400,2400
Tamil Nadu,Madurai,Usilampatty,Onion,Bellary,Local,30-04-2025,2800,3000,3000
Tamil Nadu,Madurai,Usilampatty,Tomato,Deshi,Local,30-04-2025,1600,1800,1800
Tamil Nadu,Nagapattinam,Mayiladuthurai(Uzhavar Sandhai ),Onion Green,Onion Green,Local,30-04-2025,3500,4000,4000
Tamil Nadu,Nagapattinam,Mayiladuthurai(Uzhavar Sandhai ),Snakeguard,Snakeguard,Local,30-04-2025,2500,3000,3000
Tamil Nadu,Nagapattinam,Mayiladuthurai(Uzhavar Sandhai ),Tomato,Deshi,Local,30-04-2025,1500,2000,2000
Tamil Nadu,Nagapattinam,Nagapattinam(Uzhavar Sandhai ),Amla(Nelli Kai),Amla,Local,30-04-2025,4000,5500,5500
Tamil Nadu,Nagapattinam,Nagapattinam(Uzhavar Sandhai ),Ashgourd,Gouard,Local,30-04-2025,1500,2000,2000
Tamil Nadu,Nagapattinam,Nagapattinam(Uzhavar Sandhai ),Banana,Besrai,Local,30-04-2025,4500,5000,5000
Tamil Nadu,Nagapattinam,Nagapattinam(Uzhavar Sandhai ),Bhindi(Ladies Finger),Bhindi,Local,30-04-2025,4000,4500,4500
Tamil Nadu,Nagapattinam,Nagapattinam(Uzhavar Sandhai ),Cauliflower,Ranchi,Local,30-04-2025,4500,4500,4500
Tamil Nadu,Nagapattinam,Nagapattinam(Uzhavar Sandhai ),Chikoos(Sapota),Sapota,Local,30-04-2025,4500,4500,4500
Tamil Nadu,Nagapattinam,Nagapattinam(Uzhavar Sandhai ),Coconut,Coconut,Local,30-04-2025,5000,5500,5500
Tamil Nadu,Nagapattinam,Nagapattinam(Uzhavar Sandhai ),Groundnut,Big (With Shell),Local,30-04-2025,5000,5500,5500
Tamil Nadu,Nagapattinam,Nagapattinam(Uzhavar Sandhai ),Mango,Safeda,Local,30-04-2025,5000,7500,7500
Tamil Nadu,Nagapattinam,Nagapattinam(Uzhavar Sandhai ),Mango (Raw-Ripe),Mango - Raw-Ripe,Local,30-04-2025,2000,3000,3000
Tamil Nadu,Nagapattinam,Nagapattinam(Uzhavar Sandhai ),Onion,Bellary,Local,30-04-2025,2500,3300,3300
Tamil Nadu,Nagapattinam,Nagapattinam(Uzhavar Sandhai ),Onion Green,Onion Green,Local,30-04-2025,4000,5000,5000
Tamil Nadu,Nagapattinam,Nagapattinam(Uzhavar Sandhai ),Tapioca,Tapioca,Local,30-04-2025,3500,3500,3500
Tamil Nadu,Nagercoil (Kannyiakumari),Myladi(Uzhavar Sandhai ),Banana,Besrai,Local,30-04-2025,5500,6000,6000
Tamil Nadu,Nagercoil (Kannyiakumari),Myladi(Uzhavar Sandhai ),Banana - Green,Banana - Green,Local,30-04-2025,4500,5000,5000
Tamil Nadu,Nagercoil (Kannyiakumari),Vadaseri,Amaranthus,Amaranthus,Local,30-04-2025,800,1000,1000
Tamil Nadu,Nagercoil (Kannyiakumari),Vadaseri,Ashgourd,Gouard,Local,30-04-2025,1200,1500,1500
Tamil Nadu,Nagercoil (Kannyiakumari),Vadaseri,Bitter gourd,Bitter Gourd,Local,30-04-2025,5000,6000,6000
Tamil Nadu,Nagercoil (Kannyiakumari),Vadaseri,Carrot,Pusakesar,Local,30-04-2025,4500,5000,5000
Tamil Nadu,Nagercoil (Kannyiakumari),Vadaseri,Chow Chow,Chow Chow,Local,30-04-2025,3000,3500,3500
Tamil Nadu,Nagercoil (Kannyiakumari),Vadaseri,Green Chilli,Green Chilly,Local,30-04-2025,3500,4000,4000
Tamil Nadu,Nagercoil (Kannyiakumari),Vadaseri,Kakada,Kakada,Local,30-04-2025,140000,150000,150000
Tamil Nadu,Nagercoil (Kannyiakumari),Vadaseri,Mint(Pudina),Mint(Pudina),Local,30-04-2025,5000,6000,6000
Tamil Nadu,Nagercoil (Kannyiakumari),Vadaseri,Papaya,Papaya,Local,30-04-2025,3500,4000,4000
Tamil Nadu,Nagercoil (Kannyiakumari),Vadaseri,Tamarind Fruit,Tamarind Fruit,Local,30-04-2025,11000,12000,12000
Tamil Nadu,Nagercoil (Kannyiakumari),Vadaseri,Tapioca,Tapioca,Local,30-04-2025,3500,4000,4000
Tamil Nadu,Namakkal,Kumarapalayam(Uzhavar Sandhai ),Amaranthus,Amaranthus,Local,30-04-2025,2500,3000,3000
Tamil Nadu,Namakkal,Kumarapalayam(Uzhavar Sandhai ),Banana,Besrai,Local,30-04-2025,3500,4000,4000
Tamil Nadu,Namakkal,Kumarapalayam(Uzhavar Sandhai ),Bhindi(Ladies Finger),Bhindi,Local,30-04-2025,2500,3000,3000
Tamil Nadu,Namakkal,Kumarapalayam(Uzhavar Sandhai ),Coconut,Coconut,Local,30-04-2025,5500,6000,6000
Tamil Nadu,Namakkal,Kumarapalayam(Uzhavar Sandhai ),Maize,Deshi Red,Local,30-04-2025,2500,3000,3000
Tamil Nadu,Namakkal,Kumarapalayam(Uzhavar Sandhai ),Onion,Bellary,Local,30-04-2025,2500,3000,3000
Tamil Nadu,Namakkal,Kumarapalayam(Uzhavar Sandhai ),Onion Green,Onion Green,Local,30-04-2025,3000,3500,3500
Tamil Nadu,Namakkal,Kumarapalayam(Uzhavar Sandhai ),Pumpkin,Pumpkin,Local,30-04-2025,1500,2000,2000
Tamil Nadu,Namakkal,Mohanur(Uzhavar Sandhai ),Banana,Besrai,Local,30-04-2025,3200,8000,8000
Tamil Nadu,Namakkal,Mohanur(Uzhavar Sandhai ),Beans,Beans (Whole),Local,30-04-2025,9000,10000,10000
Tamil Nadu,Namakkal,Mohanur(Uzhavar Sandhai ),Cabbage,Cabbage,Local,30-04-2025,1400,2000,2000
Tamil Nadu,Namakkal,Mohanur(Uzhavar Sandhai ),Lemon,Lemon,Local,30-04-2025,7600,9000,9000
Tamil Nadu,Namakkal,Mohanur(Uzhavar Sandhai ),Potato,(Red Nanital),Local,30-04-2025,3000,3500,3500
Tamil Nadu,Namakkal,Mohanur(Uzhavar Sandhai ),Ridgeguard(Tori),Ridgeguard(Tori),Local,30-04-2025,5200,5600,5600
Tamil Nadu,Namakkal,Namakkal(Uzhavar Sandhai ),Ashgourd,Gouard,Local,30-04-2025,1200,1400,1400
Tamil Nadu,Namakkal,Namakkal(Uzhavar Sandhai ),Beans,Beans (Whole),Local,30-04-2025,7500,8000,8000
Tamil Nadu,Namakkal,Namakkal(Uzhavar Sandhai ),Bitter gourd,Bitter Gourd,Local,30-04-2025,3500,3800,3800
Tamil Nadu,Namakkal,Namakkal(Uzhavar Sandhai ),Cabbage,Cabbage,Local,30-04-2025,1400,1600,1600
Tamil Nadu,Namakkal,Namakkal(Uzhavar Sandhai ),Carrot,Pusakesar,Local,30-04-2025,3500,4000,4000
Tamil Nadu,Namakkal,Namakkal(Uzhavar Sandhai ),Cauliflower,Ranchi,Local,30-04-2025,2500,3500,3500
Tamil Nadu,Namakkal,Namakkal(Uzhavar Sandhai ),Ginger(Green),Green Ginger,Local,30-04-2025,4000,4500,4500
Tamil Nadu,Namakkal,Namakkal(Uzhavar Sandhai ),Tender Coconut,Tender Coconut,Local,30-04-2025,2000,3500,3500
Tamil Nadu,Namakkal,Namakkal(Uzhavar Sandhai ),Tomato,Deshi,Local,30-04-2025,1400,1600,1600
Tamil Nadu,Namakkal,Paramathivelur(Uzhavar Sandhai ),Ashgourd,Gouard,Local,30-04-2025,1800,2000,2000
Tamil Nadu,Namakkal,Paramathivelur(Uzhavar Sandhai ),Beans,Beans (Whole),Local,30-04-2025,8500,9500,9500
Tamil Nadu,Namakkal,Paramathivelur(Uzhavar Sandhai ),Beetroot,Beetroot,Local,30-04-2025,3500,4000,4000
Tamil Nadu,Namakkal,Paramathivelur(Uzhavar Sandhai ),Bottle gourd,Bottle Gourd,Local,30-04-2025,1200,1500,1500
Tamil Nadu,Namakkal,Paramathivelur(Uzhavar Sandhai ),Cabbage,Cabbage,Local,30-04-2025,1800,2000,2000
Tamil Nadu,Namakkal,Paramathivelur(Uzhavar Sandhai ),Carrot,Pusakesar,Local,30-04-2025,4500,5000,5000
Tamil Nadu,Namakkal,Paramathivelur(Uzhavar Sandhai ),Coriander(Leaves),I Sort,Local,30-04-2025,4500,5000,5000
Tamil Nadu,Namakkal,Paramathivelur(Uzhavar Sandhai ),Cucumbar(Kheera),Cucumbar,Local,30-04-2025,5400,6000,6000
Tamil Nadu,Namakkal,Paramathivelur(Uzhavar Sandhai ),Guava,Guava Alahabad,Local,30-04-2025,5400,6000,6000
Tamil Nadu,Namakkal,Paramathivelur(Uzhavar Sandhai ),Mango (Raw-Ripe),Mango - Raw-Ripe,Local,30-04-2025,5400,6000,6000
Tamil Nadu,Namakkal,Paramathivelur(Uzhavar Sandhai ),Mint(Pudina),Mint(Pudina),Local,30-04-2025,3500,4000,4000
Tamil Nadu,Namakkal,Paramathivelur(Uzhavar Sandhai ),Onion,Bellary,Local,30-04-2025,3000,3500,3500
Tamil Nadu,Namakkal,Paramathivelur(Uzhavar Sandhai ),Onion Green,Onion Green,Local,30-04-2025,3500,4000,4000
Tamil Nadu,Namakkal,Paramathivelur(Uzhavar Sandhai ),Papaya,Papaya,Local,30-04-2025,3000,3500,3500
Tamil Nadu,Namakkal,Paramathivelur(Uzhavar Sandhai ),Pumpkin,Pumpkin,Local,30-04-2025,1400,1600,1600
Tamil Nadu,Namakkal,Paramathivelur(Uzhavar Sandhai ),Sweet Potato,Hosur Red,Local,30-04-2025,4500,5000,5000
Tamil Nadu,Namakkal,Rasipuram(Uzhavar Sandhai ),Amla(Nelli Kai),Amla,Local,30-04-2025,6000,7000,7000
Tamil Nadu,Namakkal,Rasipuram(Uzhavar Sandhai ),Banana,Besrai,Local,30-04-2025,3500,6000,6000
Tamil Nadu,Namakkal,Rasipuram(Uzhavar Sandhai ),Coconut,Coconut,Local,30-04-2025,5200,5500,5500
Tamil Nadu,Namakkal,Rasipuram(Uzhavar Sandhai ),Cucumbar(Kheera),Cucumbar,Local,30-04-2025,4600,6000,6000
Tamil Nadu,Namakkal,Rasipuram(Uzhavar Sandhai ),Elephant Yam (Suran),Elephant Yam (Suran),Local,30-04-2025,5400,6000,6000
Tamil Nadu,Namakkal,Rasipuram(Uzhavar Sandhai ),Groundnut,Big (With Shell),Local,30-04-2025,5200,6000,6000
Tamil Nadu,Namakkal,Rasipuram(Uzhavar Sandhai ),Marigold(Calcutta),Marigold(Calcutta),Local,30-04-2025,8000,10000,10000
Tamil Nadu,Namakkal,Rasipuram(Uzhavar Sandhai ),Mousambi(Sweet Lime),Mousambi,Local,30-04-2025,2500,3000,3000
Tamil Nadu,Namakkal,Rasipuram(Uzhavar Sandhai ),Onion Green,Onion Green,Local,30-04-2025,2200,3500,3500
Tamil Nadu,Namakkal,Rasipuram(Uzhavar Sandhai ),Raddish,Raddish,Local,30-04-2025,2200,2500,2500
Tamil Nadu,Namakkal,Rasipuram(Uzhavar Sandhai ),Ridgeguard(Tori),Ridgeguard(Tori),Local,30-04-2025,4200,4800,4800
Tamil Nadu,Namakkal,Tiruchengode,Brinjal,Round,Local,30-04-2025,2500,3000,3000
Tamil Nadu,Namakkal,Tiruchengode,Cabbage,Cabbage,Local,30-04-2025,1500,2000,2000
Tamil Nadu,Namakkal,Tiruchengode,Coconut,Coconut,Local,30-04-2025,5000,6000,6000
Tamil Nadu,Namakkal,Tiruchengode,Drumstick,Drumstick,Local,30-04-2025,4000,5000,5000
Tamil Nadu,Namakkal,Tiruchengode,Elephant Yam (Suran),Elephant Yam (Suran),Local,30-04-2025,3500,4000,4000
Tamil Nadu,Namakkal,Tiruchengode,Green Avare (W),Avare (W),Local,30-04-2025,7000,9000,9000
Tamil Nadu,Namakkal,Tiruchengode,Green Chilli,Green Chilly,Local,30-04-2025,2500,3000,3000
Tamil Nadu,Namakkal,Tiruchengode,Lemon,Lemon,Local,30-04-2025,5000,6000,6000
Tamil Nadu,Namakkal,Tiruchengode,Mint(Pudina),Mint(Pudina),Local,30-04-2025,3500,4000,4000
Tamil Nadu,Namakkal,Tiruchengode,Onion Green,Onion Green,Local,30-04-2025,3000,4000,4000
Tamil Nadu,Namakkal,Tiruchengode,Papaya,Papaya,Local,30-04-2025,2500,3000,3000
Tamil Nadu,Namakkal,Tiruchengode,Snakeguard,Snakeguard,Local,30-04-2025,3000,3500,3500
Tamil Nadu,Namakkal,Tiruchengode,Water Melon,Water Melon,Local,30-04-2025,1500,2000,2000
Tamil Nadu,Perambalur,Perambalur(Uzhavar Sandhai ),Apple,American,Local,30-04-2025,22000,24000,24000
Tamil Nadu,Perambalur,Perambalur(Uzhavar Sandhai ),Ashgourd,Gouard,Local,30-04-2025,1000,1000,1000
Tamil Nadu,Perambalur,Perambalur(Uzhavar Sandhai ),Beetroot,Beetroot,Local,30-04-2025,3200,3200,3200
Tamil Nadu,Perambalur,Perambalur(Uzhavar Sandhai ),Bhindi(Ladies Finger),Bhindi,Local,30-04-2025,2000,2000,2000
Tamil Nadu,Perambalur,Perambalur(Uzhavar Sandhai ),Bitter gourd,Bitter Gourd,Local,30-04-2025,2800,2800,2800
Tamil Nadu,Perambalur,Perambalur(Uzhavar Sandhai ),Green Avare (W),Avare (W),Local,30-04-2025,7600,10800,10800
Tamil Nadu,Perambalur,Perambalur(Uzhavar Sandhai ),Onion Green,Onion Green,Local,30-04-2025,3500,4500,4500
Tamil Nadu,Perambalur,Perambalur(Uzhavar Sandhai ),Papaya,Papaya,Local,30-04-2025,4000,4000,4000
Tamil Nadu,Perambalur,Perambalur(Uzhavar Sandhai ),Pomegranate,Pomogranate,Local,30-04-2025,20000,22000,22000
Tamil Nadu,Perambalur,Perambalur(Uzhavar Sandhai ),Snakeguard,Snakeguard,Local,30-04-2025,1600,1600,1600
Tamil Nadu,Perambalur,Perambalur(Uzhavar Sandhai ),Thondekai,Thondekai,Local,30-04-2025,2000,2000,2000
Tamil Nadu,Pudukkottai,Alangudi(Uzhavar Sandhai ),Ashgourd,Gouard,Local,30-04-2025,800,1000,1000
Tamil Nadu,Pudukkottai,Alangudi(Uzhavar Sandhai ),Bhindi(Ladies Finger),Bhindi,Local,30-04-2025,2000,2500,2500
Tamil Nadu,Pudukkottai,Alangudi(Uzhavar Sandhai ),Coconut,Coconut,Local,30-04-2025,5000,6000,6000
Tamil Nadu,Pudukkottai,Alangudi(Uzhavar Sandhai ),Green Avare (W),Avare (W),Local,30-04-2025,7000,8000,8000
Tamil Nadu,Pudukkottai,Alangudi(Uzhavar Sandhai ),Mango (Raw-Ripe),Mango - Raw-Ripe,Local,30-04-2025,2500,3000,3000
Tamil Nadu,Pudukkottai,Alangudi(Uzhavar Sandhai ),Papaya,Papaya,Local,30-04-2025,2500,3000,3000
Tamil Nadu,Pudukkottai,Alangudi(Uzhavar Sandhai ),Raddish,Raddish,Local,30-04-2025,2000,2500,2500
Tamil Nadu,Pudukkottai,Aranthangi(Uzhavar Sandhai ),Amaranthus,Amaranthus,Local,30-04-2025,1500,2000,2000
Tamil Nadu,Pudukkottai,Aranthangi(Uzhavar Sandhai ),Ashgourd,Gouard,Local,30-04-2025,800,1000,1000
Tamil Nadu,Pudukkottai,Aranthangi(Uzhavar Sandhai ),Bitter gourd,Bitter Gourd,Local,30-04-2025,3000,3500,3500
Tamil Nadu,Pudukkottai,Aranthangi(Uzhavar Sandhai ),Drumstick,Drumstick,Local,30-04-2025,4500,5000,5000
Tamil Nadu,Pudukkottai,Aranthangi(Uzhavar Sandhai ),Onion,Bellary,Local,30-04-2025,3000,3500,3500
Tamil Nadu,Pudukkottai,Aranthangi(Uzhavar Sandhai ),Tomato,Deshi,Local,30-04-2025,1500,2000,2000
Tamil Nadu,Pudukkottai,Gandarvakottai(Uzhavar Sandhai ),Coconut,Coconut,Local,30-04-2025,5000,6000,6000
Tamil Nadu,Pudukkottai,Gandarvakottai(Uzhavar Sandhai ),Ginger(Green),Green Ginger,Local,30-04-2025,4500,5000,5000
Tamil Nadu,Pudukkottai,Gandarvakottai(Uzhavar Sandhai ),Green Avare (W),Avare (W),Local,30-04-2025,7000,8000,8000
Tamil Nadu,Pudukkottai,Gandarvakottai(Uzhavar Sandhai ),Papaya,Papaya,Local,30-04-2025,2500,3000,3000
Tamil Nadu,Pudukkottai,Gandarvakottai(Uzhavar Sandhai ),Potato,(Red Nanital),Local,30-04-2025,2500,3000,3000
Tamil Nadu,Pudukkottai,Gandarvakottai(Uzhavar Sandhai ),Ridgeguard(Tori),Ridgeguard(Tori),Local,30-04-2025,2500,3000,3000
Tamil Nadu,Pudukkottai,Gandarvakottai(Uzhavar Sandhai ),Tomato,Deshi,Local,30-04-2025,1500,1800,1800
Tamil Nadu,Pudukkottai,Karambakkudi(Uzhavar Sandhai ),Mint(Pudina),Mint(Pudina),Local,30-04-2025,2500,3000,3000
Tamil Nadu,Pudukkottai,Karambakkudi(Uzhavar Sandhai ),Onion Green,Onion Green,Local,30-04-2025,4000,4500,4500
Tamil Nadu,Pudukkottai,Viralimalai(Uzhavar Sandhai ),Bitter gourd,Bitter Gourd,Local,30-04-2025,2000,2500,2500
Tamil Nadu,Pudukkottai,Viralimalai(Uzhavar Sandhai ),Brinjal,Round,Local,30-04-2025,3000,3500,3500
Tamil Nadu,Pudukkottai,Viralimalai(Uzhavar Sandhai ),Coconut,Coconut,Local,30-04-2025,5000,5500,5500
Tamil Nadu,Pudukkottai,Viralimalai(Uzhavar Sandhai ),Green Chilli,Green Chilly,Local,30-04-2025,1500,2000,2000
Tamil Nadu,Pudukkottai,Viralimalai(Uzhavar Sandhai ),Onion,Bellary,Local,30-04-2025,3000,3500,3500
Tamil Nadu,Ramanathapuram,Paramakudi(Uzhavar Sandhai ),Ashgourd,Gouard,Local,30-04-2025,1500,2000,2000
Tamil Nadu,Ramanathapuram,Paramakudi(Uzhavar Sandhai ),Banana,Besrai,Local,30-04-2025,4500,5000,5000
Tamil Nadu,Ramanathapuram,Paramakudi(Uzhavar Sandhai ),Cluster beans,Cluster Beans,Local,30-04-2025,3500,4000,4000
Tamil Nadu,Ramanathapuram,Paramakudi(Uzhavar Sandhai ),Coconut,Coconut,Local,30-04-2025,6500,7000,7000
Tamil Nadu,Ramanathapuram,Paramakudi(Uzhavar Sandhai ),Drumstick,Drumstick,Local,30-04-2025,5000,6000,6000
Tamil Nadu,Ramanathapuram,Paramakudi(Uzhavar Sandhai ),Jasmine,Jasmine,Local,30-04-2025,30000,35000,35000
Tamil Nadu,Ramanathapuram,Paramakudi(Uzhavar Sandhai ),Kakada,Kakada,Local,30-04-2025,20000,25000,25000
Tamil Nadu,Ramanathapuram,Paramakudi(Uzhavar Sandhai ),Lime,Lime,Local,30-04-2025,14000,15000,15000
Tamil Nadu,Ramanathapuram,Paramakudi(Uzhavar Sandhai ),Ridgeguard(Tori),Ridgeguard(Tori),Local,30-04-2025,4500,5000,5000
Tamil Nadu,Ramanathapuram,Paramakudi(Uzhavar Sandhai ),Snakeguard,Snakeguard,Local,30-04-2025,4000,5000,5000
Tamil Nadu,Ramanathapuram,Paramakudi(Uzhavar Sandhai ),Tube Flower,Tube Flower,Local,30-04-2025,40000,50000,50000
Tamil Nadu,Ranipet,Ranipettai(Uzhavar Sandhai ),Green Chilli,Green Chilly,Local,30-04-2025,4000,5000,5000
Tamil Nadu,Ranipet,Ranipettai(Uzhavar Sandhai ),Tomato,Deshi,Local,30-04-2025,1400,1400,1400
Tamil Nadu,Salem,Ammapet(Uzhavar Sandhai ),Amaranthus,Amaranthus,Local,30-04-2025,1600,2000,2000
Tamil Nadu,Salem,Ammapet(Uzhavar Sandhai ),Apple,American,Local,30-04-2025,20000,22000,22000
Tamil Nadu,Salem,Ammapet(Uzhavar Sandhai ),Beans,Beans (Whole),Local,30-04-2025,6000,8000,8000
Tamil Nadu,Salem,Ammapet(Uzhavar Sandhai ),Cucumbar(Kheera),Cucumbar,Local,30-04-2025,4000,8000,8000
Tamil Nadu,Salem,Ammapet(Uzhavar Sandhai ),Karbuja(Musk Melon),Karbhuja,Local,30-04-2025,2500,3000,3000
Tamil Nadu,Salem,Ammapet(Uzhavar Sandhai ),Lemon,Lemon,Local,30-04-2025,6500,7000,7000
Tamil Nadu,Salem,Ammapet(Uzhavar Sandhai ),Mango,Safeda,Local,30-04-2025,10000,16000,16000
Tamil Nadu,Salem,Ammapet(Uzhavar Sandhai ),Mint(Pudina),Mint(Pudina),Local,30-04-2025,2000,2500,2500
Tamil Nadu,Salem,Ammapet(Uzhavar Sandhai ),Orange,Darjeeling,Local,30-04-2025,9000,10000,10000
Tamil Nadu,Salem,Ammapet(Uzhavar Sandhai ),Ridgeguard(Tori),Ridgeguard(Tori),Local,30-04-2025,3600,4000,4000
Tamil Nadu,Salem,Ammapet(Uzhavar Sandhai ),Sweet Potato,Hosur Red,Local,30-04-2025,3500,4000,4000
Tamil Nadu,Salem,Ammapet(Uzhavar Sandhai ),Tender Coconut,Tender Coconut,Local,30-04-2025,2500,3000,3000
Tamil Nadu,Salem,Ammapet(Uzhavar Sandhai ),Thondekai,Thondekai,Local,30-04-2025,3500,4000,4000
Tamil Nadu,Salem,Athur(Uzhavar Sandhai ),Coconut,Coconut,Local,30-04-2025,5500,6000,6000
Tamil Nadu,Salem,Athur(Uzhavar Sandhai ),Coriander(Leaves),I Sort,Local,30-04-2025,3000,3500,3500
Tamil Nadu,Salem,Athur(Uzhavar Sandhai ),Elephant Yam (Suran),Elephant Yam (Suran),Local,30-04-2025,4000,6000,6000
Tamil Nadu,Salem,Athur(Uzhavar Sandhai ),Green Chilli,Green Chilly,Local,30-04-2025,1000,2000,2000
Tamil Nadu,Salem,Athur(Uzhavar Sandhai ),Onion Green,Onion Green,Local,30-04-2025,3000,3500,3500
Tamil Nadu,Salem,Athur(Uzhavar Sandhai ),Papaya,Papaya,Local,30-04-2025,2500,3000,3000
Tamil Nadu,Salem,Athur(Uzhavar Sandhai ),Pumpkin,Pumpkin,Local,30-04-2025,800,1000,1000
Tamil Nadu,Salem,Athur(Uzhavar Sandhai ),Tube Rose(Loose),Tube Rose (Loose),Local,30-04-2025,15000,16000,16000
Tamil Nadu,Salem,Attayampatti(Uzhavar Sandhai ),Amaranthus,Amaranthus,Local,30-04-2025,1600,2000,2000
Tamil Nadu,Salem,Attayampatti(Uzhavar Sandhai ),Bitter gourd,Bitter Gourd,Local,30-04-2025,3600,4000,4000
Tamil Nadu,Salem,Attayampatti(Uzhavar Sandhai ),Carrot,Pusakesar,Local,30-04-2025,4000,5000,5000
Tamil Nadu,Salem,Attayampatti(Uzhavar Sandhai ),Cluster beans,Cluster Beans,Local,30-04-2025,2800,3000,3000
Tamil Nadu,Salem,Attayampatti(Uzhavar Sandhai ),Pumpkin,Pumpkin,Local,30-04-2025,1000,1200,1200
Tamil Nadu,Salem,Attayampatti(Uzhavar Sandhai ),Raddish,Raddish,Local,30-04-2025,2000,2400,2400
Tamil Nadu,Salem,Edapadi (Uzhavar Sandhai ),Amla(Nelli Kai),Amla,Local,30-04-2025,6500,7000,7000
Tamil Nadu,Salem,Edapadi (Uzhavar Sandhai ),Banana,Besrai,Local,30-04-2025,4000,8000,8000
Tamil Nadu,Salem,Edapadi (Uzhavar Sandhai ),Banana - Green,Banana - Green,Local,30-04-2025,2000,2500,2500
Tamil Nadu,Salem,Edapadi (Uzhavar Sandhai ),Beans,Beans (Whole),Local,30-04-2025,9000,10000,10000
Tamil Nadu,Salem,Edapadi (Uzhavar Sandhai ),Ginger(Green),Green Ginger,Local,30-04-2025,5000,5400,5400
Tamil Nadu,Salem,Edapadi (Uzhavar Sandhai ),Lemon,Lemon,Local,30-04-2025,5000,6000,6000
Tamil Nadu,Salem,Edapadi (Uzhavar Sandhai ),Mango,Safeda,Local,30-04-2025,7000,9000,9000
Tamil Nadu,Salem,Edapadi (Uzhavar Sandhai ),Tomato,Deshi,Local,30-04-2025,1000,1500,1500
Tamil Nadu,Salem,Elampillai(Uzhavar Sandhai ),Amaranthus,Amaranthus,Local,30-04-2025,1800,2000,2000
Tamil Nadu,Salem,Elampillai(Uzhavar Sandhai ),Jasmine,Jasmine,Local,30-04-2025,38000,40000,40000
Tamil Nadu,Salem,Elampillai(Uzhavar Sandhai ),Ridgeguard(Tori),Ridgeguard(Tori),Local,30-04-2025,3800,4000,4000
Tamil Nadu,Salem,Hasthampatti(Uzhavar Sandhai ),Colacasia,Colacasia,Local,30-04-2025,9000,9000,9000
Tamil Nadu,Salem,Hasthampatti(Uzhavar Sandhai ),Green Chilli,Green Chilly,Local,30-04-2025,3000,3200,3200
Tamil Nadu,Salem,Hasthampatti(Uzhavar Sandhai ),Green Peas,Green Peas,Local,30-04-2025,17000,17000,17000
Tamil Nadu,Salem,Hasthampatti(Uzhavar Sandhai ),Karbuja(Musk Melon),Karbhuja,Local,30-04-2025,2000,2400,2400
Tamil Nadu,Salem,Hasthampatti(Uzhavar Sandhai ),Pumpkin,Pumpkin,Local,30-04-2025,1400,1400,1400
Tamil Nadu,Salem,Hasthampatti(Uzhavar Sandhai ),Raddish,Raddish,Local,30-04-2025,2000,2400,2400
Tamil Nadu,Salem,Hasthampatti(Uzhavar Sandhai ),Tomato,Deshi,Local,30-04-2025,1000,1400,1400
Tamil Nadu,Salem,Jalagandapuram(Uzhavar Sandhai ),Ashgourd,Gouard,Local,30-04-2025,1000,1200,1200
Tamil Nadu,Salem,Jalagandapuram(Uzhavar Sandhai ),Banana - Green,Banana - Green,Local,30-04-2025,2000,2400,2400
Tamil Nadu,Salem,Jalagandapuram(Uzhavar Sandhai ),Beetroot,Beetroot,Local,30-04-2025,3000,3000,3000
Tamil Nadu,Salem,Jalagandapuram(Uzhavar Sandhai ),Drumstick,Drumstick,Local,30-04-2025,4000,5000,5000
Tamil Nadu,Salem,Jalagandapuram(Uzhavar Sandhai ),Elephant Yam (Suran),Elephant Yam (Suran),Local,30-04-2025,5000,5500,5500
Tamil Nadu,Salem,Jalagandapuram(Uzhavar Sandhai ),Green Avare (W),Avare (W),Local,30-04-2025,5500,6000,6000
Tamil Nadu,Salem,Jalagandapuram(Uzhavar Sandhai ),Mango (Raw-Ripe),Mango - Raw-Ripe,Local,30-04-2025,3500,4000,4000
Tamil Nadu,Salem,Jalagandapuram(Uzhavar Sandhai ),Potato,(Red Nanital),Local,30-04-2025,3400,3600,3600
Tamil Nadu,Salem,Mettur(Uzhavar Sandhai ),Bhindi(Ladies Finger),Bhindi,Local,30-04-2025,2000,2000,2000
Tamil Nadu,Salem,Mettur(Uzhavar Sandhai ),Chikoos(Sapota),Sapota,Local,30-04-2025,4000,4000,4000
Tamil Nadu,Salem,Mettur(Uzhavar Sandhai ),Coconut,Coconut,Local,30-04-2025,6000,7000,7000
Tamil Nadu,Salem,Mettur(Uzhavar Sandhai ),Ginger(Green),Green Ginger,Local,30-04-2025,5400,5400,5400
Tamil Nadu,Salem,Mettur(Uzhavar Sandhai ),Maize,Deshi Red,Local,30-04-2025,2000,2000,2000
Tamil Nadu,Salem,Mettur(Uzhavar Sandhai ),Ridgeguard(Tori),Ridgeguard(Tori),Local,30-04-2025,3000,4000,4000
Tamil Nadu,Salem,Mettur(Uzhavar Sandhai ),Sweet Potato,Hosur Red,Local,30-04-2025,3000,3500,3500
Tamil Nadu,Salem,Mettur(Uzhavar Sandhai ),Tomato,Deshi,Local,30-04-2025,1000,1500,1500
Tamil Nadu,Salem,Sooramangalam(Uzhavar Sandhai ),Amaranthus,Amaranthus,Local,30-04-2025,1800,2000,2000
Tamil Nadu,Salem,Sooramangalam(Uzhavar Sandhai ),Amla(Nelli Kai),Amla,Local,30-04-2025,6500,7000,7000
Tamil Nadu,Salem,Sooramangalam(Uzhavar Sandhai ),Bhindi(Ladies Finger),Bhindi,Local,30-04-2025,1800,2000,2000
Tamil Nadu,Salem,Sooramangalam(Uzhavar Sandhai ),Bitter gourd,Bitter Gourd,Local,30-04-2025,3600,4000,4000
Tamil Nadu,Salem,Sooramangalam(Uzhavar Sandhai ),Bottle gourd,Bottle Gourd,Local,30-04-2025,1400,1800,1800
Tamil Nadu,Salem,Sooramangalam(Uzhavar Sandhai ),Brinjal,Round,Local,30-04-2025,1000,1600,1600
Tamil Nadu,Salem,Sooramangalam(Uzhavar Sandhai ),Chikoos(Sapota),Sapota,Local,30-04-2025,3500,4000,4000
Tamil Nadu,Salem,Sooramangalam(Uzhavar Sandhai ),Coriander(Leaves),I Sort,Local,30-04-2025,3400,3600,3600
Tamil Nadu,Salem,Sooramangalam(Uzhavar Sandhai ),Garlic,Average,Local,30-04-2025,11500,12000,12000
Tamil Nadu,Salem,Sooramangalam(Uzhavar Sandhai ),Karbuja(Musk Melon),Karbhuja,Local,30-04-2025,2000,2500,2500
Tamil Nadu,Salem,Sooramangalam(Uzhavar Sandhai ),Knool Khol,Knool Khol,Local,30-04-2025,6000,6200,6200
Tamil Nadu,Salem,Sooramangalam(Uzhavar Sandhai ),Lime,Lime,Local,30-04-2025,3500,4000,4000
Tamil Nadu,Salem,Sooramangalam(Uzhavar Sandhai ),Marigold(Calcutta),Marigold(Calcutta),Local,30-04-2025,14000,15000,15000
Tamil Nadu,Salem,Sooramangalam(Uzhavar Sandhai ),Potato,(Red Nanital),Local,30-04-2025,3600,5000,5000
Tamil Nadu,Salem,Sooramangalam(Uzhavar Sandhai ),Thondekai,Thondekai,Local,30-04-2025,3000,3500,3500
Tamil Nadu,Salem,Thammampatti (Uzhavar Sandhai ),Ashgourd,Gouard,Local,30-04-2025,1200,1600,1600
Tamil Nadu,Salem,Thammampatti (Uzhavar Sandhai ),Beetroot,Beetroot,Local,30-04-2025,3000,3500,3500
Tamil Nadu,Salem,Thammampatti (Uzhavar Sandhai ),Bhindi(Ladies Finger),Bhindi,Local,30-04-2025,2000,2400,2400
Tamil Nadu,Salem,Thammampatti (Uzhavar Sandhai ),Carrot,Pusakesar,Local,30-04-2025,5000,5400,5400
Tamil Nadu,Salem,Thammampatti (Uzhavar Sandhai ),Mango (Raw-Ripe),Mango - Raw-Ripe,Local,30-04-2025,2500,3000,3000
Tamil Nadu,Salem,Thathakapatti(Uzhavar Sandhai ),Beetroot,Beetroot,Local,30-04-2025,3000,6000,6000
Tamil Nadu,Salem,Thathakapatti(Uzhavar Sandhai ),Bitter gourd,Bitter Gourd,Local,30-04-2025,3600,4000,4000
Tamil Nadu,Salem,Thathakapatti(Uzhavar Sandhai ),Cucumbar(Kheera),Cucumbar,Local,30-04-2025,4000,8000,8000
Tamil Nadu,Salem,Thathakapatti(Uzhavar Sandhai ),Garlic,Average,Local,30-04-2025,10000,12000,12000
Tamil Nadu,Salem,Thathakapatti(Uzhavar Sandhai ),Ginger(Green),Green Ginger,Local,30-04-2025,5000,5400,5400
Tamil Nadu,Salem,Thathakapatti(Uzhavar Sandhai ),Jasmine,Jasmine,Local,30-04-2025,55000,60000,60000
Tamil Nadu,Salem,Thathakapatti(Uzhavar Sandhai ),Knool Khol,Knool Khol,Local,30-04-2025,5000,5600,5600
Tamil Nadu,Salem,Thathakapatti(Uzhavar Sandhai ),Mango,Safeda,Local,30-04-2025,8000,18000,18000
Tamil Nadu,Salem,Thathakapatti(Uzhavar Sandhai ),Onion,Bellary,Local,30-04-2025,2500,3000,3000
Tamil Nadu,Salem,Thathakapatti(Uzhavar Sandhai ),Onion Green,Onion Green,Local,30-04-2025,3000,4000,4000
Tamil Nadu,Salem,Thathakapatti(Uzhavar Sandhai ),Raddish,Raddish,Local,30-04-2025,2000,2400,2400
Tamil Nadu,Salem,Thathakapatti(Uzhavar Sandhai ),Rose(Local),Rose (Local),Local,30-04-2025,12000,15000,15000
Tamil Nadu,Salem,Thathakapatti(Uzhavar Sandhai ),Snakeguard,Snakeguard,Local,30-04-2025,2000,2400,2400
Tamil Nadu,Salem,Thathakapatti(Uzhavar Sandhai ),Tamarind Fruit,Tamarind Fruit,Local,30-04-2025,12000,14000,14000
Tamil Nadu,Sivaganga,Karaikudi(Uzhavar Sandhai ),Banana,Besrai,Local,30-04-2025,3500,4000,4000
Tamil Nadu,Sivaganga,Karaikudi(Uzhavar Sandhai ),Banana - Green,Banana - Green,Local,30-04-2025,3000,4000,4000
Tamil Nadu,Sivaganga,Karaikudi(Uzhavar Sandhai ),Brinjal,Round,Local,30-04-2025,4000,4500,4500
Tamil Nadu,Sivaganga,Karaikudi(Uzhavar Sandhai ),Carrot,Pusakesar,Local,30-04-2025,5500,5500,5500
Tamil Nadu,Sivaganga,Karaikudi(Uzhavar Sandhai ),Coconut,Coconut,Local,30-04-2025,6500,7000,7000
Tamil Nadu,Sivaganga,Karaikudi(Uzhavar Sandhai ),Guava,Guava Alahabad,Local,30-04-2025,8500,9500,9500
Tamil Nadu,Sivaganga,Karaikudi(Uzhavar Sandhai ),Onion,Bellary,Local,30-04-2025,3000,3500,3500
Tamil Nadu,Sivaganga,Karaikudi(Uzhavar Sandhai ),Snakeguard,Snakeguard,Local,30-04-2025,4000,4800,4800
Tamil Nadu,Sivaganga,Singampunari(Uzhavar Sandhai ),Amaranthus,Amaranthus,Local,30-04-2025,3000,3500,3500
Tamil Nadu,Sivaganga,Singampunari(Uzhavar Sandhai ),Banana,Besrai,Local,30-04-2025,3000,3500,3500
Tamil Nadu,Sivaganga,Singampunari(Uzhavar Sandhai ),Beans,Beans (Whole),Local,30-04-2025,5000,5500,5500
Tamil Nadu,Sivaganga,Singampunari(Uzhavar Sandhai ),Bhindi(Ladies Finger),Bhindi,Local,30-04-2025,2000,2500,2500
Tamil Nadu,Sivaganga,Singampunari(Uzhavar Sandhai ),Cauliflower,Ranchi,Local,30-04-2025,2500,3000,3000
Tamil Nadu,Sivaganga,Singampunari(Uzhavar Sandhai ),Cluster beans,Cluster Beans,Local,30-04-2025,3000,3000,3000
Tamil Nadu,Sivaganga,Singampunari(Uzhavar Sandhai ),Green Avare (W),Avare (W),Local,30-04-2025,5500,6500,6500
Tamil Nadu,Sivaganga,Singampunari(Uzhavar Sandhai ),Yam (Ratalu),Yam (Ratalu),Local,30-04-2025,8500,9000,9000
Tamil Nadu,Sivaganga,Sivagangai (Uzhavar Sandhai ),Amaranthus,Amaranthus,Local,30-04-2025,3000,4000,4000
Tamil Nadu,Sivaganga,Sivagangai (Uzhavar Sandhai ),Beetroot,Beetroot,Local,30-04-2025,2600,3600,3600
Tamil Nadu,Sivaganga,Sivagangai (Uzhavar Sandhai ),Bhindi(Ladies Finger),Bhindi,Local,30-04-2025,2200,2600,2600
Tamil Nadu,Sivaganga,Sivagangai (Uzhavar Sandhai ),Carrot,Pusakesar,Local,30-04-2025,2600,3800,3800
Tamil Nadu,Sivaganga,Sivagangai (Uzhavar Sandhai ),Cluster beans,Cluster Beans,Local,30-04-2025,3200,3800,3800
Tamil Nadu,Sivaganga,Sivagangai (Uzhavar Sandhai ),Colacasia,Colacasia,Local,30-04-2025,6200,7200,7200
Tamil Nadu,Sivaganga,Sivagangai (Uzhavar Sandhai ),Coriander(Leaves),I Sort,Local,30-04-2025,6000,6600,6600
Tamil Nadu,Sivaganga,Sivagangai (Uzhavar Sandhai ),Elephant Yam (Suran),Elephant Yam (Suran),Local,30-04-2025,6200,7200,7200
Tamil Nadu,Sivaganga,Sivagangai (Uzhavar Sandhai ),Green Avare (W),Avare (W),Local,30-04-2025,5200,6200,6200
Tamil Nadu,Sivaganga,Sivagangai (Uzhavar Sandhai ),Lemon,Lemon,Local,30-04-2025,14000,15000,15000
Tamil Nadu,Sivaganga,Sivagangai (Uzhavar Sandhai ),Mango,Safeda,Local,30-04-2025,8000,9000,9000
Tamil Nadu,Sivaganga,Sivagangai (Uzhavar Sandhai ),Papaya,Papaya,Local,30-04-2025,3800,4200,4200
Tamil Nadu,Sivaganga,Sivagangai (Uzhavar Sandhai ),Raddish,Raddish,Local,30-04-2025,2200,2600,2600
Tamil Nadu,Sivaganga,Tirupatthur(Uzhavar Sandhai ),Amaranthus,Amaranthus,Local,30-04-2025,3400,4500,4500
Tamil Nadu,Sivaganga,Tirupatthur(Uzhavar Sandhai ),Brinjal,Round,Local,30-04-2025,4000,4400,4400
Tamil Nadu,Sivaganga,Tirupatthur(Uzhavar Sandhai ),Cluster beans,Cluster Beans,Local,30-04-2025,3400,4000,4000
Tamil Nadu,Sivaganga,Tirupatthur(Uzhavar Sandhai ),Drumstick,Drumstick,Local,30-04-2025,6400,7400,7400
Tamil Nadu,Sivaganga,Tirupatthur(Uzhavar Sandhai ),Mint(Pudina),Mint(Pudina),Local,30-04-2025,2500,3000,3000
Tamil Nadu,Sivaganga,Tirupatthur(Uzhavar Sandhai ),Onion,Bellary,Local,30-04-2025,3200,3400,3400
Tamil Nadu,Sivaganga,Tirupatthur(Uzhavar Sandhai ),Onion Green,Onion Green,Local,30-04-2025,4400,4800,4800
Tamil Nadu,Sivaganga,Tirupatthur(Uzhavar Sandhai ),Potato,(Red Nanital),Local,30-04-2025,3000,4400,4400
Tamil Nadu,Sivaganga,Tirupatthur(Uzhavar Sandhai ),Sweet Potato,Hosur Red,Local,30-04-2025,4500,5000,5000
Tamil Nadu,Sivaganga,Tirupatthur(Uzhavar Sandhai ),Tomato,Deshi,Local,30-04-2025,2000,2200,2200
Tamil Nadu,Thanjavur,Papanasam(Uzhavar Sandhai ),Amaranthus,Amaranthus,Local,30-04-2025,1500,2000,2000
Tamil Nadu,Thanjavur,Papanasam(Uzhavar Sandhai ),Bitter gourd,Bitter Gourd,Local,30-04-2025,7000,7000,7000
Tamil Nadu,Thanjavur,Papanasam(Uzhavar Sandhai ),Cluster beans,Cluster Beans,Local,30-04-2025,4000,4000,4000
Tamil Nadu,Thanjavur,Papanasam(Uzhavar Sandhai ),Drumstick,Drumstick,Local,30-04-2025,5000,5000,5000
Tamil Nadu,Thanjavur,Papanasam(Uzhavar Sandhai ),Ginger(Green),Green Ginger,Local,30-04-2025,7000,7000,7000
Tamil Nadu,Thanjavur,Papanasam(Uzhavar Sandhai ),Potato,(Red Nanital),Local,30-04-2025,3000,3000,3000
Tamil Nadu,Thanjavur,Papanasam(Uzhavar Sandhai ),Raddish,Raddish,Local,30-04-2025,2500,2500,2500
Tamil Nadu,Thanjavur,Papanasam(Uzhavar Sandhai ),Snakeguard,Snakeguard,Local,30-04-2025,3000,3000,3000
Tamil Nadu,Thanjavur,Pattukottai(Uzhavar Sandhai ),Banana,Besrai,Local,30-04-2025,3500,3500,3500
Tamil Nadu,Thanjavur,Pattukottai(Uzhavar Sandhai ),Banana - Green,Banana - Green,Local,30-04-2025,3000,3000,3000
Tamil Nadu,Thanjavur,Pattukottai(Uzhavar Sandhai ),Capsicum,Capsicum,Local,30-04-2025,6000,6000,6000
Tamil Nadu,Thanjavur,Pattukottai(Uzhavar Sandhai ),Cauliflower,Ranchi,Local,30-04-2025,6400,6400,6400
Tamil Nadu,Thanjavur,Pattukottai(Uzhavar Sandhai ),Coconut,Coconut,Local,30-04-2025,5000,5000,5000
Tamil Nadu,Thanjavur,Pattukottai(Uzhavar Sandhai ),Ginger(Green),Green Ginger,Local,30-04-2025,6000,6000,6000
Tamil Nadu,Thanjavur,Pattukottai(Uzhavar Sandhai ),Onion,Bellary,Local,30-04-2025,3000,4000,4000
Tamil Nadu,Thanjavur,Pattukottai(Uzhavar Sandhai ),Pumpkin,Pumpkin,Local,30-04-2025,2000,2000,2000
Tamil Nadu,Thanjavur,Thanjavur(Uzhavar Sandhai ),Betal Leaves,Mysore,Local,30-04-2025,20000,20000,20000
Tamil Nadu,Thanjavur,Thanjavur(Uzhavar Sandhai ),Bottle gourd,Bottle Gourd,Local,30-04-2025,1600,1600,1600
Tamil Nadu,Thanjavur,Thanjavur(Uzhavar Sandhai ),Mashrooms,Mashrooms,Local,30-04-2025,25000,25000,25000
Tamil Nadu,Thanjavur,Thanjavur(Uzhavar Sandhai ),Onion,Bellary,Local,30-04-2025,2600,2600,2600
Tamil Nadu,Thanjavur,Thanjavur(Uzhavar Sandhai ),Snakeguard,Snakeguard,Local,30-04-2025,2400,2800,2800
Tamil Nadu,Thanjavur,Thanjavur(Uzhavar Sandhai ),Water Melon,Water Melon,Local,30-04-2025,1000,1000,1000
Tamil Nadu,The Nilgiris,Gudalur(Uzhavar Sandhai ),Carrot,Pusakesar,Local,30-04-2025,2000,2500,2500
Tamil Nadu,The Nilgiris,Gudalur(Uzhavar Sandhai ),Elephant Yam (Suran),Elephant Yam (Suran),Local,30-04-2025,5500,6000,6000
Tamil Nadu,The Nilgiris,Gudalur(Uzhavar Sandhai ),Onion Green,Onion Green,Local,30-04-2025,3500,4000,4000
Tamil Nadu,The Nilgiris,Udhagamandalam(Uzhavar Sandhai ),Apple,American,Local,30-04-2025,18000,20000,20000
Tamil Nadu,The Nilgiris,Udhagamandalam(Uzhavar Sandhai ),Bottle gourd,Bottle Gourd,Local,30-04-2025,1000,1500,1500
Tamil Nadu,The Nilgiris,Udhagamandalam(Uzhavar Sandhai ),Cabbage,Cabbage,Local,30-04-2025,1200,1500,1500
Tamil Nadu,The Nilgiris,Udhagamandalam(Uzhavar Sandhai ),Carrot,Pusakesar,Local,30-04-2025,2000,2500,2500
Tamil Nadu,The Nilgiris,Udhagamandalam(Uzhavar Sandhai ),Drumstick,Drumstick,Local,30-04-2025,4000,4500,4500
Tamil Nadu,The Nilgiris,Udhagamandalam(Uzhavar Sandhai ),Knool Khol,Knool Khol,Local,30-04-2025,2000,2500,2500
Tamil Nadu,The Nilgiris,Udhagamandalam(Uzhavar Sandhai ),Mango (Raw-Ripe),Mango - Raw-Ripe,Local,30-04-2025,2500,3000,3000
Tamil Nadu,The Nilgiris,Udhagamandalam(Uzhavar Sandhai ),Onion,Bellary,Local,30-04-2025,2500,2800,2800
Tamil Nadu,The Nilgiris,Udhagamandalam(Uzhavar Sandhai ),Pomegranate,Pomogranate,Local,30-04-2025,18000,19000,19000
Tamil Nadu,The Nilgiris,Udhagamandalam(Uzhavar Sandhai ),Tapioca,Tapioca,Local,30-04-2025,3000,3500,3500
Tamil Nadu,Theni,Bodinayakanur(Uzhavar Sandhai ),Banana - Green,Banana - Green,Local,30-04-2025,2000,2300,2300
Tamil Nadu,Theni,Bodinayakanur(Uzhavar Sandhai ),Carrot,Pusakesar,Local,30-04-2025,2700,3000,3000
Tamil Nadu,Theni,Bodinayakanur(Uzhavar Sandhai ),Cauliflower,Ranchi,Local,30-04-2025,1700,2200,2200
Tamil Nadu,Theni,Bodinayakanur(Uzhavar Sandhai ),Elephant Yam (Suran),Elephant Yam (Suran),Local,30-04-2025,5800,6000,6000
Tamil Nadu,Theni,Bodinayakanur(Uzhavar Sandhai ),Green Avare (W),Avare (W),Local,30-04-2025,5000,5000,5000
Tamil Nadu,Theni,Bodinayakanur(Uzhavar Sandhai ),Lemon,Lemon,Local,30-04-2025,9000,9500,9500
Tamil Nadu,Theni,Bodinayakanur(Uzhavar Sandhai ),Mango (Raw-Ripe),Mango - Raw-Ripe,Local,30-04-2025,2000,2400,2400
Tamil Nadu,Theni,Bodinayakanur(Uzhavar Sandhai ),Onion Green,Onion Green,Local,30-04-2025,3500,3800,3800
Tamil Nadu,Theni,Bodinayakanur(Uzhavar Sandhai ),Tomato,Deshi,Local,30-04-2025,1300,1700,1700
Tamil Nadu,Theni,Chinnamanur(Uzhavar Sandhai ),Bottle gourd,Bottle Gourd,Local,30-04-2025,800,800,800
Tamil Nadu,Theni,Chinnamanur(Uzhavar Sandhai ),Chow Chow,Chow Chow,Local,30-04-2025,1400,1400,1400
Tamil Nadu,Theni,Chinnamanur(Uzhavar Sandhai ),Cluster beans,Cluster Beans,Local,30-04-2025,2200,2200,2200
Tamil Nadu,Theni,Chinnamanur(Uzhavar Sandhai ),Elephant Yam (Suran),Elephant Yam (Suran),Local,30-04-2025,5800,5800,5800
Tamil Nadu,Theni,Chinnamanur(Uzhavar Sandhai ),Ginger(Green),Green Ginger,Local,30-04-2025,4500,4500,4500
Tamil Nadu,Theni,Chinnamanur(Uzhavar Sandhai ),Knool Khol,Knool Khol,Local,30-04-2025,3200,3200,3200
Tamil Nadu,Theni,Chinnamanur(Uzhavar Sandhai ),Lime,Lime,Local,30-04-2025,15000,15000,15000
Tamil Nadu,Theni,Chinnamanur(Uzhavar Sandhai ),Potato,(Red Nanital),Local,30-04-2025,3500,3500,3500
Tamil Nadu,Theni,Chinnamanur(Uzhavar Sandhai ),Pumpkin,Pumpkin,Local,30-04-2025,1000,1000,1000
Tamil Nadu,Theni,Devaram(Uzhavar Sandhai ),Amla(Nelli Kai),Amla,Local,30-04-2025,5000,5000,5000
Tamil Nadu,Theni,Devaram(Uzhavar Sandhai ),Banana - Green,Banana - Green,Local,30-04-2025,2400,2400,2400
Tamil Nadu,Theni,Devaram(Uzhavar Sandhai ),Green Chilli,Green Chilly,Local,30-04-2025,3000,3000,3000
Tamil Nadu,Theni,Devaram(Uzhavar Sandhai ),Mango (Raw-Ripe),Mango - Raw-Ripe,Local,30-04-2025,2000,2000,2000
Tamil Nadu,Theni,Devaram(Uzhavar Sandhai ),Mint(Pudina),Mint(Pudina),Local,30-04-2025,3000,3000,3000
Tamil Nadu,Theni,Devaram(Uzhavar Sandhai ),Onion Green,Onion Green,Local,30-04-2025,3600,3600,3600
Tamil Nadu,Theni,Devaram(Uzhavar Sandhai ),Thondekai,Thondekai,Local,30-04-2025,1200,1200,1200
Tamil Nadu,Theni,Kambam(Uzhavar Sandhai ),Amaranthus,Amaranthus,Local,30-04-2025,2000,2000,2000
Tamil Nadu,Theni,Kambam(Uzhavar Sandhai ),Bhindi(Ladies Finger),Bhindi,Local,30-04-2025,2200,2200,2200
Tamil Nadu,Theni,Kambam(Uzhavar Sandhai ),Brinjal,Round,Local,30-04-2025,1800,2000,2000
Tamil Nadu,Theni,Kambam(Uzhavar Sandhai ),Carrot,Pusakesar,Local,30-04-2025,2500,3000,3000
Tamil Nadu,Theni,Kambam(Uzhavar Sandhai ),Cowpea(Veg),Cowpea (Veg),Local,30-04-2025,2000,2000,2000
Tamil Nadu,Theni,Kambam(Uzhavar Sandhai ),Drumstick,Drumstick,Local,30-04-2025,2000,3400,3400
Tamil Nadu,Theni,Kambam(Uzhavar Sandhai ),Papaya,Papaya,Local,30-04-2025,2500,2500,2500
Tamil Nadu,Theni,Kambam(Uzhavar Sandhai ),Potato,(Red Nanital),Local,30-04-2025,3200,3400,3400
Tamil Nadu,Theni,Kambam(Uzhavar Sandhai ),Tomato,Deshi,Local,30-04-2025,1500,1500,1500
Tamil Nadu,Theni,Periyakulam(Uzhavar Sandhai ),Amaranthus,Amaranthus,Local,30-04-2025,2000,2000,2000
Tamil Nadu,Theni,Periyakulam(Uzhavar Sandhai ),Bitter gourd,Bitter Gourd,Local,30-04-2025,3800,4000,4000
Tamil Nadu,Theni,Periyakulam(Uzhavar Sandhai ),Bottle gourd,Bottle Gourd,Local,30-04-2025,600,800,800
Tamil Nadu,Theni,Periyakulam(Uzhavar Sandhai ),Brinjal,Round,Local,30-04-2025,1800,2000,2000
Tamil Nadu,Theni,Periyakulam(Uzhavar Sandhai ),Green Chilli,Green Chilly,Local,30-04-2025,2600,2800,2800
Tamil Nadu,Theni,Theni(Uzhavar Sandhai ),Amaranthus,Amaranthus,Local,30-04-2025,2500,2500,2500
Tamil Nadu,Theni,Theni(Uzhavar Sandhai ),Amla(Nelli Kai),Amla,Local,30-04-2025,5000,6000,6000
Tamil Nadu,Theni,Theni(Uzhavar Sandhai ),Apple,American,Local,30-04-2025,16000,26000,26000
Tamil Nadu,Theni,Theni(Uzhavar Sandhai ),Banana - Green,Banana - Green,Local,30-04-2025,2000,2000,2000
Tamil Nadu,Theni,Theni(Uzhavar Sandhai ),Beetroot,Beetroot,Local,30-04-2025,2000,2000,2000
Tamil Nadu,Theni,Theni(Uzhavar Sandhai ),Bitter gourd,Bitter Gourd,Local,30-04-2025,3500,4000,4000
Tamil Nadu,Theni,Theni(Uzhavar Sandhai ),Brinjal,Round,Local,30-04-2025,1500,2000,2000
Tamil Nadu,Theni,Theni(Uzhavar Sandhai ),Cabbage,Cabbage,Local,30-04-2025,1500,1500,1500
Tamil Nadu,Theni,Theni(Uzhavar Sandhai ),Cluster beans,Cluster Beans,Local,30-04-2025,2000,2000,2000
Tamil Nadu,Theni,Theni(Uzhavar Sandhai ),Colacasia,Colacasia,Local,30-04-2025,6000,6000,6000
Tamil Nadu,Theni,Theni(Uzhavar Sandhai ),Green Avare (W),Avare (W),Local,30-04-2025,4800,4800,4800
Tamil Nadu,Theni,Theni(Uzhavar Sandhai ),Green Chilli,Green Chilly,Local,30-04-2025,2000,2800,2800
Tamil Nadu,Theni,Theni(Uzhavar Sandhai ),Onion,Bellary,Local,30-04-2025,2000,2400,2400
Tamil Nadu,Theni,Theni(Uzhavar Sandhai ),Raddish,Raddish,Local,30-04-2025,1400,1600,1600
Tamil Nadu,Thiruchirappalli,Lalgudi(Uzhavar Sandhai ),Amaranthus,Amaranthus,Local,30-04-2025,1000,1000,1000
Tamil Nadu,Thiruchirappalli,Lalgudi(Uzhavar Sandhai ),Bhindi(Ladies Finger),Bhindi,Local,30-04-2025,2600,2600,2600
Tamil Nadu,Thiruchirappalli,Lalgudi(Uzhavar Sandhai ),Bottle gourd,Bottle Gourd,Local,30-04-2025,1600,1600,1600
Tamil Nadu,Thiruchirappalli,Lalgudi(Uzhavar Sandhai ),Brinjal,Round,Local,30-04-2025,4500,4500,4500
Tamil Nadu,Thiruchirappalli,Lalgudi(Uzhavar Sandhai ),Cabbage,Cabbage,Local,30-04-2025,2000,2000,2000
Tamil Nadu,Thiruchirappalli,Lalgudi(Uzhavar Sandhai ),Colacasia,Colacasia,Local,30-04-2025,6800,6800,6800
Tamil Nadu,Thiruchirappalli,Lalgudi(Uzhavar Sandhai ),Green Avare (W),Avare (W),Local,30-04-2025,7000,9000,9000
Tamil Nadu,Thiruchirappalli,Lalgudi(Uzhavar Sandhai ),Knool Khol,Knool Khol,Local,30-04-2025,3000,3000,3000
Tamil Nadu,Thiruchirappalli,Lalgudi(Uzhavar Sandhai ),Thondekai,Thondekai,Local,30-04-2025,2600,2600,2600
Tamil Nadu,Thiruchirappalli,Manachanallur(Uzhavar Sandhai ),Ashgourd,Gouard,Local,30-04-2025,1400,1400,1400
Tamil Nadu,Thiruchirappalli,Manachanallur(Uzhavar Sandhai ),Green Chilli,Green Chilly,Local,30-04-2025,2500,2500,2500
Tamil Nadu,Thiruchirappalli,Manachanallur(Uzhavar Sandhai ),Lemon,Lemon,Local,30-04-2025,10000,10000,10000
Tamil Nadu,Thiruchirappalli,Manachanallur(Uzhavar Sandhai ),Mint(Pudina),Mint(Pudina),Local,30-04-2025,3000,3000,3000
Tamil Nadu,Thiruchirappalli,Manachanallur(Uzhavar Sandhai ),Onion,Bellary,Local,30-04-2025,2500,3000,3000
Tamil Nadu,Thiruchirappalli,Manachanallur(Uzhavar Sandhai ),Tomato,Deshi,Local,30-04-2025,1800,1800,1800
Tamil Nadu,Thiruchirappalli,Manapparai(Uzhavar Sandhai ),Ashgourd,Gouard,Local,30-04-2025,1200,1200,1200
Tamil Nadu,Thiruchirappalli,Manapparai(Uzhavar Sandhai ),Banana,Besrai,Local,30-04-2025,4000,5000,5000
Tamil Nadu,Thiruchirappalli,Manapparai(Uzhavar Sandhai ),Bitter gourd,Bitter Gourd,Local,30-04-2025,3000,3600,3600
Tamil Nadu,Thiruchirappalli,Manapparai(Uzhavar Sandhai ),Chikoos(Sapota),Sapota,Local,30-04-2025,4000,4000,4000
Tamil Nadu,Thiruchirappalli,Manapparai(Uzhavar Sandhai ),Cluster beans,Cluster Beans,Local,30-04-2025,3000,3000,3000
Tamil Nadu,Thiruchirappalli,Manapparai(Uzhavar Sandhai ),Coconut,Coconut,Local,30-04-2025,7000,7000,7000
Tamil Nadu,Thiruchirappalli,Manapparai(Uzhavar Sandhai ),Drumstick,Drumstick,Local,30-04-2025,4000,4500,4500
Tamil Nadu,Thiruchirappalli,Musiri(Uzhavar Sandhai ),Amla(Nelli Kai),Amla,Local,30-04-2025,5500,6000,6000
Tamil Nadu,Thiruchirappalli,Musiri(Uzhavar Sandhai ),Betal Leaves,Mysore,Local,30-04-2025,5500,6000,6000
Tamil Nadu,Thiruchirappalli,Musiri(Uzhavar Sandhai ),Cluster beans,Cluster Beans,Local,30-04-2025,2500,3000,3000
Tamil Nadu,Thiruchirappalli,Musiri(Uzhavar Sandhai ),Colacasia,Colacasia,Local,30-04-2025,7000,7500,7500
Tamil Nadu,Thiruchirappalli,Musiri(Uzhavar Sandhai ),Cowpea(Veg),Cowpea (Veg),Local,30-04-2025,2500,3000,3000
Tamil Nadu,Thiruchirappalli,Musiri(Uzhavar Sandhai ),Green Avare (W),Avare (W),Local,30-04-2025,4000,10000,10000
Tamil Nadu,Thiruchirappalli,Musiri(Uzhavar Sandhai ),Maize,Deshi Red,Local,30-04-2025,3500,4000,4000
Tamil Nadu,Thiruchirappalli,Musiri(Uzhavar Sandhai ),Yam (Ratalu),Yam (Ratalu),Local,30-04-2025,7500,8000,8000
Tamil Nadu,Thiruchirappalli,Thuraiyur,Beetroot,Beetroot,Local,30-04-2025,3000,3000,3000
Tamil Nadu,Thiruchirappalli,Thuraiyur,Bhindi(Ladies Finger),Bhindi,Local,30-04-2025,2500,2500,2500
Tamil Nadu,Thiruchirappalli,Thuraiyur,Bottle gourd,Bottle Gourd,Local,30-04-2025,1000,1500,1500
Tamil Nadu,Thiruchirappalli,Thuraiyur,Cauliflower,Ranchi,Local,30-04-2025,3000,3000,3000
Tamil Nadu,Thiruchirappalli,Thuraiyur,Coconut,Coconut,Local,30-04-2025,7000,7000,7000
Tamil Nadu,Thiruchirappalli,Thuraiyur,Cowpea(Veg),Cowpea (Veg),Local,30-04-2025,3000,3000,3000
Tamil Nadu,Thiruchirappalli,Thuraiyur,Guava,Guava Alahabad,Local,30-04-2025,5000,6000,6000
Tamil Nadu,Thiruchirappalli,Thuraiyur,Potato,(Red Nanital),Local,30-04-2025,3500,3500,3500
Tamil Nadu,Thiruchirappalli,Thuraiyur,Pumpkin,Pumpkin,Local,30-04-2025,1200,1200,1200
Tamil Nadu,Thiruchirappalli,Thuraiyur,Thondekai,Thondekai,Local,30-04-2025,2500,2500,2500
Tamil Nadu,Thirunelveli,Melapalayam(Uzhavar Sandhai ),Amla(Nelli Kai),Amla,Local,30-04-2025,3500,4000,4000
Tamil Nadu,Thirunelveli,Melapalayam(Uzhavar Sandhai ),Banana,Besrai,Local,30-04-2025,6000,10000,10000
Tamil Nadu,Thirunelveli,Melapalayam(Uzhavar Sandhai ),Beetroot,Beetroot,Local,30-04-2025,2000,3000,3000
Tamil Nadu,Thirunelveli,Melapalayam(Uzhavar Sandhai ),Brinjal,Round,Local,30-04-2025,2000,4000,4000
Tamil Nadu,Thirunelveli,Melapalayam(Uzhavar Sandhai ),Cabbage,Cabbage,Local,30-04-2025,1400,1600,1600
Tamil Nadu,Thirunelveli,Melapalayam(Uzhavar Sandhai ),Chikoos(Sapota),Sapota,Local,30-04-2025,4000,5000,5000
Tamil Nadu,Thirunelveli,Melapalayam(Uzhavar Sandhai ),Garlic,Average,Local,30-04-2025,15000,17000,17000
Tamil Nadu,Thirunelveli,Melapalayam(Uzhavar Sandhai ),Green Chilli,Green Chilly,Local,30-04-2025,1800,2200,2200
Tamil Nadu,Thirunelveli,Melapalayam(Uzhavar Sandhai ),Mango (Raw-Ripe),Mango - Raw-Ripe,Local,30-04-2025,1500,2000,2000
Tamil Nadu,Thirunelveli,Melapalayam(Uzhavar Sandhai ),Tapioca,Tapioca,Local,30-04-2025,3000,3500,3500
Tamil Nadu,Thirunelveli,Palayamkottai(Uzhavar Sandhai ),Apple,American,Local,30-04-2025,20000,24000,24000
Tamil Nadu,Thirunelveli,Palayamkottai(Uzhavar Sandhai ),Banana,Besrai,Local,30-04-2025,6000,10000,10000
Tamil Nadu,Thirunelveli,Palayamkottai(Uzhavar Sandhai ),Bottle gourd,Bottle Gourd,Local,30-04-2025,800,1000,1000
Tamil Nadu,Thirunelveli,Palayamkottai(Uzhavar Sandhai ),Chow Chow,Chow Chow,Local,30-04-2025,1600,1800,1800
Tamil Nadu,Thirunelveli,Palayamkottai(Uzhavar Sandhai ),Garlic,Average,Local,30-04-2025,12000,16000,16000
Tamil Nadu,Thirunelveli,Palayamkottai(Uzhavar Sandhai ),Papaya,Papaya,Local,30-04-2025,3000,3500,3500
Tamil Nadu,Thirunelveli,Palayamkottai(Uzhavar Sandhai ),Potato,(Red Nanital),Local,30-04-2025,3000,3200,3200
Tamil Nadu,Thirunelveli,Palayamkottai(Uzhavar Sandhai ),Ridgeguard(Tori),Ridgeguard(Tori),Local,30-04-2025,2500,3000,3000
Tamil Nadu,Thirupathur,Natrampalli(Uzhavar Sandhai ),Brinjal,Round,Local,30-04-2025,1500,2000,2000
Tamil Nadu,Thirupathur,Natrampalli(Uzhavar Sandhai ),Cabbage,Cabbage,Local,30-04-2025,1500,2000,2000
Tamil Nadu,Thirupathur,Natrampalli(Uzhavar Sandhai ),Garlic,Average,Local,30-04-2025,12000,14000,14000
Tamil Nadu,Thirupathur,Natrampalli(Uzhavar Sandhai ),Onion Green,Onion Green,Local,30-04-2025,4000,5000,5000
Tamil Nadu,Thirupathur,Natrampalli(Uzhavar Sandhai ),Ridgeguard(Tori),Ridgeguard(Tori),Local,30-04-2025,1500,2000,2000
Tamil Nadu,Thirupathur,Natrampalli(Uzhavar Sandhai ),Yam (Ratalu),Yam (Ratalu),Local,30-04-2025,3000,4000,4000
Tamil Nadu,Thirupathur,Vaniyampadi(Uzhavar Sandhai ),Banana,Besrai,Local,30-04-2025,4000,4000,4000
Tamil Nadu,Thirupathur,Vaniyampadi(Uzhavar Sandhai ),Bitter gourd,Bitter Gourd,Local,30-04-2025,3000,3000,3000
Tamil Nadu,Thirupathur,Vaniyampadi(Uzhavar Sandhai ),Cucumbar(Kheera),Cucumbar,Local,30-04-2025,2000,2000,2000
Tamil Nadu,Thirupathur,Vaniyampadi(Uzhavar Sandhai ),Drumstick,Drumstick,Local,30-04-2025,4000,4000,4000
Tamil Nadu,Thirupathur,Vaniyampadi(Uzhavar Sandhai ),Garlic,Average,Local,30-04-2025,12000,13000,13000
Tamil Nadu,Thirupathur,Vaniyampadi(Uzhavar Sandhai ),Green Chilli,Green Chilly,Local,30-04-2025,4000,4000,4000
Tamil Nadu,Thirupathur,Vaniyampadi(Uzhavar Sandhai ),Knool Khol,Knool Khol,Local,30-04-2025,2000,2000,2000
Tamil Nadu,Thirupathur,Vaniyampadi(Uzhavar Sandhai ),Lemon,Lemon,Local,30-04-2025,9000,10000,10000
Tamil Nadu,Thirupathur,Vaniyampadi(Uzhavar Sandhai ),Mango (Raw-Ripe),Mango - Raw-Ripe,Local,30-04-2025,2000,2000,2000
Tamil Nadu,Thirupathur,Vaniyampadi(Uzhavar Sandhai ),Onion,Bellary,Local,30-04-2025,2500,2500,2500
Tamil Nadu,Thirupathur,Vaniyampadi(Uzhavar Sandhai ),Onion Green,Onion Green,Local,30-04-2025,4000,4000,4000
Tamil Nadu,Thirupathur,Vaniyampadi(Uzhavar Sandhai ),Papaya,Papaya,Local,30-04-2025,2500,2500,2500
Tamil Nadu,Thirupathur,Vaniyampadi(Uzhavar Sandhai ),Pumpkin,Pumpkin,Local,30-04-2025,2000,2000,2000
Tamil Nadu,Thirupathur,Vaniyampadi(Uzhavar Sandhai ),Snakeguard,Snakeguard,Local,30-04-2025,2000,2000,2000
Tamil Nadu,Thirupur,Dharapuram(Uzhavar Sandhai ),Ashgourd,Gouard,Local,30-04-2025,1000,1200,1200
Tamil Nadu,Thirupur,Dharapuram(Uzhavar Sandhai ),Beans,Beans (Whole),Local,30-04-2025,8000,9000,9000
Tamil Nadu,Thirupur,Dharapuram(Uzhavar Sandhai ),Beetroot,Beetroot,Local,30-04-2025,2000,5500,5500
Tamil Nadu,Thirupur,Dharapuram(Uzhavar Sandhai ),Bottle gourd,Bottle Gourd,Local,30-04-2025,1000,1200,1200
Tamil Nadu,Thirupur,Dharapuram(Uzhavar Sandhai ),Cauliflower,Ranchi,Local,30-04-2025,2000,2500,2500
Tamil Nadu,Thirupur,Dharapuram(Uzhavar Sandhai ),Coriander(Leaves),I Sort,Local,30-04-2025,5500,6000,6000
Tamil Nadu,Thirupur,Dharapuram(Uzhavar Sandhai ),Green Chilli,Green Chilly,Local,30-04-2025,2500,3000,3000
Tamil Nadu,Thirupur,Dharapuram(Uzhavar Sandhai ),Onion,Bellary,Local,30-04-2025,2500,2700,2700
Tamil Nadu,Thirupur,Kangayam(Uzhavar Sandhai ),Banana - Green,Banana - Green,Local,30-04-2025,2700,3000,3000
Tamil Nadu,Thirupur,Kangayam(Uzhavar Sandhai ),Brinjal,Round,Local,30-04-2025,3700,4000,4000
Tamil Nadu,Thirupur,Kangayam(Uzhavar Sandhai ),Drumstick,Drumstick,Local,30-04-2025,1100,1400,1400
Tamil Nadu,Thirupur,Kangayam(Uzhavar Sandhai ),Green Chilli,Green Chilly,Local,30-04-2025,3500,3700,3700
Tamil Nadu,Thirupur,Kangayam(Uzhavar Sandhai ),Mint(Pudina),Mint(Pudina),Local,30-04-2025,2500,2800,2800
Tamil Nadu,Thirupur,Kangayam(Uzhavar Sandhai ),Ridgeguard(Tori),Ridgeguard(Tori),Local,30-04-2025,5500,5800,5800
Tamil Nadu,Thirupur,Kangayam(Uzhavar Sandhai ),Water Melon,Water Melon,Local,30-04-2025,1100,1500,1500
Tamil Nadu,Thirupur,Palladam(Uzhavar Sandhai ),Banana,Besrai,Local,30-04-2025,4000,5000,5000
Tamil Nadu,Thirupur,Palladam(Uzhavar Sandhai ),Beetroot,Beetroot,Local,30-04-2025,2000,2500,2500
Tamil Nadu,Thirupur,Palladam(Uzhavar Sandhai ),Bottle gourd,Bottle Gourd,Local,30-04-2025,800,1000,1000
Tamil Nadu,Thirupur,Palladam(Uzhavar Sandhai ),Brinjal,Round,Local,30-04-2025,2000,2500,2500
Tamil Nadu,Thirupur,Palladam(Uzhavar Sandhai ),Cauliflower,Ranchi,Local,30-04-2025,2500,3000,3000
Tamil Nadu,Thirupur,Palladam(Uzhavar Sandhai ),Cluster beans,Cluster Beans,Local,30-04-2025,3000,4000,4000
Tamil Nadu,Thirupur,Palladam(Uzhavar Sandhai ),Drumstick,Drumstick,Local,30-04-2025,2000,3000,3000
Tamil Nadu,Thirupur,Palladam(Uzhavar Sandhai ),Green Avare (W),Avare (W),Local,30-04-2025,6000,7000,7000
Tamil Nadu,Thirupur,Palladam(Uzhavar Sandhai ),Mango (Raw-Ripe),Mango - Raw-Ripe,Local,30-04-2025,3000,4000,4000
Tamil Nadu,Thirupur,Palladam(Uzhavar Sandhai ),Onion,Bellary,Local,30-04-2025,2500,3000,3000
Tamil Nadu,Thirupur,Palladam(Uzhavar Sandhai ),Thondekai,Thondekai,Local,30-04-2025,2500,3000,3000
Tamil Nadu,Thirupur,Tiruppur (South) (Uzhavar Sandhai ),Amla(Nelli Kai),Amla,Local,30-04-2025,5000,6000,6000
Tamil Nadu,Thirupur,Tiruppur (South) (Uzhavar Sandhai ),Banana,Besrai,Local,30-04-2025,4000,5000,5000
Tamil Nadu,Thirupur,Tiruppur (South) (Uzhavar Sandhai ),Coconut,Coconut,Local,30-04-2025,5000,5800,5800
Tamil Nadu,Thirupur,Tiruppur (South) (Uzhavar Sandhai ),Cowpea(Veg),Cowpea (Veg),Local,30-04-2025,2500,3000,3000
Tamil Nadu,Thirupur,Tiruppur (South) (Uzhavar Sandhai ),Cucumbar(Kheera),Cucumbar,Local,30-04-2025,4000,5000,5000
Tamil Nadu,Thirupur,Tiruppur (South) (Uzhavar Sandhai ),Elephant Yam (Suran),Elephant Yam (Suran),Local,30-04-2025,3500,4000,4000
Tamil Nadu,Thirupur,Tiruppur (South) (Uzhavar Sandhai ),Green Avare (W),Avare (W),Local,30-04-2025,6000,7000,7000
Tamil Nadu,Thirupur,Tiruppur (South) (Uzhavar Sandhai ),Mint(Pudina),Mint(Pudina),Local,30-04-2025,1000,1500,1500
Tamil Nadu,Thirupur,Tiruppur (South) (Uzhavar Sandhai ),Ridgeguard(Tori),Ridgeguard(Tori),Local,30-04-2025,4000,5000,5000
Tamil Nadu,Thirupur,Tiruppur (South) (Uzhavar Sandhai ),Tomato,Deshi,Local,30-04-2025,800,1200,1200
Tamil Nadu,Thiruvannamalai,Arani(Uzhavar Sandhai ),Bhindi(Ladies Finger),Bhindi,Local,30-04-2025,1600,2000,2000
Tamil Nadu,Thiruvannamalai,Arani(Uzhavar Sandhai ),Coconut,Coconut,Local,30-04-2025,2000,2500,2500
Tamil Nadu,Thiruvannamalai,Arani(Uzhavar Sandhai ),Coriander(Leaves),I Sort,Local,30-04-2025,4000,4800,4800
Tamil Nadu,Thiruvannamalai,Arani(Uzhavar Sandhai ),Ginger(Green),Green Ginger,Local,30-04-2025,5000,6000,6000
Tamil Nadu,Thiruvannamalai,Arani(Uzhavar Sandhai ),Guava,Guava Alahabad,Local,30-04-2025,5000,6000,6000
Tamil Nadu,Thiruvannamalai,Arani(Uzhavar Sandhai ),Lemon,Lemon,Local,30-04-2025,10000,12000,12000
Tamil Nadu,Thiruvannamalai,Arani(Uzhavar Sandhai ),Pumpkin,Pumpkin,Local,30-04-2025,2000,2500,2500
Tamil Nadu,Thiruvannamalai,Arani(Uzhavar Sandhai ),Raddish,Raddish,Local,30-04-2025,1200,1500,1500
Tamil Nadu,Thiruvannamalai,Chengam(Uzhavar Sandhai ),Beans,Beans (Whole),Local,30-04-2025,6500,7200,7200
Tamil Nadu,Thiruvannamalai,Chengam(Uzhavar Sandhai ),Bitter gourd,Bitter Gourd,Local,30-04-2025,2500,3000,3000
Tamil Nadu,Thiruvannamalai,Chengam(Uzhavar Sandhai ),Coriander(Leaves),I Sort,Local,30-04-2025,3600,4000,4000
Tamil Nadu,Thiruvannamalai,Chengam(Uzhavar Sandhai ),Drumstick,Drumstick,Local,30-04-2025,4200,4800,4800
Tamil Nadu,Thiruvannamalai,Chengam(Uzhavar Sandhai ),Green Chilli,Green Chilly,Local,30-04-2025,3600,4000,4000
Tamil Nadu,Thiruvannamalai,Chengam(Uzhavar Sandhai ),Papaya,Papaya,Local,30-04-2025,2500,3000,3000
Tamil Nadu,Thiruvannamalai,Chengam(Uzhavar Sandhai ),Snakeguard,Snakeguard,Local,30-04-2025,1600,2000,2000
Tamil Nadu,Thiruvannamalai,Chengam(Uzhavar Sandhai ),Sweet Potato,Hosur Red,Local,30-04-2025,2500,3000,3000
Tamil Nadu,Thiruvannamalai,Cheyyar(Uzhavar Sandhai ),Banana - Green,Banana - Green,Local,30-04-2025,1500,2000,2000
Tamil Nadu,Thiruvannamalai,Cheyyar(Uzhavar Sandhai ),Beans,Beans (Whole),Local,30-04-2025,3500,4200,4200
Tamil Nadu,Thiruvannamalai,Cheyyar(Uzhavar Sandhai ),Beetroot,Beetroot,Local,30-04-2025,2000,2500,2500
Tamil Nadu,Thiruvannamalai,Cheyyar(Uzhavar Sandhai ),Cabbage,Cabbage,Local,30-04-2025,1200,1500,1500
Tamil Nadu,Thiruvannamalai,Cheyyar(Uzhavar Sandhai ),Chow Chow,Chow Chow,Local,30-04-2025,1500,2000,2000
Tamil Nadu,Thiruvannamalai,Cheyyar(Uzhavar Sandhai ),Green Chilli,Green Chilly,Local,30-04-2025,2500,3000,3000
Tamil Nadu,Thiruvannamalai,Cheyyar(Uzhavar Sandhai ),Knool Khol,Knool Khol,Local,30-04-2025,1500,2000,2000
Tamil Nadu,Thiruvannamalai,Cheyyar(Uzhavar Sandhai ),Potato,(Red Nanital),Local,30-04-2025,2500,3000,3000
Tamil Nadu,Thiruvannamalai,Cheyyar(Uzhavar Sandhai ),Raddish,Raddish,Local,30-04-2025,1200,1500,1500
Tamil Nadu,Thiruvannamalai,Cheyyar(Uzhavar Sandhai ),Yam (Ratalu),Yam (Ratalu),Local,30-04-2025,4400,5400,5400
Tamil Nadu,Thiruvannamalai,Keelpennathur(Uzhavar Sandhai ),Amaranthus,Amaranthus,Local,30-04-2025,1800,2000,2000
Tamil Nadu,Thiruvannamalai,Keelpennathur(Uzhavar Sandhai ),Banana - Green,Banana - Green,Local,30-04-2025,3000,3500,3500
Tamil Nadu,Thiruvannamalai,Keelpennathur(Uzhavar Sandhai ),Brinjal,Round,Local,30-04-2025,2500,3000,3000
Tamil Nadu,Thiruvannamalai,Keelpennathur(Uzhavar Sandhai ),Cauliflower,Ranchi,Local,30-04-2025,3000,3500,3500
Tamil Nadu,Thiruvannamalai,Keelpennathur(Uzhavar Sandhai ),Chow Chow,Chow Chow,Local,30-04-2025,1500,1800,1800
Tamil Nadu,Thiruvannamalai,Keelpennathur(Uzhavar Sandhai ),Mango (Raw-Ripe),Mango - Raw-Ripe,Local,30-04-2025,4000,5000,5000
Tamil Nadu,Thiruvannamalai,Keelpennathur(Uzhavar Sandhai ),Marigold(Calcutta),Marigold(Calcutta),Local,30-04-2025,28000,30000,30000
Tamil Nadu,Thiruvannamalai,Keelpennathur(Uzhavar Sandhai ),Onion Green,Onion Green,Local,30-04-2025,5000,6000,6000
Tamil Nadu,Thiruvannamalai,Keelpennathur(Uzhavar Sandhai ),Potato,(Red Nanital),Local,30-04-2025,2500,3000,3000
Tamil Nadu,Thiruvannamalai,Keelpennathur(Uzhavar Sandhai ),Yam (Ratalu),Yam (Ratalu),Local,30-04-2025,5000,6000,6000
Tamil Nadu,Thiruvannamalai,Polur(Uzhavar Sandhai ),Coconut,Coconut,Local,30-04-2025,2500,3000,3000
Tamil Nadu,Thiruvannamalai,Polur(Uzhavar Sandhai ),Green Avare (W),Avare (W),Local,30-04-2025,4000,4800,4800
Tamil Nadu,Thiruvannamalai,Polur(Uzhavar Sandhai ),Guava,Guava Alahabad,Local,30-04-2025,4200,5000,5000
Tamil Nadu,Thiruvannamalai,Polur(Uzhavar Sandhai ),Lemon,Lemon,Local,30-04-2025,8000,10000,10000
Tamil Nadu,Thiruvannamalai,Polur(Uzhavar Sandhai ),Tender Coconut,Tender Coconut,Local,30-04-2025,1500,2000,2000
Tamil Nadu,Thiruvannamalai,Polur(Uzhavar Sandhai ),Tomato,Deshi,Local,30-04-2025,1200,1500,1500
Tamil Nadu,Thiruvannamalai,Polur(Uzhavar Sandhai ),Yam (Ratalu),Yam (Ratalu),Local,30-04-2025,4200,5000,5000
Tamil Nadu,Thiruvannamalai,Tamarainagar(Uzhavar Sandhai ),Amla(Nelli Kai),Amla,Local,30-04-2025,7000,8000,8000
Tamil Nadu,Thiruvannamalai,Tamarainagar(Uzhavar Sandhai ),Bitter gourd,Bitter Gourd,Local,30-04-2025,2400,3000,3000
Tamil Nadu,Thiruvannamalai,Tamarainagar(Uzhavar Sandhai ),Brinjal,Round,Local,30-04-2025,4000,4800,4800
Tamil Nadu,Thiruvannamalai,Tamarainagar(Uzhavar Sandhai ),Elephant Yam (Suran),Elephant Yam (Suran),Local,30-04-2025,7000,8000,8000
Tamil Nadu,Thiruvannamalai,Tamarainagar(Uzhavar Sandhai ),Snakeguard,Snakeguard,Local,30-04-2025,1600,2000,2000
Tamil Nadu,Thiruvannamalai,Tamarainagar(Uzhavar Sandhai ),Tamarind Fruit,Tamarind Fruit,Local,30-04-2025,10000,12000,12000
Tamil Nadu,Thiruvannamalai,Tamarainagar(Uzhavar Sandhai ),Tomato,Deshi,Local,30-04-2025,1200,1500,1500
Tamil Nadu,Thiruvannamalai,Tiruvannamalai(Uzhavar Sandhai ),Apple,American,Local,30-04-2025,18000,20000,20000
Tamil Nadu,Thiruvannamalai,Tiruvannamalai(Uzhavar Sandhai ),Banana - Green,Banana - Green,Local,30-04-2025,2500,3000,3000
Tamil Nadu,Thiruvannamalai,Tiruvannamalai(Uzhavar Sandhai ),Capsicum,Capsicum,Local,30-04-2025,6000,8000,8000
Tamil Nadu,Thiruvannamalai,Tiruvannamalai(Uzhavar Sandhai ),Carrot,Pusakesar,Local,30-04-2025,3600,4000,4000
Tamil Nadu,Thiruvannamalai,Tiruvannamalai(Uzhavar Sandhai ),Drumstick,Drumstick,Local,30-04-2025,4800,5600,5600
Tamil Nadu,Thiruvannamalai,Tiruvannamalai(Uzhavar Sandhai ),Garlic,Average,Local,30-04-2025,14000,16000,16000
Tamil Nadu,Thiruvannamalai,Tiruvannamalai(Uzhavar Sandhai ),Knool Khol,Knool Khol,Local,30-04-2025,4000,4800,4800
Tamil Nadu,Thiruvannamalai,Tiruvannamalai(Uzhavar Sandhai ),Maize,Deshi Red,Local,30-04-2025,2000,2500,2500
Tamil Nadu,Thiruvannamalai,Tiruvannamalai(Uzhavar Sandhai ),Mango,Safeda,Local,30-04-2025,8000,10000,10000
Tamil Nadu,Thiruvannamalai,Tiruvannamalai(Uzhavar Sandhai ),Marigold(Calcutta),Marigold(Calcutta),Local,30-04-2025,20000,25000,25000
Tamil Nadu,Thiruvannamalai,Tiruvannamalai(Uzhavar Sandhai ),Onion,Bellary,Local,30-04-2025,2500,3000,3000
Tamil Nadu,Thiruvannamalai,Tiruvannamalai(Uzhavar Sandhai ),Pomegranate,Pomogranate,Local,30-04-2025,14000,16000,16000
Tamil Nadu,Thiruvannamalai,Tiruvannamalai(Uzhavar Sandhai ),Tapioca,Tapioca,Local,30-04-2025,2000,2500,2500
Tamil Nadu,Thiruvannamalai,Tiruvannamalai(Uzhavar Sandhai ),Tube Rose(Loose),Tube Rose (Loose),Local,30-04-2025,5000,6000,6000
Tamil Nadu,Thiruvannamalai,Vandavasi(Uzhavar Sandhai ),Beans,Beans (Whole),Local,30-04-2025,3600,4200,4200
Tamil Nadu,Thiruvannamalai,Vandavasi(Uzhavar Sandhai ),Bhindi(Ladies Finger),Bhindi,Local,30-04-2025,1000,2000,2000
Tamil Nadu,Thiruvannamalai,Vandavasi(Uzhavar Sandhai ),Colacasia,Colacasia,Local,30-04-2025,4000,4800,4800
Tamil Nadu,Thiruvannamalai,Vandavasi(Uzhavar Sandhai ),Green Avare (W),Avare (W),Local,30-04-2025,4000,4800,4800
Tamil Nadu,Thiruvannamalai,Vandavasi(Uzhavar Sandhai ),Green Chilli,Green Chilly,Local,30-04-2025,2000,3000,3000
Tamil Nadu,Thiruvannamalai,Vandavasi(Uzhavar Sandhai ),Knool Khol,Knool Khol,Local,30-04-2025,1000,2000,2000
Tamil Nadu,Thiruvannamalai,Vandavasi(Uzhavar Sandhai ),Mango (Raw-Ripe),Mango - Raw-Ripe,Local,30-04-2025,4000,5000,5000
Tamil Nadu,Thiruvannamalai,Vandavasi(Uzhavar Sandhai ),Onion,Bellary,Local,30-04-2025,2000,2500,2500
Tamil Nadu,Thiruvarur,Mannargudi II(Uzhavar Sandhai ),Banana - Green,Banana - Green,Local,30-04-2025,3600,3600,3600
Tamil Nadu,Thiruvarur,Mannargudi II(Uzhavar Sandhai ),Bhindi(Ladies Finger),Bhindi,Local,30-04-2025,2600,2600,2600
Tamil Nadu,Thiruvarur,Mannargudi II(Uzhavar Sandhai ),Cauliflower,Ranchi,Local,30-04-2025,5000,5000,5000
Tamil Nadu,Thiruvarur,Mannargudi II(Uzhavar Sandhai ),Cluster beans,Cluster Beans,Local,30-04-2025,3400,3400,3400
Tamil Nadu,Thiruvarur,Mannargudi II(Uzhavar Sandhai ),Drumstick,Drumstick,Local,30-04-2025,4400,4400,4400
Tamil Nadu,Thiruvarur,Mannargudi II(Uzhavar Sandhai ),Green Chilli,Green Chilly,Local,30-04-2025,2800,2800,2800
Tamil Nadu,Thiruvarur,Mannargudi II(Uzhavar Sandhai ),Potato,(Red Nanital),Local,30-04-2025,3800,3800,3800
Tamil Nadu,Thiruvarur,Needamangalam(Uzhavar Sandhai ),Bottle gourd,Bottle Gourd,Local,30-04-2025,2000,2000,2000
Tamil Nadu,Thiruvarur,Needamangalam(Uzhavar Sandhai ),Green Avare (W),Avare (W),Local,30-04-2025,4400,4400,4400
Tamil Nadu,Thiruvarur,Needamangalam(Uzhavar Sandhai ),Mango (Raw-Ripe),Mango - Raw-Ripe,Local,30-04-2025,3000,3000,3000
Tamil Nadu,Thiruvarur,Needamangalam(Uzhavar Sandhai ),Raddish,Raddish,Local,30-04-2025,2600,2600,2600
Tamil Nadu,Tuticorin,Kovilpatti(Uzhavar Sandhai ),Coriander(Leaves),I Sort,Local,30-04-2025,5500,6000,6000
Tamil Nadu,Tuticorin,Kovilpatti(Uzhavar Sandhai ),Guava,Guava Alahabad,Local,30-04-2025,4000,4500,4500
Tamil Nadu,Tuticorin,Kovilpatti(Uzhavar Sandhai ),Lime,Lime,Local,30-04-2025,13000,14000,14000
Tamil Nadu,Tuticorin,Tuticorin(Uzhavar Sandhai ),Apple,American,Local,30-04-2025,21000,22000,22000
Tamil Nadu,Tuticorin,Tuticorin(Uzhavar Sandhai ),Beans,Beans (Whole),Local,30-04-2025,5500,6000,6000
Tamil Nadu,Tuticorin,Tuticorin(Uzhavar Sandhai ),Cauliflower,Ranchi,Local,30-04-2025,3500,4000,4000
Tamil Nadu,Tuticorin,Tuticorin(Uzhavar Sandhai ),Coriander(Leaves),I Sort,Local,30-04-2025,5500,6000,6000
Tamil Nadu,Tuticorin,Tuticorin(Uzhavar Sandhai ),Cowpea(Veg),Cowpea (Veg),Local,30-04-2025,2500,8000,8000
Tamil Nadu,Tuticorin,Tuticorin(Uzhavar Sandhai ),Garlic,Average,Local,30-04-2025,17000,18000,18000
Tamil Nadu,Tuticorin,Tuticorin(Uzhavar Sandhai ),Lime,Lime,Local,30-04-2025,23000,24000,24000
Tamil Nadu,Tuticorin,Tuticorin(Uzhavar Sandhai ),Onion Green,Onion Green,Local,30-04-2025,4500,5000,5000
Tamil Nadu,Tuticorin,Tuticorin(Uzhavar Sandhai ),Pumpkin,Pumpkin,Local,30-04-2025,1000,1500,1500
Tamil Nadu,Tuticorin,Tuticorin(Uzhavar Sandhai ),Tomato,Deshi,Local,30-04-2025,1500,2000,2000
Tamil Nadu,Vellore,Gudiyatham(Uzhavar Sandhai ),Beetroot,Beetroot,Local,30-04-2025,3000,3000,3000
Tamil Nadu,Vellore,Gudiyatham(Uzhavar Sandhai ),Bottle gourd,Bottle Gourd,Local,30-04-2025,1000,1000,1000
Tamil Nadu,Vellore,Gudiyatham(Uzhavar Sandhai ),Coriander(Leaves),I Sort,Local,30-04-2025,5500,5500,5500
Tamil Nadu,Vellore,Gudiyatham(Uzhavar Sandhai ),Cowpea(Veg),Cowpea (Veg),Local,30-04-2025,3000,3000,3000
Tamil Nadu,Vellore,Gudiyatham(Uzhavar Sandhai ),Groundnut,Big (With Shell),Local,30-04-2025,6600,6600,6600
Tamil Nadu,Vellore,Gudiyatham(Uzhavar Sandhai ),Guava,Guava Alahabad,Local,30-04-2025,3500,3500,3500
Tamil Nadu,Vellore,Gudiyatham(Uzhavar Sandhai ),Mint(Pudina),Mint(Pudina),Local,30-04-2025,3000,3000,3000
Tamil Nadu,Vellore,Kahithapattarai(Uzhavar Sandhai ),Banana,Besrai,Local,30-04-2025,4000,6000,6000
Tamil Nadu,Vellore,Kahithapattarai(Uzhavar Sandhai ),Banana - Green,Banana - Green,Local,30-04-2025,4000,4000,4000
Tamil Nadu,Vellore,Kahithapattarai(Uzhavar Sandhai ),Chow Chow,Chow Chow,Local,30-04-2025,2400,2400,2400
Tamil Nadu,Vellore,Kahithapattarai(Uzhavar Sandhai ),Green Chilli,Green Chilly,Local,30-04-2025,3500,3500,3500
Tamil Nadu,Vellore,Kahithapattarai(Uzhavar Sandhai ),Karbuja(Musk Melon),Karbhuja,Local,30-04-2025,3000,3500,3500
Tamil Nadu,Vellore,Kahithapattarai(Uzhavar Sandhai ),Mango (Raw-Ripe),Mango - Raw-Ripe,Local,30-04-2025,2000,2500,2500
Tamil Nadu,Vellore,Kahithapattarai(Uzhavar Sandhai ),Mousambi(Sweet Lime),Mousambi,Local,30-04-2025,7000,7000,7000
Tamil Nadu,Vellore,Kahithapattarai(Uzhavar Sandhai ),Onion Green,Onion Green,Local,30-04-2025,4500,4500,4500
Tamil Nadu,Vellore,Kahithapattarai(Uzhavar Sandhai ),Tapioca,Tapioca,Local,30-04-2025,3000,3000,3000
Tamil Nadu,Vellore,Kahithapattarai(Uzhavar Sandhai ),Thondekai,Thondekai,Local,30-04-2025,2500,2500,2500
Tamil Nadu,Vellore,Thirupathur,Coconut,Coconut,Local,30-04-2025,3000,3000,3000
Tamil Nadu,Vellore,Thirupathur,Colacasia,Colacasia,Local,30-04-2025,6000,6000,6000
Tamil Nadu,Vellore,Thirupathur,Guava,Guava Alahabad,Local,30-04-2025,5000,5000,5000
Tamil Nadu,Vellore,Thirupathur,Mango,Safeda,Local,30-04-2025,5000,5000,5000
Tamil Nadu,Vellore,Thirupathur,Potato,(Red Nanital),Local,30-04-2025,3000,3000,3000
Tamil Nadu,Vellore,Thirupathur,Pumpkin,Pumpkin,Local,30-04-2025,1500,2000,2000
Tamil Nadu,Vellore,Thirupathur,Sweet Potato,Hosur Red,Local,30-04-2025,4000,4000,4000
Tamil Nadu,Vellore,Thirupathur,Tamarind Fruit,Tamarind Fruit,Local,30-04-2025,13000,13000,13000
Tamil Nadu,Vellore,Thirupathur,Tender Coconut,Tender Coconut,Local,30-04-2025,2500,3000,3000
Tamil Nadu,Vellore,Thirupathur,Tomato,Deshi,Local,30-04-2025,1000,1400,1400
Tamil Nadu,Villupuram,Gingee(Uzhavar Sandhai ),Amaranthus,Amaranthus,Local,30-04-2025,4000,4000,4000
Tamil Nadu,Villupuram,Gingee(Uzhavar Sandhai ),Ashgourd,Gouard,Local,30-04-2025,1500,1500,1500
Tamil Nadu,Villupuram,Gingee(Uzhavar Sandhai ),Coconut,Coconut,Local,30-04-2025,5000,5000,5000
Tamil Nadu,Villupuram,Gingee(Uzhavar Sandhai ),Colacasia,Colacasia,Local,30-04-2025,7000,7000,7000
Tamil Nadu,Villupuram,Gingee(Uzhavar Sandhai ),Mango (Raw-Ripe),Mango - Raw-Ripe,Local,30-04-2025,4000,4000,4000
Tamil Nadu,Villupuram,Gingee(Uzhavar Sandhai ),Tender Coconut,Tender Coconut,Local,30-04-2025,2500,3000,3000
Tamil Nadu,Villupuram,Ulundurpettai,Drumstick,Drumstick,Local,30-04-2025,4000,4000,4000
Tamil Nadu,Villupuram,Ulundurpettai,Ginger(Green),Green Ginger,Local,30-04-2025,6000,6000,6000
Tamil Nadu,Villupuram,Ulundurpettai,Pumpkin,Pumpkin,Local,30-04-2025,3000,3000,3000
Tamil Nadu,Villupuram,Ulundurpettai,Raddish,Raddish,Local,30-04-2025,3000,3000,3000
Tamil Nadu,Villupuram,Ulundurpettai,Thondekai,Thondekai,Local,30-04-2025,6000,6000,6000
Tamil Nadu,Villupuram,Ulundurpettai,Yam (Ratalu),Yam (Ratalu),Local,30-04-2025,5000,5000,5000
Tamil Nadu,Virudhunagar,Aruppukottai(Uzhavar Sandhai ),Banana,Besrai,Local,30-04-2025,3500,4000,4000
Tamil Nadu,Virudhunagar,Aruppukottai(Uzhavar Sandhai ),Banana - Green,Banana - Green,Local,30-04-2025,3000,3500,3500
Tamil Nadu,Virudhunagar,Aruppukottai(Uzhavar Sandhai ),Cauliflower,Ranchi,Local,30-04-2025,3500,4000,4000
Tamil Nadu,Virudhunagar,Aruppukottai(Uzhavar Sandhai ),Chikoos(Sapota),Sapota,Local,30-04-2025,3500,4000,4000
Tamil Nadu,Virudhunagar,Aruppukottai(Uzhavar Sandhai ),Chow Chow,Chow Chow,Local,30-04-2025,3000,3500,3500
Tamil Nadu,Virudhunagar,Aruppukottai(Uzhavar Sandhai ),Elephant Yam (Suran),Elephant Yam (Suran),Local,30-04-2025,5500,6000,6000
Tamil Nadu,Virudhunagar,Aruppukottai(Uzhavar Sandhai ),Lime,Lime,Local,30-04-2025,15500,16000,16000
Tamil Nadu,Virudhunagar,Aruppukottai(Uzhavar Sandhai ),Onion,Bellary,Local,30-04-2025,2500,3000,3000
Tamil Nadu,Virudhunagar,Aruppukottai(Uzhavar Sandhai ),Onion Green,Onion Green,Local,30-04-2025,3500,4000,4000
Tamil Nadu,Virudhunagar,Aruppukottai(Uzhavar Sandhai ),Raddish,Raddish,Local,30-04-2025,2500,3000,3000
Tamil Nadu,Virudhunagar,Aruppukottai(Uzhavar Sandhai ),Sweet Potato,Hosur Red,Local,30-04-2025,3500,4000,4000
Tamil Nadu,Virudhunagar,Aruppukottai(Uzhavar Sandhai ),Yam (Ratalu),Yam (Ratalu),Local,30-04-2025,7500,8000,8000
Tamil Nadu,Virudhunagar,Kariyapatti(Uzhavar Sandhai ),Mint(Pudina),Mint(Pudina),Local,30-04-2025,3500,4000,4000
Tamil Nadu,Virudhunagar,Kariyapatti(Uzhavar Sandhai ),Onion Green,Onion Green,Local,30-04-2025,3500,4000,4000
Tamil Nadu,Virudhunagar,Kariyapatti(Uzhavar Sandhai ),Pumpkin,Pumpkin,Local,30-04-2025,2000,2500,2500
Tamil Nadu,Virudhunagar,Rajapalayam(Uzhavar Sandhai ),Banana,Besrai,Local,30-04-2025,3500,4000,4000
Tamil Nadu,Virudhunagar,Rajapalayam(Uzhavar Sandhai ),Bitter gourd,Bitter Gourd,Local,30-04-2025,5000,6000,6000
Tamil Nadu,Virudhunagar,Rajapalayam(Uzhavar Sandhai ),Bottle gourd,Bottle Gourd,Local,30-04-2025,1000,1500,1500
Tamil Nadu,Virudhunagar,Rajapalayam(Uzhavar Sandhai ),Chikoos(Sapota),Sapota,Local,30-04-2025,3000,3600,3600
Tamil Nadu,Virudhunagar,Rajapalayam(Uzhavar Sandhai ),Cluster beans,Cluster Beans,Local,30-04-2025,2500,3000,3000
Tamil Nadu,Virudhunagar,Sathur(Uzhavar Sandhai ),Beans,Beans (Whole),Local,30-04-2025,8000,9000,9000
Tamil Nadu,Virudhunagar,Sathur(Uzhavar Sandhai ),Bitter gourd,Bitter Gourd,Local,30-04-2025,5000,6000,6000
Tamil Nadu,Virudhunagar,Sathur(Uzhavar Sandhai ),Chow Chow,Chow Chow,Local,30-04-2025,2000,2500,2500
Tamil Nadu,Virudhunagar,Sathur(Uzhavar Sandhai ),Coriander(Leaves),I Sort,Local,30-04-2025,6000,6500,6500
Tamil Nadu,Virudhunagar,Sathur(Uzhavar Sandhai ),Drumstick,Drumstick,Local,30-04-2025,4000,5000,5000
Tamil Nadu,Virudhunagar,Sathur(Uzhavar Sandhai ),Green Avare (W),Avare (W),Local,30-04-2025,8000,9000,9000
Tamil Nadu,Virudhunagar,Sathur(Uzhavar Sandhai ),Pumpkin,Pumpkin,Local,30-04-2025,1700,2000,2000
Tamil Nadu,Virudhunagar,Sivakasi(Uzhavar Sandhai ),Ashgourd,Gouard,Local,30-04-2025,1800,2000,2000
Tamil Nadu,Virudhunagar,Sivakasi(Uzhavar Sandhai ),Bhindi(Ladies Finger),Bhindi,Local,30-04-2025,1400,1500,1500
Tamil Nadu,Virudhunagar,Sivakasi(Uzhavar Sandhai ),Cabbage,Cabbage,Local,30-04-2025,1400,1500,1500
Tamil Nadu,Virudhunagar,Sivakasi(Uzhavar Sandhai ),Carrot,Pusakesar,Local,30-04-2025,2800,3000,3000
Tamil Nadu,Virudhunagar,Sivakasi(Uzhavar Sandhai ),Chikoos(Sapota),Sapota,Local,30-04-2025,3800,4000,4000
Tamil Nadu,Virudhunagar,Sivakasi(Uzhavar Sandhai ),Drumstick,Drumstick,Local,30-04-2025,3800,4000,4000
Tamil Nadu,Virudhunagar,Sivakasi(Uzhavar Sandhai ),Elephant Yam (Suran),Elephant Yam (Suran),Local,30-04-2025,5000,5500,5500
Tamil Nadu,Virudhunagar,Sivakasi(Uzhavar Sandhai ),Potato,(Red Nanital),Local,30-04-2025,4200,4500,4500
Tamil Nadu,Virudhunagar,Sivakasi(Uzhavar Sandhai ),Tomato,Deshi,Local,30-04-2025,1800,2000,2000
Tamil Nadu,Virudhunagar,Srivilliputhur(Uzhavar Sandhai ),Amaranthus,Amaranthus,Local,30-04-2025,2700,3000,3000
Tamil Nadu,Virudhunagar,Srivilliputhur(Uzhavar Sandhai ),Ashgourd,Gouard,Local,30-04-2025,1800,2000,2000
Tamil Nadu,Virudhunagar,Srivilliputhur(Uzhavar Sandhai ),Chow Chow,Chow Chow,Local,30-04-2025,1800,2000,2000
Tamil Nadu,Virudhunagar,Srivilliputhur(Uzhavar Sandhai ),Drumstick,Drumstick,Local,30-04-2025,4500,5000,5000
Tamil Nadu,Virudhunagar,Srivilliputhur(Uzhavar Sandhai ),Ginger(Green),Green Ginger,Local,30-04-2025,4500,5000,5000
Tamil Nadu,Virudhunagar,Srivilliputhur(Uzhavar Sandhai ),Guava,Guava Alahabad,Local,30-04-2025,3500,4000,4000
Tamil Nadu,Virudhunagar,Srivilliputhur(Uzhavar Sandhai ),Mint(Pudina),Mint(Pudina),Local,30-04-2025,3500,4000,4000
Tamil Nadu,Virudhunagar,Srivilliputhur(Uzhavar Sandhai ),Pumpkin,Pumpkin,Local,30-04-2025,1800,2000,2000
Tamil Nadu,Virudhunagar,Srivilliputhur(Uzhavar Sandhai ),Raddish,Raddish,Local,30-04-2025,2500,3000,3000
Tamil Nadu,Virudhunagar,Virudhunagar(Uzhavar Sandhai ),Ashgourd,Gouard,Local,30-04-2025,2000,2500,2500
Tamil Nadu,Virudhunagar,Virudhunagar(Uzhavar Sandhai ),Banana,Besrai,Local,30-04-2025,4000,4500,4500
Tamil Nadu,Virudhunagar,Virudhunagar(Uzhavar Sandhai ),Bottle gourd,Bottle Gourd,Local,30-04-2025,1800,2000,2000
Tamil Nadu,Virudhunagar,Virudhunagar(Uzhavar Sandhai ),Green Avare (W),Avare (W),Local,30-04-2025,8500,9000,9000
Tamil Nadu,Virudhunagar,Virudhunagar(Uzhavar Sandhai ),Green Chilli,Green Chilly,Local,30-04-2025,3000,3500,3500
Tamil Nadu,Virudhunagar,Virudhunagar(Uzhavar Sandhai ),Onion,Bellary,Local,30-04-2025,2500,3000,3000
Tamil Nadu,Virudhunagar,Virudhunagar(Uzhavar Sandhai ),Papaya,Papaya,Local,30-04-2025,2000,2500,2500
Uttar Pradesh,Bulandshahar,Gulavati,Brinjal,Other,FAQ,30-04-2025,600,800,700
Uttar Pradesh,Bulandshahar,Gulavati,Lemon,Other,FAQ,30-04-2025,10000,10200,10100
Uttar Pradesh,Bulandshahar,Gulavati,Pumpkin,Other,FAQ,30-04-2025,700,800,750
Uttar Pradesh,Hathras,Shadabad,Tomato,Deshi,FAQ,30-04-2025,900,1000,950
Uttar Pradesh,Mau(Maunathbhanjan),Kopaganj,Tomato,Hybrid,FAQ,30-04-2025,500,600,550
Uttar Pradesh,Prayagraj,Jasra,Onion,Red,FAQ,30-04-2025,1200,1350,1275
Uttar Pradesh,Shamli,Kairana,Brinjal,Round/Long,FAQ,30-04-2025,700,800,750
Uttar Pradesh,Shamli,Kairana,Carrot,Carrot,FAQ,30-04-2025,1500,1600,1550
Uttrakhand,Haridwar,Roorkee,Onion,Other,FAQ,30-04-2025,2000,4000,3000
